{
  "vertices": [
    [
      3.906326,
      5.112102,
      2.451707
    ],
    [
      3.895866,
      5.202111,
      2.60068
    ],
    [
      3.901138,
      5.318189,
      2.402886
    ],
    [
      3.916901,
      4.954112,
      2.524312
    ],
    [
      3.893048,
      5.027215,
      2.657333
    ],
    [
      3.913172,
      5.151835,
      2.307874
    ],
    [
      3.895781,
      5.414929,
      2.340115
    ],
    [
      3.909824,
      5.37926,
      2.480726
    ],
    [
      3.999235,
      5.420166,
      2.453159
    ],
    [
      3.904189,
      4.95295,
      2.607255
    ],
    [
      3.94853,
      5.125443,
      2.682946
    ],
    [
      3.927227,
      5.275464,
      2.357295
    ],
    [
      3.922663,
      5.294678,
      2.161925
    ],
    [
      3.995961,
      5.119337,
      2.366946
    ],
    [
      3.986499,
      5.365296,
      2.271787
    ],
    [
      3.977481,
      5.017619,
      2.722311
    ],
    [
      4.061217,
      4.980194,
      2.683977
    ],
    [
      4.00737,
      5.238373,
      2.243741
    ],
    [
      4.057631,
      5.316943,
      2.480018
    ],
    [
      4.077841,
      5.017859,
      2.592234
    ],
    [
      4.076604,
      5.114206,
      2.648174
    ],
    [
      4.012282,
      5.245432,
      2.599544
    ],
    [
      4.106503,
      5.211398,
      2.320497
    ],
    [
      4.06669,
      5.371601,
      2.216769
    ],
    [
      4.095472,
      5.121681,
      2.48805
    ],
    [
      4.007041,
      5.040938,
      2.472997
    ],
    [
      4.046033,
      5.39336,
      2.315939
    ],
    [
      4.102601,
      5.231552,
      2.46104
    ],
    [
      4.099057,
      5.296855,
      2.287886
    ]
  ],
  "faces": [
    [
      4,
      0,
      9
    ],
    [
      1,
      0,
      4
    ],
    [
      1,
      4,
      10
    ],
    [
      11,
      0,
      2
    ],
    [
      2,
      0,
      1
    ],
    [
      6,
      2,
      7
    ],
    [
      0,
      25,
      3
    ],
    [
      0,
      3,
      9
    ],
    [
      11,
      5,
      0
    ],
    [
      11,
      12,
      5
    ],
    [
      2,
      1,
      7
    ],
    [
      13,
      25,
      0
    ],
    [
      4,
      15,
      10
    ],
    [
      17,
      5,
      12
    ],
    [
      7,
      1,
      21
    ],
    [
      6,
      11,
      2
    ],
    [
      8,
      6,
      7
    ],
    [
      25,
      19,
      3
    ],
    [
      15,
      4,
      9
    ],
    [
      13,
      0,
      5
    ],
    [
      20,
      1,
      10
    ],
    [
      12,
      11,
      14
    ],
    [
      14,
      11,
      6
    ],
    [
      20,
      21,
      1
    ],
    [
      9,
      3,
      16
    ],
    [
      12,
      23,
      17
    ],
    [
      23,
      12,
      14
    ],
    [
      26,
      14,
      6
    ],
    [
      16,
      15,
      9
    ],
    [
      5,
      17,
      13
    ],
    [
      7,
      21,
      8
    ],
    [
      8,
      26,
      6
    ],
    [
      3,
      19,
      16
    ],
    [
      15,
      16,
      10
    ],
    [
      8,
      21,
      18
    ],
    [
      23,
      14,
      26
    ],
    [
      10,
      16,
      20
    ],
    [
      13,
      24,
      25
    ],
    [
      13,
      17,
      22
    ],
    [
      17,
      23,
      28
    ],
    [
      26,
      8,
      18
    ],
    [
      16,
      19,
      20
    ],
    [
      19,
      25,
      24
    ],
    [
      13,
      22,
      24
    ],
    [
      18,
      21,
      20
    ],
    [
      26,
      18,
      28
    ],
    [
      24,
      27,
      20
    ],
    [
      17,
      28,
      22
    ],
    [
      27,
      18,
      20
    ],
    [
      28,
      23,
      26
    ],
    [
      24,
      20,
      19
    ],
    [
      22,
      27,
      24
    ],
    [
      27,
      22,
      28
    ],
    [
      27,
      28,
      18
    ]
  ]
}