{
  "vertices": [
    [
      3.720844,
      5.249582,
      2.460577
    ],
    [
      3.721452,
      5.289218,
      2.270212
    ],
    [
      3.727954,
      5.162663,
      2.423269
    ],
    [
      3.735391,
      5.005038,
      2.647101
    ],
    [
      3.800453,
      5.043666,
      2.493025
    ],
    [
      3.9057,
      5.147625,
      2.305358
    ],
    [
      3.794196,
      5.34717,
      2.536366
    ],
    [
      3.757189,
      5.037342,
      2.694253
    ],
    [
      3.768926,
      5.328864,
      2.373518
    ],
    [
      3.753414,
      5.201277,
      2.5654
    ],
    [
      3.799351,
      5.417632,
      2.383592
    ],
    [
      3.785719,
      5.091275,
      2.421239
    ],
    [
      3.889289,
      5.227573,
      2.62496
    ],
    [
      3.887253,
      5.328216,
      2.13845
    ],
    [
      3.801742,
      5.387555,
      2.23823
    ],
    [
      3.868847,
      4.953079,
      2.549609
    ],
    [
      3.842866,
      4.96397,
      2.691486
    ],
    [
      3.814476,
      5.275399,
      2.205167
    ],
    [
      3.905784,
      5.078105,
      2.392841
    ],
    [
      3.87906,
      5.423906,
      2.390787
    ],
    [
      3.878789,
      5.114363,
      2.673538
    ],
    [
      3.906135,
      5.305857,
      2.436745
    ],
    [
      3.868888,
      5.358734,
      2.293646
    ],
    [
      3.875965,
      5.408616,
      2.478366
    ],
    [
      3.896696,
      4.980015,
      2.593423
    ],
    [
      3.898923,
      5.148806,
      2.459883
    ],
    [
      3.900609,
      5.264927,
      2.387652
    ],
    [
      3.910607,
      5.320613,
      2.525701
    ]
  ],
  "faces": [
    [
      1,
      2,
      0
    ],
    [
      9,
      2,
      3
    ],
    [
      3,
      7,
      9
    ],
    [
      0,
      2,
      9
    ],
    [
      1,
      0,
      8
    ],
    [
      2,
      11,
      4
    ],
    [
      2,
      4,
      3
    ],
    [
      2,
      1,
      5
    ],
    [
      0,
      6,
      8
    ],
    [
      6,
      0,
      9
    ],
    [
      8,
      14,
      1
    ],
    [
      7,
      20,
      9
    ],
    [
      5,
      11,
      2
    ],
    [
      14,
      17,
      1
    ],
    [
      14,
      8,
      10
    ],
    [
      3,
      4,
      15
    ],
    [
      20,
      12,
      9
    ],
    [
      10,
      8,
      6
    ],
    [
      16,
      3,
      15
    ],
    [
      13,
      17,
      14
    ],
    [
      6,
      23,
      10
    ],
    [
      3,
      16,
      7
    ],
    [
      1,
      17,
      5
    ],
    [
      6,
      9,
      12
    ],
    [
      19,
      14,
      10
    ],
    [
      19,
      10,
      23
    ],
    [
      16,
      20,
      7
    ],
    [
      23,
      6,
      27
    ],
    [
      19,
      22,
      14
    ],
    [
      16,
      15,
      24
    ],
    [
      4,
      11,
      18
    ],
    [
      18,
      11,
      5
    ],
    [
      12,
      27,
      6
    ],
    [
      20,
      16,
      24
    ],
    [
      15,
      4,
      18
    ],
    [
      24,
      12,
      20
    ],
    [
      24,
      25,
      12
    ],
    [
      25,
      21,
      12
    ],
    [
      25,
      26,
      21
    ],
    [
      13,
      5,
      17
    ],
    [
      13,
      14,
      22
    ],
    [
      19,
      23,
      21
    ],
    [
      24,
      15,
      18
    ],
    [
      18,
      25,
      24
    ],
    [
      18,
      5,
      25
    ],
    [
      5,
      26,
      25
    ],
    [
      21,
      27,
      12
    ],
    [
      5,
      13,
      26
    ],
    [
      13,
      22,
      26
    ],
    [
      22,
      21,
      26
    ],
    [
      21,
      23,
      27
    ],
    [
      21,
      22,
      19
    ]
  ]
}