{
  "vertices": [
    [
      3.518781,
      5.304876,
      1.9598
    ],
    [
      3.514846,
      5.200774,
      2.334207
    ],
    [
      3.507299,
      5.203959,
      2.178095
    ],
    [
      3.5407,
      5.311142,
      2.128248
    ],
    [
      3.53956,
      5.040404,
      2.407165
    ],
    [
      3.525395,
      5.084329,
      2.288779
    ],
    [
      3.524548,
      5.14005,
      2.076044
    ],
    [
      3.583134,
      5.01314,
      2.198753
    ],
    [
      3.560948,
      5.121559,
      2.063245
    ],
    [
      3.590897,
      5.249483,
      1.940395
    ],
    [
      3.603304,
      5.323227,
      2.088306
    ],
    [
      3.677234,
      5.105584,
      2.426102
    ],
    [
      3.655203,
      5.007499,
      2.384742
    ],
    [
      3.608721,
      5.085679,
      2.135019
    ],
    [
      3.575159,
      5.291009,
      2.292943
    ],
    [
      3.626264,
      5.367801,
      2.189365
    ],
    [
      3.625192,
      5.214081,
      2.379563
    ],
    [
      3.650504,
      4.984042,
      2.219844
    ],
    [
      3.697095,
      5.139979,
      2.236289
    ],
    [
      3.708025,
      5.28253,
      2.247962
    ],
    [
      3.721442,
      5.147972,
      2.382455
    ]
  ],
  "faces": [
    [
      2,
      5,
      1
    ],
    [
      0,
      6,
      2
    ],
    [
      0,
      2,
      3
    ],
    [
      6,
      5,
      2
    ],
    [
      1,
      14,
      2
    ],
    [
      3,
      2,
      14
    ],
    [
      14,
      1,
      16
    ],
    [
      5,
      17,
      4
    ],
    [
      5,
      4,
      16
    ],
    [
      16,
      1,
      5
    ],
    [
      0,
      9,
      6
    ],
    [
      3,
      10,
      0
    ],
    [
      5,
      7,
      17
    ],
    [
      6,
      8,
      7
    ],
    [
      6,
      7,
      5
    ],
    [
      4,
      11,
      16
    ],
    [
      0,
      10,
      9
    ],
    [
      3,
      14,
      15
    ],
    [
      15,
      10,
      3
    ],
    [
      13,
      7,
      8
    ],
    [
      6,
      9,
      8
    ],
    [
      9,
      10,
      8
    ],
    [
      12,
      4,
      17
    ],
    [
      13,
      17,
      7
    ],
    [
      4,
      12,
      11
    ],
    [
      10,
      13,
      8
    ],
    [
      18,
      10,
      19
    ],
    [
      17,
      13,
      18
    ],
    [
      10,
      18,
      13
    ],
    [
      10,
      15,
      19
    ],
    [
      14,
      19,
      15
    ],
    [
      17,
      18,
      12
    ],
    [
      20,
      16,
      11
    ],
    [
      19,
      14,
      16
    ],
    [
      11,
      12,
      18
    ],
    [
      20,
      11,
      18
    ],
    [
      20,
      19,
      16
    ],
    [
      18,
      19,
      20
    ]
  ]
}