{
  "vertices": [
    [
      4.074052,
      5.150558,
      2.355634
    ],
    [
      4.082385,
      5.237678,
      2.27936
    ],
    [
      4.133296,
      5.175769,
      2.234272
    ],
    [
      4.149654,
      5.180754,
      2.401781
    ],
    [
      4.141088,
      5.070747,
      2.356779
    ],
    [
      4.122413,
      5.312196,
      2.276797
    ],
    [
      4.192005,
      4.98415,
      2.191934
    ],
    [
      4.17932,
      5.005997,
      2.440878
    ],
    [
      4.218499,
      5.085152,
      2.122132
    ],
    [
      4.299528,
      5.230708,
      2.341986
    ],
    [
      4.225966,
      5.328286,
      2.236354
    ],
    [
      4.1864,
      5.343769,
      2.164027
    ],
    [
      4.187753,
      5.19407,
      2.168428
    ],
    [
      4.25722,
      4.989248,
      2.286431
    ],
    [
      4.275674,
      5.219477,
      1.98167
    ],
    [
      4.322818,
      5.246404,
      2.14177
    ],
    [
      4.256308,
      5.332503,
      2.085874
    ],
    [
      4.281738,
      5.007324,
      2.450362
    ],
    [
      4.298791,
      5.131855,
      2.417697
    ],
    [
      4.318066,
      5.063072,
      2.236218
    ],
    [
      4.308557,
      5.126383,
      2.081442
    ],
    [
      4.315397,
      5.207987,
      2.287619
    ]
  ],
  "faces": [
    [
      3,
      1,
      0
    ],
    [
      3,
      0,
      4
    ],
    [
      2,
      4,
      0
    ],
    [
      1,
      2,
      0
    ],
    [
      1,
      5,
      2
    ],
    [
      3,
      5,
      1
    ],
    [
      5,
      11,
      2
    ],
    [
      12,
      2,
      11
    ],
    [
      2,
      6,
      4
    ],
    [
      3,
      4,
      7
    ],
    [
      6,
      7,
      4
    ],
    [
      2,
      12,
      6
    ],
    [
      8,
      6,
      12
    ],
    [
      3,
      9,
      5
    ],
    [
      9,
      10,
      5
    ],
    [
      10,
      11,
      5
    ],
    [
      3,
      7,
      18
    ],
    [
      3,
      18,
      9
    ],
    [
      16,
      8,
      12
    ],
    [
      6,
      13,
      7
    ],
    [
      6,
      8,
      20
    ],
    [
      16,
      14,
      8
    ],
    [
      11,
      16,
      12
    ],
    [
      11,
      10,
      16
    ],
    [
      13,
      17,
      7
    ],
    [
      6,
      20,
      19
    ],
    [
      18,
      7,
      17
    ],
    [
      13,
      6,
      19
    ],
    [
      8,
      14,
      20
    ],
    [
      9,
      21,
      10
    ],
    [
      10,
      21,
      15
    ],
    [
      16,
      10,
      15
    ],
    [
      17,
      13,
      19
    ],
    [
      17,
      19,
      18
    ],
    [
      9,
      18,
      21
    ],
    [
      16,
      15,
      14
    ],
    [
      20,
      15,
      19
    ],
    [
      15,
      21,
      19
    ],
    [
      19,
      21,
      18
    ],
    [
      15,
      20,
      14
    ]
  ]
}