{
  "vertices": [
    [
      3.55163,
      4.797581,
      2.431725
    ],
    [
      3.577024,
      4.618095,
      2.492508
    ],
    [
      3.589593,
      4.776463,
      2.319299
    ],
    [
      3.560535,
      4.670154,
      2.631136
    ],
    [
      3.668409,
      4.578818,
      2.645189
    ],
    [
      3.632904,
      4.746633,
      2.649111
    ],
    [
      3.641604,
      4.876292,
      2.327893
    ],
    [
      3.561394,
      4.793745,
      2.550331
    ],
    [
      3.652593,
      4.507047,
      2.52159
    ],
    [
      3.675358,
      4.616071,
      2.375864
    ],
    [
      3.742248,
      4.73779,
      2.262636
    ],
    [
      3.728557,
      4.650754,
      2.28987
    ],
    [
      3.736909,
      4.509955,
      2.594636
    ],
    [
      3.765922,
      4.534157,
      2.43098
    ],
    [
      3.665556,
      4.877987,
      2.52513
    ],
    [
      3.763563,
      4.884582,
      2.409318
    ],
    [
      3.819466,
      4.574525,
      2.620147
    ],
    [
      3.77844,
      4.809471,
      2.588942
    ],
    [
      3.805596,
      4.73592,
      2.64123
    ],
    [
      3.834988,
      4.855208,
      2.48247
    ],
    [
      3.852743,
      4.770754,
      2.376678
    ],
    [
      3.85436,
      4.609289,
      2.433435
    ],
    [
      3.855116,
      4.663961,
      2.574421
    ],
    [
      3.833034,
      4.689335,
      2.342696
    ],
    [
      3.869056,
      4.793118,
      2.533516
    ],
    [
      3.879721,
      4.702037,
      2.477971
    ]
  ],
  "faces": [
    [
      1,
      3,
      0
    ],
    [
      0,
      3,
      7
    ],
    [
      2,
      1,
      0
    ],
    [
      3,
      5,
      7
    ],
    [
      14,
      0,
      7
    ],
    [
      6,
      2,
      0
    ],
    [
      3,
      1,
      8
    ],
    [
      14,
      6,
      0
    ],
    [
      4,
      3,
      8
    ],
    [
      3,
      4,
      5
    ],
    [
      1,
      9,
      8
    ],
    [
      2,
      9,
      1
    ],
    [
      4,
      8,
      12
    ],
    [
      2,
      11,
      9
    ],
    [
      10,
      2,
      6
    ],
    [
      10,
      11,
      2
    ],
    [
      5,
      17,
      7
    ],
    [
      14,
      7,
      17
    ],
    [
      9,
      13,
      8
    ],
    [
      15,
      10,
      6
    ],
    [
      14,
      15,
      6
    ],
    [
      13,
      12,
      8
    ],
    [
      13,
      9,
      11
    ],
    [
      12,
      16,
      4
    ],
    [
      16,
      5,
      4
    ],
    [
      5,
      18,
      17
    ],
    [
      19,
      14,
      17
    ],
    [
      18,
      5,
      16
    ],
    [
      16,
      12,
      13
    ],
    [
      11,
      21,
      13
    ],
    [
      10,
      23,
      11
    ],
    [
      23,
      10,
      20
    ],
    [
      20,
      10,
      15
    ],
    [
      15,
      14,
      19
    ],
    [
      16,
      22,
      18
    ],
    [
      11,
      23,
      21
    ],
    [
      17,
      18,
      24
    ],
    [
      16,
      13,
      21
    ],
    [
      24,
      18,
      22
    ],
    [
      19,
      20,
      15
    ],
    [
      24,
      19,
      17
    ],
    [
      21,
      22,
      16
    ],
    [
      21,
      23,
      25
    ],
    [
      21,
      25,
      22
    ],
    [
      23,
      20,
      25
    ],
    [
      25,
      20,
      24
    ],
    [
      24,
      22,
      25
    ],
    [
      20,
      19,
      24
    ]
  ]
}