{
  "vertices": [
    [
      3.98981,
      4.586584,
      2.474604
    ],
    [
      3.967246,
      4.737148,
      2.418262
    ],
    [
      3.996815,
      4.713022,
      2.623477
    ],
    [
      4.032519,
      4.544881,
      2.621347
    ],
    [
      3.987829,
      4.675176,
      2.354261
    ],
    [
      4.050837,
      4.743788,
      2.297659
    ],
    [
      4.001697,
      4.831113,
      2.443713
    ],
    [
      4.103884,
      4.553164,
      2.393937
    ],
    [
      4.081479,
      4.839055,
      2.356537
    ],
    [
      4.071045,
      4.745761,
      2.647823
    ],
    [
      4.057573,
      4.84174,
      2.542481
    ],
    [
      4.074129,
      4.870599,
      2.502138
    ],
    [
      4.099507,
      4.488978,
      2.478273
    ],
    [
      4.119288,
      4.639726,
      2.298935
    ],
    [
      4.190424,
      4.734752,
      2.647987
    ],
    [
      4.221249,
      4.844123,
      2.531458
    ],
    [
      4.209172,
      4.49508,
      2.549824
    ],
    [
      4.194365,
      4.571977,
      2.648084
    ],
    [
      4.199592,
      4.769971,
      2.290225
    ],
    [
      4.184026,
      4.876211,
      2.386363
    ],
    [
      4.217153,
      4.632868,
      2.399277
    ],
    [
      4.252867,
      4.781754,
      2.339409
    ],
    [
      4.263076,
      4.573447,
      2.5228
    ],
    [
      4.2823,
      4.639648,
      2.63403
    ],
    [
      4.289175,
      4.761651,
      2.426567
    ]
  ],
  "faces": [
    [
      4,
      0,
      1
    ],
    [
      2,
      1,
      0
    ],
    [
      6,
      1,
      2
    ],
    [
      10,
      6,
      2
    ],
    [
      0,
      3,
      2
    ],
    [
      5,
      4,
      1
    ],
    [
      6,
      8,
      5
    ],
    [
      5,
      1,
      6
    ],
    [
      7,
      12,
      0
    ],
    [
      3,
      0,
      12
    ],
    [
      0,
      13,
      7
    ],
    [
      4,
      13,
      0
    ],
    [
      13,
      4,
      5
    ],
    [
      9,
      10,
      2
    ],
    [
      6,
      11,
      8
    ],
    [
      6,
      10,
      11
    ],
    [
      17,
      2,
      3
    ],
    [
      9,
      2,
      17
    ],
    [
      9,
      15,
      10
    ],
    [
      11,
      19,
      8
    ],
    [
      12,
      16,
      3
    ],
    [
      9,
      14,
      15
    ],
    [
      14,
      9,
      17
    ],
    [
      5,
      18,
      13
    ],
    [
      15,
      11,
      10
    ],
    [
      7,
      20,
      12
    ],
    [
      20,
      16,
      12
    ],
    [
      8,
      18,
      5
    ],
    [
      3,
      16,
      17
    ],
    [
      7,
      13,
      20
    ],
    [
      23,
      14,
      17
    ],
    [
      18,
      8,
      19
    ],
    [
      11,
      15,
      19
    ],
    [
      18,
      20,
      13
    ],
    [
      19,
      21,
      18
    ],
    [
      19,
      15,
      24
    ],
    [
      16,
      22,
      23
    ],
    [
      16,
      23,
      17
    ],
    [
      22,
      16,
      20
    ],
    [
      21,
      20,
      18
    ],
    [
      15,
      14,
      23
    ],
    [
      21,
      22,
      20
    ],
    [
      21,
      24,
      22
    ],
    [
      23,
      22,
      24
    ],
    [
      21,
      19,
      24
    ],
    [
      24,
      15,
      23
    ]
  ]
}