{
  "vertices": [
    [
      4.184916,
      4.287375,
      2.490325
    ],
    [
      4.189149,
      4.382426,
      2.519838
    ],
    [
      4.155165,
      4.38156,
      2.401974
    ],
    [
      4.269532,
      4.402518,
      2.599591
    ],
    [
      4.328263,
      4.2897,
      2.616412
    ],
    [
      4.263308,
      4.504675,
      2.441005
    ],
    [
      4.352502,
      4.568879,
      2.533847
    ],
    [
      4.27788,
      4.306341,
      2.414902
    ],
    [
      4.346721,
      4.394405,
      2.659347
    ],
    [
      4.386655,
      4.547199,
      2.477709
    ],
    [
      4.413021,
      4.314593,
      2.608391
    ],
    [
      4.469347,
      4.373192,
      2.659215
    ],
    [
      4.424884,
      4.51869,
      2.631097
    ],
    [
      4.4347,
      4.414129,
      2.479793
    ],
    [
      4.499061,
      4.461455,
      2.654383
    ],
    [
      4.452585,
      4.538971,
      2.559114
    ]
  ],
  "faces": [
    [
      0,
      2,
      7
    ],
    [
      2,
      0,
      1
    ],
    [
      5,
      2,
      1
    ],
    [
      3,
      5,
      1
    ],
    [
      0,
      4,
      1
    ],
    [
      4,
      3,
      1
    ],
    [
      3,
      6,
      5
    ],
    [
      0,
      7,
      4
    ],
    [
      2,
      5,
      7
    ],
    [
      6,
      3,
      8
    ],
    [
      10,
      4,
      7
    ],
    [
      5,
      6,
      9
    ],
    [
      8,
      3,
      10
    ],
    [
      3,
      4,
      10
    ],
    [
      13,
      5,
      9
    ],
    [
      7,
      13,
      10
    ],
    [
      5,
      13,
      7
    ],
    [
      6,
      8,
      12
    ],
    [
      14,
      8,
      11
    ],
    [
      6,
      15,
      9
    ],
    [
      10,
      11,
      8
    ],
    [
      14,
      12,
      8
    ],
    [
      6,
      12,
      15
    ],
    [
      13,
      11,
      10
    ],
    [
      9,
      15,
      13
    ],
    [
      14,
      11,
      13
    ],
    [
      15,
      14,
      13
    ],
    [
      15,
      12,
      14
    ]
  ]
}