{
  "vertices": [
    [
      3.345783,
      4.542419,
      2.633306
    ],
    [
      3.37769,
      4.462271,
      2.528244
    ],
    [
      3.398701,
      4.370563,
      2.663758
    ],
    [
      3.393297,
      4.577651,
      2.545431
    ],
    [
      3.447475,
      4.428983,
      2.461153
    ],
    [
      3.522157,
      4.325211,
      2.517077
    ],
    [
      3.478645,
      4.465924,
      2.656727
    ],
    [
      3.492652,
      4.592795,
      2.478873
    ],
    [
      3.546537,
      4.307793,
      2.606907
    ],
    [
      3.474516,
      4.549977,
      2.600157
    ],
    [
      3.540403,
      4.346291,
      2.433079
    ],
    [
      3.614706,
      4.500329,
      2.484263
    ],
    [
      3.613518,
      4.436204,
      2.559632
    ],
    [
      3.584879,
      4.488247,
      2.431703
    ],
    [
      3.665332,
      4.289297,
      2.491903
    ],
    [
      3.686279,
      4.364124,
      2.424188
    ]
  ],
  "faces": [
    [
      2,
      0,
      1
    ],
    [
      6,
      0,
      2
    ],
    [
      0,
      3,
      1
    ],
    [
      1,
      3,
      7
    ],
    [
      3,
      0,
      9
    ],
    [
      1,
      4,
      5
    ],
    [
      6,
      9,
      0
    ],
    [
      5,
      8,
      2
    ],
    [
      1,
      5,
      2
    ],
    [
      4,
      10,
      5
    ],
    [
      7,
      4,
      1
    ],
    [
      3,
      9,
      7
    ],
    [
      4,
      7,
      13
    ],
    [
      8,
      6,
      2
    ],
    [
      4,
      13,
      10
    ],
    [
      12,
      9,
      6
    ],
    [
      11,
      7,
      9
    ],
    [
      14,
      8,
      5
    ],
    [
      12,
      6,
      8
    ],
    [
      9,
      12,
      11
    ],
    [
      10,
      14,
      5
    ],
    [
      7,
      11,
      13
    ],
    [
      14,
      10,
      15
    ],
    [
      13,
      15,
      10
    ],
    [
      12,
      8,
      14
    ],
    [
      11,
      12,
      15
    ],
    [
      15,
      13,
      11
    ],
    [
      15,
      12,
      14
    ]
  ]
}