{
  "19": -1.1664078548320145,
  "20": -1.1749864353799861,
  "21": -1.1840049431355462,
  "22": -1.1934633780986945,
  "23": -1.203361740269431,
  "24": -1.2137000296477558,
  "25": -1.224478246233669,
  "26": -1.2356963900271705,
  "27": -1.24735446102826,
  "28": -1.2594524592369383,
  "29": -1.2719903846532046,
  "30": -1.284968237277059,
  "31": -1.298386017108502,
  "32": -1.312243724147533,
  "33": -1.3265413583941528,
  "34": -1.3412789198483606,
  "35": -1.3564564085101565,
  "36": -1.372073824379541,
  "37": -1.3881311674565135,
  "38": -1.4046284377410743,
  "39": -1.4215656352332235,
  "40": -1.438942759932961,
  "41": -1.456759811840287,
  "42": -1.475016790955201,
  "43": -1.4937136972777036,
  "44": -1.512850530807794,
  "45": -1.5324272915454733,
  "46": -1.5524439794907403,
  "47": -1.5729005946435959,
  "48": -1.5937971370040396,
  "49": -1.6151336065720718,
  "50": -1.6369100033476922,
  "51": -1.6591263273309012,
  "52": -1.6817825785216982,
  "53": -1.7048787569200834,
  "54": -1.7284148625260571,
  "55": -1.752390895339619,
  "56": -1.776806855360769,
  "57": -1.8016627425895075,
  "58": -1.8269585570258342,
  "59": -1.8526942986697494,
  "60": -1.8788699675212528,
  "61": -1.9054855635803443,
  "62": -1.9325410868470243,
  "63": -1.9600365373212925,
  "64": -1.9879719150031492,
  "65": -2.016347219892594,
  "66": -2.045162451989627,
  "67": -2.0744176112942485,
  "68": -2.104112697806458,
  "69": -2.134247711526256,
  "70": -2.1648226524536422,
  "71": -2.1958375205886167,
  "72": -2.2272923159311797,
  "73": -2.259187038481331,
  "74": -2.29152168823907,
  "75": -2.324296265204398,
  "76": -2.357510769377314,
  "77": -2.3911652007578184,
  "78": -2.425259559345911,
  "79": -2.4597938451415917,
  "80": -2.494768058144861
}