{
  "19": 10.511571792362176,
  "20": 10.470504160000637,
  "21": 10.427330495210303,
  "22": 10.382050797991171,
  "23": 10.334665068343243,
  "24": 10.285173306266518,
  "25": 10.233575511760996,
  "26": 10.179871684826677,
  "27": 10.124061825463562,
  "28": 10.066145933671649,
  "29": 10.006124009450941,
  "30": 9.943996052801435,
  "31": 9.879762063723131,
  "32": 9.813422042216033,
  "33": 9.744975988280135,
  "34": 9.674423901915443,
  "35": 9.601765783121952,
  "36": 9.527001631899665,
  "37": 9.450131448248582,
  "38": 9.371155232168702,
  "39": 9.290072983660025,
  "40": 9.20688470272255,
  "41": 9.12159038935628,
  "42": 9.034190043561212,
  "43": 8.944683665337347,
  "44": 8.853071254684686,
  "45": 8.759352811603227,
  "46": 8.663528336092973,
  "47": 8.565597828153921,
  "48": 8.465561287786072,
  "49": 8.363418714989427,
  "50": 8.259170109763986,
  "51": 8.152815472109745,
  "52": 8.04435480202671,
  "53": 7.933788099514877,
  "54": 7.821115364574248,
  "55": 7.706336597204822,
  "56": 7.589451797406598,
  "57": 7.470460965179578,
  "58": 7.349364100523762,
  "59": 7.2261612034391485,
  "60": 7.100852273925738,
  "61": 6.973437311983531,
  "62": 6.843916317612527,
  "63": 6.712289290812726,
  "64": 6.578556231584129,
  "65": 6.442717139926734,
  "66": 6.304772015840543,
  "67": 6.164720859325555,
  "68": 6.02256367038177,
  "69": 5.878300449009188,
  "70": 5.73193119520781,
  "71": 5.583455908977635,
  "72": 5.432874590318662,
  "73": 5.2801872392308935,
  "74": 5.125393855714329,
  "75": 4.968494439768966,
  "76": 4.809488991394806,
  "77": 4.648377510591851,
  "78": 4.485159997360097,
  "79": 4.3198364516995476,
  "80": 4.152406873610201
}