{
  "19": 2.6219521565117505,
  "20": 2.6161217837952293,
  "21": 2.6101292521851174,
  "22": 2.6039745616814147,
  "23": 2.5976577122841213,
  "24": 2.5911787039932372,
  "25": 2.584537536808763,
  "26": 2.5777342107306978,
  "27": 2.570768725759041,
  "28": 2.5636410818937945,
  "29": 2.5563512791349567,
  "30": 2.5488993174825287,
  "31": 2.5412851969365096,
  "32": 2.5335089174969,
  "33": 2.5255704791636995,
  "34": 2.5174698819369086,
  "35": 2.5092071258165265,
  "36": 2.5007822108025546,
  "37": 2.492195136894991,
  "38": 2.4834459040938373,
  "39": 2.4745345123990927,
  "40": 2.4654609618107575,
  "41": 2.4562252523288315,
  "42": 2.446827383953315,
  "43": 2.4372673566842074,
  "44": 2.427545170521509,
  "45": 2.4176608254652203,
  "46": 2.407614321515341,
  "47": 2.397405658671871,
  "48": 2.38703483693481,
  "49": 2.3765018563041584,
  "50": 2.365806716779916,
  "51": 2.354949418362083,
  "52": 2.343929961050659,
  "53": 2.332748344845645,
  "54": 2.3214045697470396,
  "55": 2.3098986357548443,
  "56": 2.2982305428690575,
  "57": 2.2864002910896803,
  "58": 2.274407880416712,
  "59": 2.262253310850154,
  "60": 2.249936582390004,
  "61": 2.2374576950362646,
  "62": 2.2248166487889334,
  "63": 2.2120134436480123,
  "64": 2.1990480796134997,
  "65": 2.185920556685397,
  "66": 2.1726308748637035,
  "67": 2.159179034148419,
  "68": 2.145565034539544,
  "69": 2.1317888760370787,
  "70": 2.117850558641022,
  "71": 2.1037500823513753,
  "72": 2.0894874471681373,
  "73": 2.075062653091309,
  "74": 2.06047570012089,
  "75": 2.04572658825688,
  "76": 2.0308153174992793,
  "77": 2.015741887848088,
  "78": 2.0005062993033063,
  "79": 1.9851085518649332,
  "80": 1.96954864553297
}