{
  "19": 1.9869714024300968,
  "20": 1.9869714024300968,
  "21": 1.9869714024300968,
  "22": 1.9869714024300968,
  "23": 1.9869714024300968,
  "24": 1.9869714024300968,
  "25": 1.9869714024300968,
  "26": 1.9869714024300968,
  "27": 1.9869714024300968,
  "28": 1.9869714024300968,
  "29": 1.9869714024300968,
  "30": 1.9869714024300968,
  "31": 1.9869714024300968,
  "32": 1.9869714024300968,
  "33": 1.9869714024300968,
  "34": 1.9869714024300968,
  "35": 1.9869714024300968,
  "36": 1.9869714024300968,
  "37": 1.9869714024300968,
  "38": 1.9869714024300968,
  "39": 1.9869714024300968,
  "40": 1.9869714024300968,
  "41": 1.9869714024300968,
  "42": 1.9869714024300968,
  "43": 1.9869714024300968,
  "44": 1.9869714024300968,
  "45": 1.9869714024300968,
  "46": 1.9869714024300968,
  "47": 1.9869714024300968,
  "48": 1.9869714024300968,
  "49": 1.9869714024300968,
  "50": 1.9869714024300968,
  "51": 1.9869714024300968,
  "52": 1.9869714024300968,
  "53": 1.9869714024300968,
  "54": 1.9869714024300968,
  "55": 1.9869714024300968,
  "56": 1.9869714024300968,
  "57": 1.9869714024300968,
  "58": 1.9869714024300968,
  "59": 1.9869714024300968,
  "60": 1.9869714024300968,
  "61": 1.9869714024300968,
  "62": 1.9869714024300968,
  "63": 1.9869714024300968,
  "64": 1.9869714024300968,
  "65": 1.9869714024300968,
  "66": 1.9869714024300968,
  "67": 1.9869714024300968,
  "68": 1.9869714024300968,
  "69": 1.9869714024300968,
  "70": 1.9869714024300968,
  "71": 1.9869714024300968,
  "72": 1.9869714024300968,
  "73": 1.9869714024300968,
  "74": 1.9869714024300968,
  "75": 1.9869714024300968,
  "76": 1.9869714024300968,
  "77": 1.9869714024300968,
  "78": 1.9869714024300968,
  "79": 1.9869714024300968,
  "80": 1.9869714024300968
}