{
  "19": 0.0012608575318664341,
  "20": 0.001165705514786295,
  "21": 0.00107168790163348,
  "22": 0.0009788046924079892,
  "23": 0.000887055887109823,
  "24": 0.0007964414857389806,
  "25": 0.0007069614882954627,
  "26": 0.0006186158947792687,
  "27": 0.0005314047051903993,
  "28": 0.00044532791952885375,
  "29": 0.0003603855377946328,
  "30": 0.00027657755998773567,
  "31": 0.00019390398610816316,
  "32": 0.00011236481615591444,
  "33": 3.1960050130989955e-05,
  "34": -4.7310311966609886e-05,
  "35": -0.00012544627013688593,
  "36": -0.00020244782437983734,
  "37": -0.00027831497469546474,
  "38": -0.0003530477210837679,
  "39": -0.00042664606354474686,
  "40": -0.0004991100020784016,
  "41": -0.0005704395366847323,
  "42": -0.0006406346673637387,
  "43": -0.0007096953941154207,
  "44": -0.0007776217169397785,
  "45": -0.0008444136358368122,
  "46": -0.0009100711508065218,
  "47": -0.0009745942618489068,
  "48": -0.0010379829689639674,
  "49": -0.0011002372721517046,
  "50": -0.0011613571714121172,
  "51": -0.0012213426667452053,
  "52": -0.0012801937581509697,
  "53": -0.0013379104456294093,
  "54": -0.0013944927291805252,
  "55": -0.0014499406088043165,
  "56": -0.0015042540845007838,
  "57": -0.0015574331562699267,
  "58": -0.0016094778241117456,
  "59": -0.00166038808802624,
  "60": -0.0017101639480134104,
  "61": -0.0017588054040732568,
  "62": -0.0018063124562057785,
  "63": -0.001852685104410976,
  "64": -0.0018979233486888492,
  "65": -0.0019420271890393992,
  "66": -0.0019849966254626237,
  "67": -0.0020268316579585247,
  "68": -0.0020675322865271015,
  "69": -0.0021070985111683537,
  "70": -0.0021455303318822817,
  "71": -0.0021828277486688856,
  "72": -0.002218990761528165,
  "73": -0.0022540193704601212,
  "74": -0.002287913575464752,
  "75": -0.0023206733765420598,
  "76": -0.0023522987736920424,
  "77": -0.0023827897669147008,
  "78": -0.002412146356210035,
  "79": -0.002440368541578045,
  "80": -0.0024674563230187305
}