{
  "19": 0.31277986950193987,
  "20": 0.31237634730870495,
  "21": 0.31195213166966307,
  "22": 0.3115072225848143,
  "23": 0.3110416200541586,
  "24": 0.310555324077696,
  "25": 0.3100483346554264,
  "26": 0.30952065178735,
  "27": 0.3089722754734666,
  "28": 0.3084032057137763,
  "29": 0.3078134425082791,
  "30": 0.3072029858569749,
  "31": 0.30657183575986385,
  "32": 0.3059199922169459,
  "33": 0.305247455228221,
  "34": 0.30455422479368915,
  "35": 0.3038403009133504,
  "36": 0.30310568358720474,
  "37": 0.3023503728152522,
  "38": 0.3015743685974927,
  "39": 0.30077767093392627,
  "40": 0.2999602798245529,
  "41": 0.29912219526937267,
  "42": 0.29826341726838546,
  "43": 0.2973839458215914,
  "44": 0.29648378092899036,
  "45": 0.2955629225905824,
  "46": 0.2946213708063676,
  "47": 0.29365912557634577,
  "48": 0.29267618690051705,
  "49": 0.29167255477888143,
  "50": 0.2906482292114389,
  "51": 0.28960321019818946,
  "52": 0.28853749773913306,
  "53": 0.28745109183426976,
  "54": 0.28634399248359954,
  "55": 0.2852161996871224,
  "56": 0.28406771344483833,
  "57": 0.2828985337567474,
  "58": 0.2817086606228495,
  "59": 0.28049809404314463,
  "60": 0.2792668340176329,
  "61": 0.27801488054631424,
  "62": 0.27674223362918865,
  "63": 0.27544889326625616,
  "64": 0.27413485945751676,
  "65": 0.2728001322029704,
  "66": 0.2714447115026171,
  "67": 0.27006859735645694,
  "68": 0.26867178976448985,
  "69": 0.26725428872671586,
  "70": 0.2658160942431349,
  "71": 0.26435720631374704,
  "72": 0.26287762493855227,
  "73": 0.26137735011755053,
  "74": 0.25985638185074195,
  "75": 0.2583147201381264,
  "76": 0.25675236497970394,
  "77": 0.2551693163754745,
  "78": 0.25356557432543825,
  "79": 0.251941138829595,
  "80": 0.25029600988794487
}