{
  "19": 2.704845270861621,
  "20": 2.7178925995958663,
  "21": 2.7303863494424574,
  "22": 2.7423265204013916,
  "23": 2.7537131124726706,
  "24": 2.7645461256562927,
  "25": 2.7748255599522604,
  "26": 2.7845514153605713,
  "27": 2.793723691881226,
  "28": 2.8023423895142257,
  "29": 2.810407508259569,
  "30": 2.8179190481172567,
  "31": 2.824877009087289,
  "32": 2.8312813911696644,
  "33": 2.8371321943643855,
  "34": 2.8424294186714496,
  "35": 2.8471730640908577,
  "36": 2.8513631306226106,
  "37": 2.8549996182667075,
  "38": 2.8580825270231482,
  "39": 2.860611856891933,
  "40": 2.8625876078730625,
  "41": 2.864009779966536,
  "42": 2.8648783731723535,
  "43": 2.865193387490515,
  "44": 2.864954822921021,
  "45": 2.8641626794638713,
  "46": 2.8628169571190654,
  "47": 2.8609176558866034,
  "48": 2.8584647757664863,
  "49": 2.855458316758713,
  "50": 2.851898278863284,
  "51": 2.8477846620801985,
  "52": 2.843117466409458,
  "53": 2.8378966918510615,
  "54": 2.832122338405008,
  "55": 2.8257944060713003,
  "56": 2.8189128948499356,
  "57": 2.8114778047409157,
  "58": 2.8034891357442397,
  "59": 2.7949468878599086,
  "60": 2.7858510610879206,
  "61": 2.7762016554282773,
  "62": 2.765998670880977,
  "63": 2.7552421074460227,
  "64": 2.7439319651234113,
  "65": 2.7320682439131447,
  "66": 2.719650943815222,
  "67": 2.7066800648296434,
  "68": 2.6931556069564087,
  "69": 2.6790775701955187,
  "70": 2.6644459545469728,
  "71": 2.6492607600107707,
  "72": 2.6335219865869135,
  "73": 2.6172296342753993,
  "74": 2.60038370307623,
  "75": 2.5829841929894046,
  "76": 2.565031104014923,
  "77": 2.5465244361527866,
  "78": 2.527464189402994,
  "79": 2.5078503637655443,
  "80": 2.4876829592404412
}