{
  "19": 0.04487817662137559,
  "20": 0.04521088899324309,
  "21": 0.04552307685743366,
  "22": 0.0458147402139473,
  "23": 0.04608587906278401,
  "24": 0.046336493403943795,
  "25": 0.046566583237426636,
  "26": 0.04677614856323255,
  "27": 0.04696518938136153,
  "28": 0.04713370569181358,
  "29": 0.0472816974945887,
  "30": 0.04740916478968688,
  "31": 0.04751610757710814,
  "32": 0.04760252585685246,
  "33": 0.04766841962891985,
  "34": 0.04771378889331031,
  "35": 0.047738633650023836,
  "36": 0.04774295389906043,
  "37": 0.0477267496404201,
  "38": 0.047690020874102824,
  "39": 0.047632767600108615,
  "40": 0.0475549898184375,
  "41": 0.04745668752908942,
  "42": 0.047337860732064425,
  "43": 0.047198509427362506,
  "44": 0.047038633614983644,
  "45": 0.046858233294927845,
  "46": 0.04665730846719513,
  "47": 0.04643585913178547,
  "48": 0.046193885288698874,
  "49": 0.04593138693793535,
  "50": 0.045648364079494914,
  "51": 0.04534481671337753,
  "52": 0.0450207448395832,
  "53": 0.044676148458111964,
  "54": 0.04431102756896378,
  "55": 0.04392538217213867,
  "56": 0.04351921226763664,
  "57": 0.04309251785545765,
  "58": 0.04264529893560175,
  "59": 0.0421775555080689,
  "60": 0.04168928757285914,
  "61": 0.04118049512997243,
  "62": 0.040651178179408796,
  "63": 0.04010133672116824,
  "64": 0.039530970755250736,
  "65": 0.038940080281656304,
  "66": 0.03832866530038495,
  "67": 0.037696725811436654,
  "68": 0.03704426181481142,
  "69": 0.036371273310509274,
  "70": 0.03567776029853018,
  "71": 0.034963722778874155,
  "72": 0.0342291607515412,
  "73": 0.03347407421653132,
  "74": 0.0326984631738445,
  "75": 0.03190232762348075,
  "76": 0.031085667565440074,
  "77": 0.030248482999722458,
  "78": 0.02939077392632791,
  "79": 0.02851254034525644,
  "80": 0.02761378225650803
}