{
  "19": 0.12156401908233128,
  "20": 0.12123717492252578,
  "21": 0.12089356952375588,
  "22": 0.1205332028860216,
  "23": 0.12015607500932293,
  "24": 0.11976218589365989,
  "25": 0.11935153553903247,
  "26": 0.11892412394544066,
  "27": 0.11847995111288445,
  "28": 0.11801901704136386,
  "29": 0.11754132173087889,
  "30": 0.11704686518142954,
  "31": 0.1165356473930158,
  "32": 0.1160076683656377,
  "33": 0.11546292809929518,
  "34": 0.11490142659398828,
  "35": 0.114323163849717,
  "36": 0.11372813986648134,
  "37": 0.1131163546442813,
  "38": 0.11248780818311685,
  "39": 0.11184250048298805,
  "40": 0.11118043154389484,
  "41": 0.11050160136583725,
  "42": 0.10980600994881529,
  "43": 0.10909365729282894,
  "44": 0.10836454339787818,
  "45": 0.10761866826396305,
  "46": 0.10685603189108356,
  "47": 0.10607663427923966,
  "48": 0.10528047542843136,
  "49": 0.1044675553386587,
  "50": 0.10363787400992167,
  "51": 0.10279143144222022,
  "52": 0.1019282276355544,
  "53": 0.10104826258992419,
  "54": 0.10015153630532961,
  "55": 0.09923804878177062,
  "56": 0.09830780001924727,
  "57": 0.09736079001775952,
  "58": 0.09639701877730739,
  "59": 0.09541648629789087,
  "60": 0.09441919257950998,
  "61": 0.09340513762216471,
  "62": 0.09237432142585503,
  "63": 0.09132674399058097,
  "64": 0.09026240531634253,
  "65": 0.0891813054031397,
  "66": 0.0880834442509725,
  "67": 0.0869688218598409,
  "68": 0.08583743822974493,
  "69": 0.08468929336068456,
  "70": 0.08352438725265982,
  "71": 0.08234271990567069,
  "72": 0.08114429131971718,
  "73": 0.07992910149479926,
  "74": 0.07869715043091696,
  "75": 0.07744843812807031,
  "76": 0.07618296458625926,
  "77": 0.07490072980548382,
  "78": 0.07360173378574397,
  "79": 0.07228597652703977,
  "80": 0.07095345802937117
}