{
  "19": 10.03242256557258,
  "20": 10.000529511610194,
  "21": 9.96700091641897,
  "22": 9.931836779998905,
  "23": 9.895037102349999,
  "24": 9.856601883472253,
  "25": 9.816531123365667,
  "26": 9.774824822030242,
  "27": 9.731482979465975,
  "28": 9.686505595672868,
  "29": 9.639892670650921,
  "30": 9.591644204400135,
  "31": 9.541760196920507,
  "32": 9.490240648212039,
  "33": 9.437085558274731,
  "34": 9.382294927108584,
  "35": 9.325868754713595,
  "36": 9.267807041089767,
  "37": 9.208109786237097,
  "38": 9.146776990155589,
  "39": 9.08380865284524,
  "40": 9.01920477430605,
  "41": 8.952965354538021,
  "42": 8.88509039354115,
  "43": 8.81557989131544,
  "44": 8.74443384786089,
  "45": 8.6716522631775,
  "46": 8.597235137265267,
  "47": 8.521182470124197,
  "48": 8.443494261754285,
  "49": 8.364170512155534,
  "50": 8.283211221327942,
  "51": 8.20061638927151,
  "52": 8.116386015986237,
  "53": 8.030520101472124,
  "54": 7.943018645729171,
  "55": 7.853881648757377,
  "56": 7.763109110556743,
  "57": 7.67070103112727,
  "58": 7.576657410468957,
  "59": 7.480978248581802,
  "60": 7.383663545465809,
  "61": 7.284713301120973,
  "62": 7.184127515547298,
  "63": 7.081906188744784,
  "64": 6.978049320713429,
  "65": 6.872556911453232,
  "66": 6.765428960964197,
  "67": 6.656665469246321,
  "68": 6.546266436299605,
  "69": 6.434231862124048,
  "70": 6.320561746719651,
  "71": 6.205256090086414,
  "72": 6.088314892224337,
  "73": 5.969738153133419,
  "74": 5.849525872813662,
  "75": 5.727678051265064,
  "76": 5.604194688487626,
  "77": 5.479075784481347,
  "78": 5.352321339246228,
  "79": 5.2239313527822695,
  "80": 5.09390582508947
}