{
  "19": 34.300276917134525,
  "20": 34.159592347922064,
  "21": 34.011693185416654,
  "22": 33.85657942961829,
  "23": 33.69425108052699,
  "24": 33.524708138142735,
  "25": 33.34795060246554,
  "26": 33.16397847349539,
  "27": 32.9727917512323,
  "28": 32.77439043567626,
  "29": 32.568774526827276,
  "30": 32.35594402468534,
  "31": 32.13589892925046,
  "32": 31.908639240522632,
  "33": 31.674164958501862,
  "34": 31.432476083188142,
  "35": 31.183572614581472,
  "36": 30.92745455268186,
  "37": 30.664121897489295,
  "38": 30.39357464900379,
  "39": 30.115812807225332,
  "40": 29.830836372153932,
  "41": 29.538645343789582,
  "42": 29.239239722132286,
  "43": 28.932619507182043,
  "44": 28.618784698938853,
  "45": 28.297735297402717,
  "46": 27.969471302573634,
  "47": 27.633992714451605,
  "48": 27.291299533036625,
  "49": 26.941391758328702,
  "50": 26.58426939032783,
  "51": 26.219932429034014,
  "52": 25.848380874447248,
  "53": 25.469614726567535,
  "54": 25.08363398539488,
  "55": 24.690438650929273,
  "56": 24.29002872317072,
  "57": 23.882404202119222,
  "58": 23.467565087774773,
  "59": 23.04551138013738,
  "60": 22.61624307920704,
  "61": 22.179760184983756,
  "62": 21.73606269746752,
  "63": 21.285150616658342,
  "64": 20.827023942556213,
  "65": 20.361682675161138,
  "66": 19.88912681447312,
  "67": 19.40935636049215,
  "68": 18.922371313218235,
  "69": 18.428171672651374,
  "70": 17.926757438791565,
  "71": 17.418128611638807,
  "72": 16.902285191193105,
  "73": 16.379227177454457,
  "74": 15.848954570422856,
  "75": 15.311467370098315,
  "76": 14.766765576480823,
  "77": 14.214849189570389,
  "78": 13.655718209367004,
  "79": 13.089372635870673,
  "80": 12.515812469081395
}