{
  "19": 2.655934151868641,
  "20": 2.666740401610933,
  "21": 2.6781008180066763,
  "22": 2.69001540105587,
  "23": 2.7024841507585147,
  "24": 2.7155070671146104,
  "25": 2.7290841501241565,
  "26": 2.7432153997871542,
  "27": 2.7579008161036027,
  "28": 2.7731403990735015,
  "29": 2.7889341486968515,
  "30": 2.8052820649736523,
  "31": 2.8221841479039043,
  "32": 2.839640397487607,
  "33": 2.8576508137247605,
  "34": 2.8762153966153647,
  "35": 2.89533414615942,
  "36": 2.915007062356926,
  "37": 2.935234145207883,
  "38": 2.956015394712291,
  "39": 2.97735081087015,
  "40": 2.99924039368146,
  "41": 3.02168414314622,
  "42": 3.0446820592644315,
  "43": 3.068234142036094,
  "44": 3.092340391461207,
  "45": 3.117000807539771,
  "46": 3.1422153902717858,
  "47": 3.1679841396572517,
  "48": 3.1943070556961684,
  "49": 3.2211841383885362,
  "50": 3.2486153877343544,
  "51": 3.276600803733624,
  "52": 3.305140386386344,
  "53": 3.334234135692515,
  "54": 3.3638820516521366,
  "55": 3.3940841342652095,
  "56": 3.424840383531733,
  "57": 3.456150799451708,
  "58": 3.4880153820251336,
  "59": 3.5204341312520095,
  "60": 3.5534070471323367,
  "61": 3.586934129666115,
  "62": 3.621015378853344,
  "63": 3.655650794694024,
  "64": 3.690840377188154,
  "65": 3.7265841263357364,
  "66": 3.7628820421367686,
  "67": 3.799734124591252,
  "68": 3.8371403736991865,
  "69": 3.8751007894605713,
  "70": 3.9136153718754074,
  "71": 3.9526841209436943,
  "72": 3.992307036665432,
  "73": 4.03248411904062,
  "74": 4.07321536806926,
  "75": 4.1145007837513505,
  "76": 4.156340366086892,
  "77": 4.198734115075884,
  "78": 4.2416820307183265,
  "79": 4.28518411301422,
  "80": 4.329240361963565
}