{
  "19": 5645.3930284180915,
  "20": 5678.500685900279,
  "21": 5712.358911455609,
  "22": 5746.967705084082,
  "23": 5782.3270667857,
  "24": 5818.436996560459,
  "25": 5855.297494408363,
  "26": 5892.908560329409,
  "27": 5931.270194323599,
  "28": 5970.382396390932,
  "29": 6010.245166531407,
  "30": 6050.858504745028,
  "31": 6092.222411031789,
  "32": 6134.336885391695,
  "33": 6177.201927824745,
  "34": 6220.817538330938,
  "35": 6265.183716910273,
  "36": 6310.300463562752,
  "37": 6356.167778288374,
  "38": 6402.785661087139,
  "39": 6450.154111959047,
  "40": 6498.2731309041,
  "41": 6547.142717922294,
  "42": 6596.762873013633,
  "43": 6647.133596178114,
  "44": 6698.254887415738,
  "45": 6750.126746726507,
  "46": 6802.749174110419,
  "47": 6856.122169567472,
  "48": 6910.24573309767,
  "49": 6965.1198647010115,
  "50": 7020.744564377495,
  "51": 7077.119832127122,
  "52": 7134.245667949893,
  "53": 7192.122071845807,
  "54": 7250.749043814863,
  "55": 7310.126583857064,
  "56": 7370.254691972408,
  "57": 7431.133368160894,
  "58": 7492.762612422524,
  "59": 7555.142424757299,
  "60": 7618.272805165214,
  "61": 7682.153753646274,
  "62": 7746.7852702004775,
  "63": 7812.167354827824,
  "64": 7878.300007528313,
  "65": 7945.183228301946,
  "66": 8012.817017148722,
  "67": 8081.20137406864,
  "68": 8150.336299061702,
  "69": 8220.221792127908,
  "70": 8290.857853267258,
  "71": 8362.24448247975,
  "72": 8434.381679765385,
  "73": 8507.269445124164,
  "74": 8580.907778556086,
  "75": 8655.29668006115,
  "76": 8730.436149639358,
  "77": 8806.32618729071,
  "78": 8882.966793015205,
  "79": 8960.357966812842,
  "80": 9038.499708683625
}