{
  "19": 1618.647089108035,
  "20": 1628.1397166613278,
  "21": 1637.847547092552,
  "22": 1647.770580401708,
  "23": 1657.9088165887958,
  "24": 1668.262255653815,
  "25": 1678.8308975967657,
  "26": 1689.6147424176481,
  "27": 1700.613790116462,
  "28": 1711.8280406932079,
  "29": 1723.2574941478854,
  "30": 1734.9021504804944,
  "31": 1746.7620096910348,
  "32": 1758.837071779507,
  "33": 1771.1273367459107,
  "34": 1783.6328045902462,
  "35": 1796.3534753125134,
  "36": 1809.2893489127123,
  "37": 1822.4404253908426,
  "38": 1835.8067047469046,
  "39": 1849.3881869808981,
  "40": 1863.1848720928233,
  "41": 1877.1967600826802,
  "42": 1891.423850950469,
  "43": 1905.866144696189,
  "44": 1920.5236413198406,
  "45": 1935.396340821424,
  "46": 1950.484243200939,
  "47": 1965.7873484583856,
  "48": 1981.305656593764,
  "49": 1997.039167607074,
  "50": 2012.9878814983156,
  "51": 2029.1517982674886,
  "52": 2045.5309179145934,
  "53": 2062.12524043963,
  "54": 2078.934765842598,
  "55": 2095.9594941234977,
  "56": 2113.199425282329,
  "57": 2130.6545593190917,
  "58": 2148.3248962337866,
  "59": 2166.2104360264125,
  "60": 2184.3111786969703,
  "61": 2202.62712424546,
  "62": 2221.158272671881,
  "63": 2239.904623976234,
  "64": 2258.866178158518,
  "65": 2278.042935218734,
  "66": 2297.434895156882,
  "67": 2317.0420579729607,
  "68": 2336.8644236669716,
  "69": 2356.9019922389143,
  "70": 2377.154763688788,
  "71": 2397.622738016594,
  "72": 2418.3059152223314,
  "73": 2439.2042953060004,
  "74": 2460.317878267601,
  "75": 2481.646664107133,
  "76": 2503.1906528245972,
  "77": 2524.949844419993,
  "78": 2546.92423889332,
  "79": 2569.1138362445786,
  "80": 2591.5186364737688
}