{
  "19": -1.7402797420585154,
  "20": -1.7284258052820034,
  "21": -1.7165718685054911,
  "22": -1.704717931728979,
  "23": -1.6928639949524666,
  "24": -1.6810100581759546,
  "25": -1.6691561213994424,
  "26": -1.65730218462293,
  "27": -1.645448247846418,
  "28": -1.6335943110699058,
  "29": -1.6217403742933936,
  "30": -1.6098864375168813,
  "31": -1.5980325007403693,
  "32": -1.586178563963857,
  "33": -1.5743246271873448,
  "34": -1.5624706904108328,
  "35": -1.5506167536343205,
  "36": -1.5387628168578082,
  "37": -1.526908880081296,
  "38": -1.515054943304784,
  "39": -1.5032010065282717,
  "40": -1.4913470697517595,
  "41": -1.4794931329752474,
  "42": -1.4676391961987352,
  "43": -1.455785259422223,
  "44": -1.4439313226457107,
  "45": -1.4320773858691986,
  "46": -1.4202234490926864,
  "47": -1.4083695123161741,
  "48": -1.396515575539662,
  "49": -1.3846616387631498,
  "50": -1.3728077019866376,
  "51": -1.3609537652101253,
  "52": -1.3490998284336133,
  "53": -1.337245891657101,
  "54": -1.3253919548805888,
  "55": -1.3135380181040766,
  "56": -1.3016840813275645,
  "57": -1.2898301445510523,
  "58": -1.27797620777454,
  "59": -1.266122270998028,
  "60": -1.2542683342215157,
  "61": -1.2424143974450035,
  "62": -1.2305604606684912,
  "63": -1.2187065238919792,
  "64": -1.206852587115467,
  "65": -1.1949986503389547,
  "66": -1.1831447135624427,
  "67": -1.1712907767859304,
  "68": -1.1594368400094182,
  "69": -1.147582903232906,
  "70": -1.1357289664563939,
  "71": -1.1238750296798816,
  "72": -1.1120210929033694,
  "73": -1.1001671561268573,
  "74": -1.088313219350345,
  "75": -1.0764592825738328,
  "76": -1.0646053457973206,
  "77": -1.0527514090208085,
  "78": -1.0408974722442963,
  "79": -1.029043535467784,
  "80": -1.0171895986912718
}