{
  "19": 0.6455083970984763,
  "20": 0.6587295764278788,
  "21": 0.6726287649536608,
  "22": 0.6872059626758223,
  "23": 0.7024611695943636,
  "24": 0.7183943857092845,
  "25": 0.7350056110205849,
  "26": 0.752294845528265,
  "27": 0.7702620892323246,
  "28": 0.7889073421327639,
  "29": 0.8082306042295828,
  "30": 0.8282318755227813,
  "31": 0.8489111560123596,
  "32": 0.8702684456983172,
  "33": 0.8923037445806545,
  "34": 0.9150170526593715,
  "35": 0.9384083699344681,
  "36": 0.9624776964059443,
  "37": 0.9872250320738001,
  "38": 1.0126503769380355,
  "39": 1.0387537309986505,
  "40": 1.0655350942556452,
  "41": 1.0929944667090192,
  "42": 1.121131848358773,
  "43": 1.1499472392049066,
  "44": 1.1794406392474197,
  "45": 1.2096120484863124,
  "46": 1.2404614669215845,
  "47": 1.2719888945532365,
  "48": 1.304194331381268,
  "49": 1.3370777774056792,
  "50": 1.3706392326264698,
  "51": 1.4048786970436402,
  "52": 1.4397961706571902,
  "53": 1.4753916534671196,
  "54": 1.511665145473429,
  "55": 1.5486166466761178,
  "56": 1.586246157075186,
  "57": 1.624553676670634,
  "58": 1.6635392054624616,
  "59": 1.703202743450669,
  "60": 1.7435442906352556,
  "61": 1.7845638470162222,
  "62": 1.8262614125935683,
  "63": 1.868636987367294,
  "64": 1.9116905713373993,
  "65": 1.955422164503884,
  "66": 1.9998317668667485,
  "67": 2.0449193784259925,
  "68": 2.0906849991816165,
  "69": 2.1371286291336196,
  "70": 2.184250268282003,
  "71": 2.232049916626765,
  "72": 2.280527574167907,
  "73": 2.329683240905429,
  "74": 2.3795169168393304,
  "75": 2.4300286019696116,
  "76": 2.481218296296272,
  "77": 2.5330859998193125,
  "78": 2.5856317125387323,
  "79": 2.6388554344545314,
  "80": 2.6927571655667104
}