{
  "19": 0.007237482835486013,
  "20": 0.007213195038752673,
  "21": 0.007188907242019334,
  "22": 0.0071646194452859935,
  "23": 0.007140331648552654,
  "24": 0.007116043851819315,
  "25": 0.007091756055085975,
  "26": 0.007067468258352636,
  "27": 0.007043180461619296,
  "28": 0.007018892664885957,
  "29": 0.006994604868152617,
  "30": 0.006970317071419277,
  "31": 0.0069460292746859375,
  "32": 0.006921741477952598,
  "33": 0.0068974536812192585,
  "34": 0.006873165884485919,
  "35": 0.00684887808775258,
  "36": 0.00682459029101924,
  "37": 0.006800302494285901,
  "38": 0.006776014697552561,
  "39": 0.006751726900819221,
  "40": 0.006727439104085881,
  "41": 0.006703151307352542,
  "42": 0.0066788635106192025,
  "43": 0.006654575713885863,
  "44": 0.0066302879171525235,
  "45": 0.006606000120419184,
  "46": 0.006581712323685845,
  "47": 0.006557424526952504,
  "48": 0.006533136730219165,
  "49": 0.006508848933485825,
  "50": 0.006484561136752486,
  "51": 0.006460273340019146,
  "52": 0.006435985543285807,
  "53": 0.0064116977465524675,
  "54": 0.006387409949819128,
  "55": 0.0063631221530857885,
  "56": 0.006338834356352448,
  "57": 0.006314546559619109,
  "58": 0.006290258762885769,
  "59": 0.00626597096615243,
  "60": 0.00624168316941909,
  "61": 0.006217395372685751,
  "62": 0.006193107575952411,
  "63": 0.006168819779219072,
  "64": 0.006144531982485732,
  "65": 0.006120244185752392,
  "66": 0.006095956389019053,
  "67": 0.006071668592285713,
  "68": 0.006047380795552374,
  "69": 0.006023092998819034,
  "70": 0.005998805202085695,
  "71": 0.005974517405352355,
  "72": 0.005950229608619016,
  "73": 0.0059259418118856756,
  "74": 0.005901654015152336,
  "75": 0.005877366218418997,
  "76": 0.005853078421685657,
  "77": 0.005828790624952318,
  "78": 0.005804502828218978,
  "79": 0.005780215031485639,
  "80": 0.005755927234752299
}