{
  "19": 0.015876999343664166,
  "20": 0.015862519070497298,
  "21": 0.015848038797330426,
  "22": 0.015833558524163557,
  "23": 0.015819078250996686,
  "24": 0.015804597977829817,
  "25": 0.015790117704662945,
  "26": 0.015775637431496077,
  "27": 0.015761157158329205,
  "28": 0.015746676885162337,
  "29": 0.015732196611995465,
  "30": 0.015717716338828597,
  "31": 0.015703236065661725,
  "32": 0.015688755792494857,
  "33": 0.015674275519327985,
  "34": 0.015659795246161116,
  "35": 0.015645314972994245,
  "36": 0.015630834699827376,
  "37": 0.015616354426660506,
  "38": 0.015601874153493636,
  "39": 0.015587393880326766,
  "40": 0.015572913607159896,
  "41": 0.015558433333993026,
  "42": 0.015543953060826156,
  "43": 0.015529472787659286,
  "44": 0.015514992514492416,
  "45": 0.015500512241325546,
  "46": 0.015486031968158676,
  "47": 0.015471551694991805,
  "48": 0.015457071421824935,
  "49": 0.015442591148658065,
  "50": 0.015428110875491195,
  "51": 0.015413630602324325,
  "52": 0.015399150329157455,
  "53": 0.015384670055990585,
  "54": 0.015370189782823715,
  "55": 0.015355709509656845,
  "56": 0.015341229236489975,
  "57": 0.015326748963323105,
  "58": 0.015312268690156235,
  "59": 0.015297788416989365,
  "60": 0.015283308143822495,
  "61": 0.015268827870655624,
  "62": 0.015254347597488754,
  "63": 0.015239867324321884,
  "64": 0.015225387051155014,
  "65": 0.015210906777988144,
  "66": 0.015196426504821274,
  "67": 0.015181946231654404,
  "68": 0.015167465958487534,
  "69": 0.015152985685320664,
  "70": 0.015138505412153794,
  "71": 0.015124025138986924,
  "72": 0.015109544865820054,
  "73": 0.015095064592653184,
  "74": 0.015080584319486313,
  "75": 0.015066104046319443,
  "76": 0.015051623773152573,
  "77": 0.015037143499985703,
  "78": 0.015022663226818833,
  "79": 0.015008182953651963,
  "80": 0.014993702680485093
}