{
  "19": 4.456481558891979,
  "20": 4.52671290071153,
  "21": 4.596944242531082,
  "22": 4.667175584350633,
  "23": 4.737406926170184,
  "24": 4.807638267989736,
  "25": 4.877869609809287,
  "26": 4.948100951628839,
  "27": 5.01833229344839,
  "28": 5.088563635267942,
  "29": 5.158794977087493,
  "30": 5.229026318907045,
  "31": 5.299257660726596,
  "32": 5.369489002546148,
  "33": 5.439720344365699,
  "34": 5.50995168618525,
  "35": 5.580183028004802,
  "36": 5.650414369824353,
  "37": 5.720645711643905,
  "38": 5.790877053463456,
  "39": 5.861108395283008,
  "40": 5.931339737102559,
  "41": 6.001571078922111,
  "42": 6.071802420741662,
  "43": 6.142033762561213,
  "44": 6.212265104380765,
  "45": 6.282496446200316,
  "46": 6.352727788019868,
  "47": 6.422959129839419,
  "48": 6.493190471658971,
  "49": 6.563421813478522,
  "50": 6.633653155298074,
  "51": 6.703884497117625,
  "52": 6.774115838937177,
  "53": 6.844347180756728,
  "54": 6.914578522576279,
  "55": 6.984809864395831,
  "56": 7.055041206215382,
  "57": 7.125272548034934,
  "58": 7.195503889854485,
  "59": 7.265735231674037,
  "60": 7.335966573493588,
  "61": 7.40619791531314,
  "62": 7.476429257132691,
  "63": 7.546660598952243,
  "64": 7.616891940771794,
  "65": 7.687123282591345,
  "66": 7.757354624410897,
  "67": 7.827585966230448,
  "68": 7.89781730805,
  "69": 7.968048649869551,
  "70": 8.038279991689102,
  "71": 8.108511333508654,
  "72": 8.178742675328206,
  "73": 8.248974017147757,
  "74": 8.319205358967308,
  "75": 8.38943670078686,
  "76": 8.459668042606411,
  "77": 8.529899384425962,
  "78": 8.600130726245514,
  "79": 8.670362068065065,
  "80": 8.740593409884617
}