{
  "19": 0.2899597009626007,
  "20": 0.2904064294499562,
  "21": 0.29087606709050945,
  "22": 0.29136861388426044,
  "23": 0.2918840698312091,
  "24": 0.2924224349313555,
  "25": 0.2929837091846996,
  "26": 0.2935678925912415,
  "27": 0.29417498515098106,
  "28": 0.2948049868639183,
  "29": 0.2954578977300533,
  "30": 0.29613371774938607,
  "31": 0.2968324469219165,
  "32": 0.29755408524764465,
  "33": 0.29829863272657053,
  "34": 0.29906608935869416,
  "35": 0.2998564551440155,
  "36": 0.3006697300825345,
  "37": 0.30150591417425127,
  "38": 0.3023650074191658,
  "39": 0.3032470098172779,
  "40": 0.3041519213685879,
  "41": 0.3050797420730955,
  "42": 0.30603047193080085,
  "43": 0.30700411094170393,
  "44": 0.3080006591058047,
  "45": 0.30902011642310323,
  "46": 0.3100624828935995,
  "47": 0.3111277585172934,
  "48": 0.3122159432941851,
  "49": 0.31332703722427446,
  "50": 0.3144610403075616,
  "51": 0.31561795254404645,
  "52": 0.316797773933729,
  "53": 0.31800050447660927,
  "54": 0.31922614417268724,
  "55": 0.32047469302196296,
  "56": 0.3217461510244364,
  "57": 0.32304051818010754,
  "58": 0.3243577944889764,
  "59": 0.325697979951043,
  "60": 0.3270610745663073,
  "61": 0.3284470783347693,
  "62": 0.32985599125642906,
  "63": 0.3312878133312865,
  "64": 0.3327425445593417,
  "65": 0.3342201849405946,
  "66": 0.3357207344750452,
  "67": 0.33724419316269355,
  "68": 0.3387905610035396,
  "69": 0.3403598379975834,
  "70": 0.3419520241448249,
  "71": 0.34356711944526414,
  "72": 0.34520512389890107,
  "73": 0.3468660375057357,
  "74": 0.34854986026576806,
  "75": 0.3502565921789982,
  "76": 0.351986233245426,
  "77": 0.35373878346505155,
  "78": 0.3555142428378748,
  "79": 0.35731261136389575,
  "80": 0.35913388904311444
}