{
  "19": 8.5434902815534,
  "20": 8.5434902815534,
  "21": 8.5434902815534,
  "22": 8.5434902815534,
  "23": 8.5434902815534,
  "24": 8.5434902815534,
  "25": 8.5434902815534,
  "26": 8.5434902815534,
  "27": 8.5434902815534,
  "28": 8.5434902815534,
  "29": 8.5434902815534,
  "30": 8.5434902815534,
  "31": 8.5434902815534,
  "32": 8.5434902815534,
  "33": 8.5434902815534,
  "34": 8.5434902815534,
  "35": 8.5434902815534,
  "36": 8.5434902815534,
  "37": 8.5434902815534,
  "38": 8.5434902815534,
  "39": 8.5434902815534,
  "40": 8.5434902815534,
  "41": 8.5434902815534,
  "42": 8.5434902815534,
  "43": 8.5434902815534,
  "44": 8.5434902815534,
  "45": 8.5434902815534,
  "46": 8.5434902815534,
  "47": 8.5434902815534,
  "48": 8.5434902815534,
  "49": 8.5434902815534,
  "50": 8.5434902815534,
  "51": 8.5434902815534,
  "52": 8.5434902815534,
  "53": 8.5434902815534,
  "54": 8.5434902815534,
  "55": 8.5434902815534,
  "56": 8.5434902815534,
  "57": 8.5434902815534,
  "58": 8.5434902815534,
  "59": 8.5434902815534,
  "60": 8.5434902815534,
  "61": 8.5434902815534,
  "62": 8.5434902815534,
  "63": 8.5434902815534,
  "64": 8.5434902815534,
  "65": 8.5434902815534,
  "66": 8.5434902815534,
  "67": 8.5434902815534,
  "68": 8.5434902815534,
  "69": 8.5434902815534,
  "70": 8.5434902815534,
  "71": 8.5434902815534,
  "72": 8.5434902815534,
  "73": 8.5434902815534,
  "74": 8.5434902815534,
  "75": 8.5434902815534,
  "76": 8.5434902815534,
  "77": 8.5434902815534,
  "78": 8.5434902815534,
  "79": 8.5434902815534,
  "80": 8.5434902815534
}