{
  "19": 3.1394106997657403,
  "20": 3.1292802053630475,
  "21": 3.1191497109603548,
  "22": 3.109019216557662,
  "23": 3.0988887221549692,
  "24": 3.0887582277522765,
  "25": 3.0786277333495837,
  "26": 3.068497238946891,
  "27": 3.058366744544198,
  "28": 3.0482362501415055,
  "29": 3.0381057557388127,
  "30": 3.0279752613361204,
  "31": 3.0178447669334276,
  "32": 3.007714272530735,
  "33": 2.997583778128042,
  "34": 2.9874532837253494,
  "35": 2.9773227893226566,
  "36": 2.967192294919964,
  "37": 2.957061800517271,
  "38": 2.9469313061145783,
  "39": 2.9368008117118856,
  "40": 2.926670317309193,
  "41": 2.9165398229065,
  "42": 2.9064093285038073,
  "43": 2.8962788341011145,
  "44": 2.8861483396984218,
  "45": 2.876017845295729,
  "46": 2.8658873508930363,
  "47": 2.8557568564903435,
  "48": 2.8456263620876507,
  "49": 2.835495867684958,
  "50": 2.8253653732822657,
  "51": 2.815234878879573,
  "52": 2.80510438447688,
  "53": 2.7949738900741874,
  "54": 2.7848433956714946,
  "55": 2.774712901268802,
  "56": 2.764582406866109,
  "57": 2.7544519124634164,
  "58": 2.7443214180607236,
  "59": 2.734190923658031,
  "60": 2.724060429255338,
  "61": 2.7139299348526453,
  "62": 2.7037994404499526,
  "63": 2.69366894604726,
  "64": 2.683538451644567,
  "65": 2.6734079572418743,
  "66": 2.6632774628391815,
  "67": 2.653146968436489,
  "68": 2.643016474033796,
  "69": 2.6328859796311037,
  "70": 2.622755485228411,
  "71": 2.612624990825718,
  "72": 2.6024944964230254,
  "73": 2.5923640020203327,
  "74": 2.58223350761764,
  "75": 2.572103013214947,
  "76": 2.5619725188122544,
  "77": 2.5518420244095616,
  "78": 2.541711530006869,
  "79": 2.531581035604176,
  "80": 2.5214505412014834
}