{
  "19": 4.008915452884615,
  "20": 4.008915452884615,
  "21": 4.008915452884615,
  "22": 4.008915452884615,
  "23": 4.008915452884615,
  "24": 4.008915452884615,
  "25": 4.008915452884615,
  "26": 4.008915452884615,
  "27": 4.008915452884615,
  "28": 4.008915452884615,
  "29": 4.008915452884615,
  "30": 4.008915452884615,
  "31": 4.008915452884615,
  "32": 4.008915452884615,
  "33": 4.008915452884615,
  "34": 4.008915452884615,
  "35": 4.008915452884615,
  "36": 4.008915452884615,
  "37": 4.008915452884615,
  "38": 4.008915452884615,
  "39": 4.008915452884615,
  "40": 4.008915452884615,
  "41": 4.008915452884615,
  "42": 4.008915452884615,
  "43": 4.008915452884615,
  "44": 4.008915452884615,
  "45": 4.008915452884615,
  "46": 4.008915452884615,
  "47": 4.008915452884615,
  "48": 4.008915452884615,
  "49": 4.008915452884615,
  "50": 4.008915452884615,
  "51": 4.008915452884615,
  "52": 4.008915452884615,
  "53": 4.008915452884615,
  "54": 4.008915452884615,
  "55": 4.008915452884615,
  "56": 4.008915452884615,
  "57": 4.008915452884615,
  "58": 4.008915452884615,
  "59": 4.008915452884615,
  "60": 4.008915452884615,
  "61": 4.008915452884615,
  "62": 4.008915452884615,
  "63": 4.008915452884615,
  "64": 4.008915452884615,
  "65": 4.008915452884615,
  "66": 4.008915452884615,
  "67": 4.008915452884615,
  "68": 4.008915452884615,
  "69": 4.008915452884615,
  "70": 4.008915452884615,
  "71": 4.008915452884615,
  "72": 4.008915452884615,
  "73": 4.008915452884615,
  "74": 4.008915452884615,
  "75": 4.008915452884615,
  "76": 4.008915452884615,
  "77": 4.008915452884615,
  "78": 4.008915452884615,
  "79": 4.008915452884615,
  "80": 4.008915452884615
}