{
  "19": 4497.628989179833,
  "20": 4477.408335075476,
  "21": 4457.18768097112,
  "22": 4436.967026866763,
  "23": 4416.746372762407,
  "24": 4396.52571865805,
  "25": 4376.305064553693,
  "26": 4356.084410449337,
  "27": 4335.86375634498,
  "28": 4315.643102240624,
  "29": 4295.422448136267,
  "30": 4275.20179403191,
  "31": 4254.981139927554,
  "32": 4234.760485823197,
  "33": 4214.539831718841,
  "34": 4194.319177614484,
  "35": 4174.098523510127,
  "36": 4153.877869405771,
  "37": 4133.657215301414,
  "38": 4113.436561197058,
  "39": 4093.215907092701,
  "40": 4072.9952529883444,
  "41": 4052.774598883988,
  "42": 4032.5539447796314,
  "43": 4012.333290675275,
  "44": 3992.112636570918,
  "45": 3971.8919824665613,
  "46": 3951.671328362205,
  "47": 3931.4506742578483,
  "48": 3911.2300201534918,
  "49": 3891.009366049135,
  "50": 3870.7887119447782,
  "51": 3850.5680578404217,
  "52": 3830.347403736065,
  "53": 3810.1267496317087,
  "54": 3789.906095527352,
  "55": 3769.6854414229956,
  "56": 3749.4647873186386,
  "57": 3729.244133214282,
  "58": 3709.0234791099256,
  "59": 3688.802825005569,
  "60": 3668.5821709012125,
  "61": 3648.361516796856,
  "62": 3628.140862692499,
  "63": 3607.9202085881425,
  "64": 3587.699554483786,
  "65": 3567.4789003794294,
  "66": 3547.258246275073,
  "67": 3527.037592170716,
  "68": 3506.8169380663594,
  "69": 3486.596283962003,
  "70": 3466.3756298576463,
  "71": 3446.15497575329,
  "72": 3425.9343216489333,
  "73": 3405.7136675445763,
  "74": 3385.49301344022,
  "75": 3365.2723593358633,
  "76": 3345.0517052315067,
  "77": 3324.83105112715,
  "78": 3304.6103970227937,
  "79": 3284.3897429184367,
  "80": 3264.16908881408
}