{
  "19": 1289.5601837776417,
  "20": 1283.7625178328406,
  "21": 1277.9648518880394,
  "22": 1272.1671859432383,
  "23": 1266.3695199984372,
  "24": 1260.5718540536361,
  "25": 1254.774188108835,
  "26": 1248.976522164034,
  "27": 1243.1788562192328,
  "28": 1237.3811902744317,
  "29": 1231.5835243296306,
  "30": 1225.7858583848295,
  "31": 1219.9881924400283,
  "32": 1214.1905264952272,
  "33": 1208.3928605504261,
  "34": 1202.595194605625,
  "35": 1196.797528660824,
  "36": 1190.9998627160228,
  "37": 1185.2021967712217,
  "38": 1179.4045308264206,
  "39": 1173.6068648816192,
  "40": 1167.8091989368181,
  "41": 1162.011532992017,
  "42": 1156.213867047216,
  "43": 1150.4162011024148,
  "44": 1144.6185351576137,
  "45": 1138.8208692128126,
  "46": 1133.0232032680115,
  "47": 1127.2255373232103,
  "48": 1121.4278713784092,
  "49": 1115.6302054336081,
  "50": 1109.832539488807,
  "51": 1104.034873544006,
  "52": 1098.2372075992048,
  "53": 1092.4395416544037,
  "54": 1086.6418757096026,
  "55": 1080.8442097648015,
  "56": 1075.0465438200004,
  "57": 1069.2488778751992,
  "58": 1063.4512119303981,
  "59": 1057.653545985597,
  "60": 1051.855880040796,
  "61": 1046.0582140959948,
  "62": 1040.2605481511937,
  "63": 1034.4628822063926,
  "64": 1028.6652162615915,
  "65": 1022.8675503167902,
  "66": 1017.0698843719891,
  "67": 1011.272218427188,
  "68": 1005.4745524823869,
  "69": 999.6768865375858,
  "70": 993.8792205927847,
  "71": 988.0815546479835,
  "72": 982.2838887031824,
  "73": 976.4862227583812,
  "74": 970.6885568135801,
  "75": 964.890890868779,
  "76": 959.0932249239779,
  "77": 953.2955589791768,
  "78": 947.4978930343757,
  "79": 941.7002270895746,
  "80": 935.9025611447735
}