{
  "19": 8.334961283178673,
  "20": 8.367809222857995,
  "21": 8.40234167226446,
  "22": 8.438558631398074,
  "23": 8.476460100258828,
  "24": 8.51604607884673,
  "25": 8.557316567161775,
  "26": 8.600271565203967,
  "27": 8.6449110729733,
  "28": 8.69123509046978,
  "29": 8.739243617693406,
  "30": 8.788936654644175,
  "31": 8.840314201322087,
  "32": 8.893376257727146,
  "33": 8.94812282385935,
  "34": 9.004553899718697,
  "35": 9.062669485305191,
  "36": 9.122469580618828,
  "37": 9.18395418565961,
  "38": 9.247123300427537,
  "39": 9.31197692492261,
  "40": 9.378515059144826,
  "41": 9.446737703094186,
  "42": 9.516644856770693,
  "43": 9.588236520174343,
  "44": 9.661512693305138,
  "45": 9.736473376163078,
  "46": 9.813118568748163,
  "47": 9.891448271060392,
  "48": 9.971462483099765,
  "49": 10.053161204866285,
  "50": 10.136544436359948,
  "51": 10.221612177580756,
  "52": 10.308364428528709,
  "53": 10.396801189203806,
  "54": 10.486922459606049,
  "55": 10.578728239735437,
  "56": 10.672218529591968,
  "57": 10.767393329175645,
  "58": 10.864252638486466,
  "59": 10.962796457524432,
  "60": 11.063024786289542,
  "61": 11.164937624781798,
  "62": 11.268534973001199,
  "63": 11.373816830947744,
  "64": 11.480783198621433,
  "65": 11.589434076022266,
  "66": 11.699769463150247,
  "67": 11.81178936000537,
  "68": 11.925493766587639,
  "69": 12.04088268289705,
  "70": 12.15795610893361,
  "71": 12.276714044697313,
  "72": 12.39715649018816,
  "73": 12.51928344540615,
  "74": 12.643094910351287,
  "75": 12.768590885023569,
  "76": 12.895771369422995,
  "77": 13.024636363549567,
  "78": 13.155185867403283,
  "79": 13.287419880984142,
  "80": 13.421338404292147
}