{
  "19": 3.303209269953539,
  "20": 3.298468819285438,
  "21": 3.293485268583075,
  "22": 3.288258617846451,
  "23": 3.2827888670755647,
  "24": 3.277076016270417,
  "25": 3.271120065431008,
  "26": 3.2649210145573373,
  "27": 3.2584788636494046,
  "28": 3.251793612707211,
  "29": 3.244865261730755,
  "30": 3.237693810720038,
  "31": 3.230279259675059,
  "32": 3.222621608595819,
  "33": 3.214720857482317,
  "34": 3.2065770063345536,
  "35": 3.198190055152528,
  "36": 3.1895600039362413,
  "37": 3.1806868526856933,
  "38": 3.1715706014008833,
  "39": 3.1622112500818114,
  "40": 3.1526087987284783,
  "41": 3.1427632473408837,
  "42": 3.132674595919027,
  "43": 3.1223428444629096,
  "44": 3.11176799297253,
  "45": 3.1009500414478888,
  "46": 3.089888989888986,
  "47": 3.0785848382958214,
  "48": 3.0670375866683957,
  "49": 3.055247235006708,
  "50": 3.043213783310759,
  "51": 3.0309372315805483,
  "52": 3.018417579816076,
  "53": 3.0056548280173416,
  "54": 2.992648976184346,
  "55": 2.9794000243170893,
  "56": 2.9659079724155704,
  "57": 2.95217282047979,
  "58": 2.938194568509748,
  "59": 2.9239732165054444,
  "60": 2.9095087644668793,
  "61": 2.8948012123940527,
  "62": 2.879850560286964,
  "63": 2.8646568081456145,
  "64": 2.849219955970003,
  "65": 2.8335400037601297,
  "66": 2.817616951515995,
  "67": 2.8014507992375988,
  "68": 2.7850415469249405,
  "69": 2.7683891945780212,
  "70": 2.75149374219684,
  "71": 2.7343551897813976,
  "72": 2.7169735373316932,
  "73": 2.699348784847727,
  "74": 2.6814809323294995,
  "75": 2.6633699797770105,
  "76": 2.6450159271902596,
  "77": 2.6264187745692475,
  "78": 2.6075785219139735,
  "79": 2.588495169224438,
  "80": 2.569168716500641
}