{
  "19": 1167.4369076847026,
  "20": 1165.0591594047455,
  "21": 1162.5594753155597,
  "22": 1159.9378554171453,
  "23": 1157.1942997095023,
  "24": 1154.3288081926307,
  "25": 1151.3413808665307,
  "26": 1148.232017731202,
  "27": 1145.0007187866447,
  "28": 1141.6474840328588,
  "29": 1138.1723134698445,
  "30": 1134.5752070976014,
  "31": 1130.85616491613,
  "32": 1127.0151869254298,
  "33": 1123.052273125501,
  "34": 1118.9674235163436,
  "35": 1114.7606380979578,
  "36": 1110.4319168703435,
  "37": 1105.9812598335004,
  "38": 1101.408666987429,
  "39": 1096.7141383321286,
  "40": 1091.8976738676,
  "41": 1086.9592735938425,
  "42": 1081.8989375108565,
  "43": 1076.716665618642,
  "44": 1071.4124579171992,
  "45": 1065.9863144065275,
  "46": 1060.4382350866272,
  "47": 1054.7682199574986,
  "48": 1048.976269019141,
  "49": 1043.0623822715552,
  "50": 1037.0265597147406,
  "51": 1030.8688013486976,
  "52": 1024.5891071734259,
  "53": 1018.1874771889256,
  "54": 1011.6639113951968,
  "55": 1005.0184097922395,
  "56": 998.2509723800536,
  "57": 991.3615991586389,
  "58": 984.3502901279959,
  "59": 977.2170452881242,
  "60": 969.9618646390238,
  "61": 962.584748180695,
  "62": 955.0856959131376,
  "63": 947.4647078363516,
  "64": 939.721783950337,
  "65": 931.8569242550939,
  "66": 923.8701287506221,
  "67": 915.7613974369218,
  "68": 907.530730313993,
  "69": 899.1781273818356,
  "70": 890.7035886404494,
  "71": 882.1071140898349,
  "72": 873.3887037299917,
  "73": 864.54835756092,
  "74": 855.5860755826196,
  "75": 846.5018577950907,
  "76": 837.2957041983332,
  "77": 827.9676147923471,
  "78": 818.5175895771325,
  "79": 808.9456285526893,
  "80": 799.2517317190175
}