{
  "19": 1.741062697754455,
  "20": 1.7429495566296476,
  "21": 1.74493317749844,
  "22": 1.7470135603608319,
  "23": 1.7491907052168234,
  "24": 1.7514646120664148,
  "25": 1.7538352809096056,
  "26": 1.756302711746396,
  "27": 1.7588669045767862,
  "28": 1.7615278594007757,
  "29": 1.7642855762183651,
  "30": 1.7671400550295542,
  "31": 1.7700912958343427,
  "32": 1.773139298632731,
  "33": 1.7762840634247188,
  "34": 1.7795255902103062,
  "35": 1.7828638789894933,
  "36": 1.78629892976228,
  "37": 1.7898307425286664,
  "38": 1.7934593172886524,
  "39": 1.7971846540422378,
  "40": 1.8010067527894231,
  "41": 1.804925613530208,
  "42": 1.8089412362645925,
  "43": 1.8130536209925765,
  "44": 1.8172627677141604,
  "45": 1.8215686764293437,
  "46": 1.8259713471381267,
  "47": 1.8304707798405093,
  "48": 1.8350669745364914,
  "49": 1.8397599312260733,
  "50": 1.8445496499092549,
  "51": 1.8494361305860358,
  "52": 1.8544193732564167,
  "53": 1.859499377920397,
  "54": 1.864676144577977,
  "55": 1.8699496732291565,
  "56": 1.8753199638739357,
  "57": 1.8807870165123146,
  "58": 1.8863508311442931,
  "59": 1.8920114077698713,
  "60": 1.897768746389049,
  "61": 1.9036228470018264,
  "62": 1.9095737096082033,
  "63": 1.91562133420818,
  "64": 1.9217657208017562,
  "65": 1.928006869388932,
  "66": 1.9343447799697076,
  "67": 1.9407794525440827,
  "68": 1.9473108871120575,
  "69": 1.953939083673632,
  "70": 1.9606640422288057,
  "71": 1.9674857627775795,
  "72": 1.9744042453199526,
  "73": 1.9814194898559256,
  "74": 1.988531496385498,
  "75": 1.9957402649086702,
  "76": 2.003045795425442,
  "77": 2.0104480879358135,
  "78": 2.0179471424397843,
  "79": 2.025542958937355,
  "80": 2.033235537428525
}