{
  "19": 3.0369526774920996,
  "20": 3.053392224564102,
  "21": 3.0698317716361045,
  "22": 3.0862713187081066,
  "23": 3.102710865780109,
  "24": 3.1191504128521115,
  "25": 3.1355899599241135,
  "26": 3.152029506996116,
  "27": 3.1684690540681184,
  "28": 3.1849086011401204,
  "29": 3.201348148212123,
  "30": 3.217787695284125,
  "31": 3.2342272423561274,
  "32": 3.25066678942813,
  "33": 3.267106336500132,
  "34": 3.2835458835721343,
  "35": 3.2999854306441367,
  "36": 3.3164249777161388,
  "37": 3.332864524788141,
  "38": 3.3493040718601437,
  "39": 3.3657436189321457,
  "40": 3.382183166004148,
  "41": 3.3986227130761506,
  "42": 3.4150622601481526,
  "43": 3.431501807220155,
  "44": 3.4479413542921575,
  "45": 3.4643809013641595,
  "46": 3.480820448436162,
  "47": 3.497259995508164,
  "48": 3.5136995425801665,
  "49": 3.530139089652169,
  "50": 3.546578636724171,
  "51": 3.5630181837961734,
  "52": 3.579457730868176,
  "53": 3.595897277940178,
  "54": 3.6123368250121803,
  "55": 3.628776372084183,
  "56": 3.645215919156185,
  "57": 3.6616554662281873,
  "58": 3.6780950133001897,
  "59": 3.6945345603721917,
  "60": 3.710974107444194,
  "61": 3.7274136545161967,
  "62": 3.7438532015881987,
  "63": 3.760292748660201,
  "64": 3.776732295732203,
  "65": 3.7931718428042056,
  "66": 3.809611389876208,
  "67": 3.82605093694821,
  "68": 3.8424904840202125,
  "69": 3.858930031092215,
  "70": 3.875369578164217,
  "71": 3.8918091252362195,
  "72": 3.908248672308222,
  "73": 3.924688219380224,
  "74": 3.9411277664522264,
  "75": 3.957567313524229,
  "76": 3.974006860596231,
  "77": 3.9904464076682333,
  "78": 4.006885954740236,
  "79": 4.023325501812238,
  "80": 4.03976504888424
}