{
  "19": 4071.696804145866,
  "20": 4063.4038762721307,
  "21": 4054.685670045897,
  "22": 4045.5421854671636,
  "23": 4035.973422535931,
  "24": 4025.9793812522,
  "25": 4015.5600616159686,
  "26": 4004.715463627239,
  "27": 3993.4455872860094,
  "28": 3981.750432592281,
  "29": 3969.629999546053,
  "30": 3957.0842881473263,
  "31": 3944.1132983961,
  "32": 3930.7170302923746,
  "33": 3916.89548383615,
  "34": 3902.648659027426,
  "35": 3887.9765558662034,
  "36": 3872.879174352481,
  "37": 3857.3565144862596,
  "38": 3841.4085762675386,
  "39": 3825.0353596963187,
  "40": 3808.2368647726,
  "41": 3791.0130914963815,
  "42": 3773.364039867664,
  "43": 3755.289709886447,
  "44": 3736.790101552731,
  "45": 3717.865214866516,
  "46": 3698.5150498278012,
  "47": 3678.7396064365876,
  "48": 3658.538884692875,
  "49": 3637.9128845966625,
  "50": 3616.8616061479515,
  "51": 3595.3850493467407,
  "52": 3573.483214193031,
  "53": 3551.156100686822,
  "54": 3528.403708828114,
  "55": 3505.2260386169064,
  "56": 3481.6230900532,
  "57": 3457.594863136994,
  "58": 3433.141357868289,
  "59": 3408.2625742470846,
  "60": 3382.958512273381,
  "61": 3357.2291719471787,
  "62": 3331.0745532684764,
  "63": 3304.494656237275,
  "64": 3277.489480853575,
  "65": 3250.0590271173755,
  "66": 3222.2032950286766,
  "67": 3193.9222845874783,
  "68": 3165.215995793781,
  "69": 3136.084428647585,
  "70": 3106.527583148889,
  "71": 3076.5454592976944,
  "72": 3046.138057094,
  "73": 3015.3053765378068,
  "74": 2984.047417629114,
  "75": 2952.3641803679225,
  "76": 2920.2556647542315,
  "77": 2887.721870788041,
  "78": 2854.7627984693518,
  "79": 2821.378447798163,
  "80": 2787.568818774475
}