{
  "19": 7.001539115048544,
  "20": 7.001539115048544,
  "21": 7.001539115048544,
  "22": 7.001539115048544,
  "23": 7.001539115048544,
  "24": 7.001539115048544,
  "25": 7.001539115048544,
  "26": 7.001539115048544,
  "27": 7.001539115048544,
  "28": 7.001539115048544,
  "29": 7.001539115048544,
  "30": 7.001539115048544,
  "31": 7.001539115048544,
  "32": 7.001539115048544,
  "33": 7.001539115048544,
  "34": 7.001539115048544,
  "35": 7.001539115048544,
  "36": 7.001539115048544,
  "37": 7.001539115048544,
  "38": 7.001539115048544,
  "39": 7.001539115048544,
  "40": 7.001539115048544,
  "41": 7.001539115048544,
  "42": 7.001539115048544,
  "43": 7.001539115048544,
  "44": 7.001539115048544,
  "45": 7.001539115048544,
  "46": 7.001539115048544,
  "47": 7.001539115048544,
  "48": 7.001539115048544,
  "49": 7.001539115048544,
  "50": 7.001539115048544,
  "51": 7.001539115048544,
  "52": 7.001539115048544,
  "53": 7.001539115048544,
  "54": 7.001539115048544,
  "55": 7.001539115048544,
  "56": 7.001539115048544,
  "57": 7.001539115048544,
  "58": 7.001539115048544,
  "59": 7.001539115048544,
  "60": 7.001539115048544,
  "61": 7.001539115048544,
  "62": 7.001539115048544,
  "63": 7.001539115048544,
  "64": 7.001539115048544,
  "65": 7.001539115048544,
  "66": 7.001539115048544,
  "67": 7.001539115048544,
  "68": 7.001539115048544,
  "69": 7.001539115048544,
  "70": 7.001539115048544,
  "71": 7.001539115048544,
  "72": 7.001539115048544,
  "73": 7.001539115048544,
  "74": 7.001539115048544,
  "75": 7.001539115048544,
  "76": 7.001539115048544,
  "77": 7.001539115048544,
  "78": 7.001539115048544,
  "79": 7.001539115048544,
  "80": 7.001539115048544
}