{
  "19": 1.955392942215035,
  "20": 1.9763450002554193,
  "21": 1.9972970582958038,
  "22": 2.018249116336188,
  "23": 2.0392011743765726,
  "24": 2.060153232416957,
  "25": 2.0811052904573413,
  "26": 2.1020573484977256,
  "27": 2.1230094065381104,
  "28": 2.143961464578495,
  "29": 2.164913522618879,
  "30": 2.1858655806592635,
  "31": 2.206817638699648,
  "32": 2.2277696967400322,
  "33": 2.2487217547804166,
  "34": 2.2696738128208014,
  "35": 2.2906258708611857,
  "36": 2.31157792890157,
  "37": 2.3325299869419545,
  "38": 2.353482044982339,
  "39": 2.374434103022723,
  "40": 2.3953861610631075,
  "41": 2.416338219103492,
  "42": 2.4372902771438767,
  "43": 2.458242335184261,
  "44": 2.4791943932246454,
  "45": 2.5001464512650298,
  "46": 2.521098509305414,
  "47": 2.5420505673457985,
  "48": 2.563002625386183,
  "49": 2.5839546834265676,
  "50": 2.604906741466952,
  "51": 2.6258587995073364,
  "52": 2.6468108575477207,
  "53": 2.667762915588105,
  "54": 2.6887149736284894,
  "55": 2.709667031668874,
  "56": 2.730619089709258,
  "57": 2.751571147749643,
  "58": 2.7725232057900273,
  "59": 2.7934752638304117,
  "60": 2.814427321870796,
  "61": 2.8353793799111804,
  "62": 2.8563314379515647,
  "63": 2.877283495991949,
  "64": 2.8982355540323335,
  "65": 2.9191876120727183,
  "66": 2.9401396701131026,
  "67": 2.961091728153487,
  "68": 2.9820437861938713,
  "69": 3.0029958442342557,
  "70": 3.02394790227464,
  "71": 3.0448999603150244,
  "72": 3.065852018355409,
  "73": 3.0868040763957936,
  "74": 3.107756134436178,
  "75": 3.1287081924765623,
  "76": 3.1496602505169466,
  "77": 3.170612308557331,
  "78": 3.1915643665977154,
  "79": 3.2125164246380997,
  "80": 3.2334684826784845
}