{
  "19": 0.5505375909477731,
  "20": 0.551048506702222,
  "21": 0.551553324596511,
  "22": 0.55205204463064,
  "23": 0.5525446668046089,
  "24": 0.5530311911184179,
  "25": 0.553511617572067,
  "26": 0.5539859461655562,
  "27": 0.5544541768988853,
  "28": 0.5549163097720545,
  "29": 0.5553723447850637,
  "30": 0.555822281937913,
  "31": 0.5562661212306024,
  "32": 0.5567038626631317,
  "33": 0.557135506235501,
  "34": 0.5575610519477104,
  "35": 0.5579804997997599,
  "36": 0.5583938497916494,
  "37": 0.558801101923379,
  "38": 0.5592022561949485,
  "39": 0.5595973126063581,
  "40": 0.5599862711576078,
  "41": 0.5603691318486973,
  "42": 0.560745894679627,
  "43": 0.5611165596503968,
  "44": 0.5614811267610066,
  "45": 0.5618395960114564,
  "46": 0.5621919674017463,
  "47": 0.5625382409318761,
  "48": 0.5628784166018461,
  "49": 0.5632124944116561,
  "50": 0.563540474361306,
  "51": 0.5638623564507961,
  "52": 0.5641781406801262,
  "53": 0.5644878270492963,
  "54": 0.5647914155583065,
  "55": 0.5650889062071567,
  "56": 0.565380298995847,
  "57": 0.5656655939243772,
  "58": 0.5659447909927475,
  "59": 0.5662178902009578,
  "60": 0.5664848915490083,
  "61": 0.5667457950368987,
  "62": 0.5670006006646291,
  "63": 0.5672493084321996,
  "64": 0.5674919183396101,
  "65": 0.5677284303868607,
  "66": 0.5679588445739513,
  "67": 0.568183160900882,
  "68": 0.5684013793676526,
  "69": 0.5686134999742632,
  "70": 0.568819522720714,
  "71": 0.5690194476070048,
  "72": 0.5692132746331356,
  "73": 0.5694010037991065,
  "74": 0.5695826351049174,
  "75": 0.5697581685505684,
  "76": 0.5699276041360594,
  "77": 0.5700909418613903,
  "78": 0.5702481817265613,
  "79": 0.5703993237315724,
  "80": 0.5705443678764236
}