{
  "19": 0.1396775151000394,
  "20": 0.1399266575916099,
  "21": 0.1401885766212097,
  "22": 0.14046327218883875,
  "23": 0.14075074429449705,
  "24": 0.14105099293818463,
  "25": 0.14136401811990146,
  "26": 0.1416898198396475,
  "27": 0.14202839809742288,
  "28": 0.14237975289322746,
  "29": 0.1427438842270613,
  "30": 0.14312079209892442,
  "31": 0.1435104765088168,
  "32": 0.14391293745673842,
  "33": 0.14432817494268932,
  "34": 0.14475618896666945,
  "35": 0.14519697952867885,
  "36": 0.14565054662871751,
  "37": 0.14611689026678543,
  "38": 0.14659601044288262,
  "39": 0.14708790715700903,
  "40": 0.14759258040916473,
  "41": 0.14811003019934968,
  "42": 0.14864025652756388,
  "43": 0.14918325939380736,
  "44": 0.1497390387980801,
  "45": 0.15030759474038208,
  "46": 0.15088892722071331,
  "47": 0.1514830362390738,
  "48": 0.15208992179546355,
  "49": 0.15270958388988257,
  "50": 0.15334202252233084,
  "51": 0.15398723769280837,
  "52": 0.15464522940131517,
  "53": 0.1553159976478512,
  "54": 0.1559995424324165,
  "55": 0.15669586375501107,
  "56": 0.1574049616156349,
  "57": 0.15812683601428798,
  "58": 0.15886148695097033,
  "59": 0.1596089144256819,
  "60": 0.16036911843842275,
  "61": 0.16114209898919288,
  "62": 0.16192785607799223,
  "63": 0.16272638970482087,
  "64": 0.16353769986967875,
  "65": 0.1643617865725659,
  "66": 0.16519864981348228,
  "67": 0.16604828959242796,
  "68": 0.16691070590940288,
  "69": 0.16778589876440705,
  "70": 0.16867386815744048,
  "71": 0.16957461408850316,
  "72": 0.17048813655759512,
  "73": 0.17141443556471633,
  "74": 0.1723535111098668,
  "75": 0.1733053631930465,
  "76": 0.17426999181425548,
  "77": 0.17524739697349373,
  "78": 0.17623757867076123,
  "79": 0.17724053690605798,
  "80": 0.178256271679384
}