{
  "19": 23.611805154629934,
  "20": 23.68494243736397,
  "21": 23.758079720098007,
  "22": 23.83121700283204,
  "23": 23.90435428556608,
  "24": 23.977491568300117,
  "25": 24.05062885103415,
  "26": 24.12376613376819,
  "27": 24.196903416502224,
  "28": 24.27004069923626,
  "29": 24.343177981970296,
  "30": 24.416315264704334,
  "31": 24.489452547438372,
  "32": 24.562589830172406,
  "33": 24.635727112906444,
  "34": 24.70886439564048,
  "35": 24.782001678374517,
  "36": 24.85513896110855,
  "37": 24.92827624384259,
  "38": 25.001413526576627,
  "39": 25.07455080931066,
  "40": 25.1476880920447,
  "41": 25.220825374778734,
  "42": 25.293962657512772,
  "43": 25.367099940246806,
  "44": 25.440237222980844,
  "45": 25.51337450571488,
  "46": 25.586511788448917,
  "47": 25.659649071182955,
  "48": 25.73278635391699,
  "49": 25.805923636651027,
  "50": 25.87906091938506,
  "51": 25.9521982021191,
  "52": 26.025335484853134,
  "53": 26.09847276758717,
  "54": 26.17161005032121,
  "55": 26.244747333055244,
  "56": 26.317884615789282,
  "57": 26.391021898523316,
  "58": 26.464159181257354,
  "59": 26.53729646399139,
  "60": 26.610433746725427,
  "61": 26.683571029459465,
  "62": 26.7567083121935,
  "63": 26.829845594927537,
  "64": 26.90298287766157,
  "65": 26.97612016039561,
  "66": 27.049257443129644,
  "67": 27.122394725863682,
  "68": 27.19553200859772,
  "69": 27.268669291331754,
  "70": 27.341806574065792,
  "71": 27.414943856799827,
  "72": 27.488081139533865,
  "73": 27.5612184222679,
  "74": 27.634355705001937,
  "75": 27.70749298773597,
  "76": 27.78063027047001,
  "77": 27.853767553204047,
  "78": 27.926904835938082,
  "79": 28.00004211867212,
  "80": 28.073179401406154
}