{
  "19": 4.793606053794323,
  "20": 4.787520501665392,
  "21": 4.781122869940105,
  "22": 4.774413158618462,
  "23": 4.767391367700465,
  "24": 4.760057497186111,
  "25": 4.752411547075402,
  "26": 4.7444535173683375,
  "27": 4.736183408064918,
  "28": 4.727601219165143,
  "29": 4.718706950669012,
  "30": 4.709500602576526,
  "31": 4.699982174887684,
  "32": 4.690151667602487,
  "33": 4.680009080720934,
  "34": 4.669554414243026,
  "35": 4.658787668168763,
  "36": 4.647708842498144,
  "37": 4.636317937231169,
  "38": 4.62461495236784,
  "39": 4.6125998879081545,
  "40": 4.600272743852114,
  "41": 4.587633520199717,
  "42": 4.574682216950966,
  "43": 4.561418834105858,
  "44": 4.547843371664396,
  "45": 4.533955829626578,
  "46": 4.519756207992404,
  "47": 4.5052445067618745,
  "48": 4.490420725934991,
  "49": 4.4752848655117505,
  "50": 4.459836925492155,
  "51": 4.444076905876204,
  "52": 4.428004806663898,
  "53": 4.4116206278552355,
  "54": 4.3949243694502185,
  "55": 4.377916031448846,
  "56": 4.3605956138511175,
  "57": 4.3429631166570335,
  "58": 4.325018539866595,
  "59": 4.3067618834798,
  "60": 4.28819314749665,
  "61": 4.269312331917145,
  "62": 4.250119436741284,
  "63": 4.230614461969067,
  "64": 4.210797407600495,
  "65": 4.190668273635568,
  "66": 4.170227060074285,
  "67": 4.149473766916646,
  "68": 4.128408394162653,
  "69": 4.107030941812304,
  "70": 4.085341409865599,
  "71": 4.063339798322539,
  "72": 4.041026107183123,
  "73": 4.0184003364473515,
  "74": 3.9954624861152253,
  "75": 3.972212556186743,
  "76": 3.9486505466619057,
  "77": 3.924776457540713,
  "78": 3.9005902888231643,
  "79": 3.8760920405092603,
  "80": 3.851281712599001
}