{
  "19": 2.232546201643252,
  "20": 2.2421826393627122,
  "21": 2.2523132533754784,
  "22": 2.26293804368155,
  "23": 2.274057010280927,
  "24": 2.28567015317361,
  "25": 2.2977774723595985,
  "26": 2.3103789678388926,
  "27": 2.3234746396114923,
  "28": 2.337064487677398,
  "29": 2.351148512036609,
  "30": 2.365726712689126,
  "31": 2.3807990896349485,
  "32": 2.3963656428740765,
  "33": 2.41242637240651,
  "34": 2.4289812782322495,
  "35": 2.4460303603512945,
  "36": 2.4635736187636454,
  "37": 2.4816110534693014,
  "38": 2.500142664468264,
  "39": 2.5191684517605313,
  "40": 2.5386884153461047,
  "41": 2.5587025552249836,
  "42": 2.5792108713971684,
  "43": 2.6002133638626583,
  "44": 2.6217100326214546,
  "45": 2.643700877673556,
  "46": 2.6661858990189633,
  "47": 2.689165096657676,
  "48": 2.712638470589695,
  "49": 2.736606020815019,
  "50": 2.761067747333649,
  "51": 2.786023650145584,
  "52": 2.8114737292508254,
  "53": 2.837417984649372,
  "54": 2.863856416341225,
  "55": 2.890789024326383,
  "56": 2.9182158086048466,
  "57": 2.9461367691766163,
  "58": 2.9745519060416914,
  "59": 3.003461219200072,
  "60": 3.032864708651758,
  "61": 3.0627623743967503,
  "62": 3.093154216435048,
  "63": 3.1240402347666514,
  "64": 3.1554204293915604,
  "65": 3.187294800309775,
  "66": 3.2196633475212955,
  "67": 3.2525260710261215,
  "68": 3.285882970824253,
  "69": 3.3197340469156904,
  "70": 3.3540792993004334,
  "71": 3.388918727978482,
  "72": 3.424252332949836,
  "73": 3.460080114214496,
  "74": 3.4964020717724615,
  "75": 3.5332182056237325,
  "76": 3.5705285157683093,
  "77": 3.608333002206192,
  "78": 3.64663166493738,
  "79": 3.685424503961874,
  "80": 3.7247115192796736
}