{
  "19": 9.113089037619048,
  "20": 9.113089037619048,
  "21": 9.113089037619048,
  "22": 9.113089037619048,
  "23": 9.113089037619048,
  "24": 9.113089037619048,
  "25": 9.113089037619048,
  "26": 9.113089037619048,
  "27": 9.113089037619048,
  "28": 9.113089037619048,
  "29": 9.113089037619048,
  "30": 9.113089037619048,
  "31": 9.113089037619048,
  "32": 9.113089037619048,
  "33": 9.113089037619048,
  "34": 9.113089037619048,
  "35": 9.113089037619048,
  "36": 9.113089037619048,
  "37": 9.113089037619048,
  "38": 9.113089037619048,
  "39": 9.113089037619048,
  "40": 9.113089037619048,
  "41": 9.113089037619048,
  "42": 9.113089037619048,
  "43": 9.113089037619048,
  "44": 9.113089037619048,
  "45": 9.113089037619048,
  "46": 9.113089037619048,
  "47": 9.113089037619048,
  "48": 9.113089037619048,
  "49": 9.113089037619048,
  "50": 9.113089037619048,
  "51": 9.113089037619048,
  "52": 9.113089037619048,
  "53": 9.113089037619048,
  "54": 9.113089037619048,
  "55": 9.113089037619048,
  "56": 9.113089037619048,
  "57": 9.113089037619048,
  "58": 9.113089037619048,
  "59": 9.113089037619048,
  "60": 9.113089037619048,
  "61": 9.113089037619048,
  "62": 9.113089037619048,
  "63": 9.113089037619048,
  "64": 9.113089037619048,
  "65": 9.113089037619048,
  "66": 9.113089037619048,
  "67": 9.113089037619048,
  "68": 9.113089037619048,
  "69": 9.113089037619048,
  "70": 9.113089037619048,
  "71": 9.113089037619048,
  "72": 9.113089037619048,
  "73": 9.113089037619048,
  "74": 9.113089037619048,
  "75": 9.113089037619048,
  "76": 9.113089037619048,
  "77": 9.113089037619048,
  "78": 9.113089037619048,
  "79": 9.113089037619048,
  "80": 9.113089037619048
}