{
  "19": 3.0579741413527763,
  "20": 3.058970371900723,
  "21": 3.0600176911947186,
  "22": 3.0611160992347624,
  "23": 3.062265596020855,
  "24": 3.063466181552996,
  "25": 3.064717855831186,
  "26": 3.066020618855424,
  "27": 3.067374470625711,
  "28": 3.0687794111420463,
  "29": 3.07023544040443,
  "30": 3.0717425584128626,
  "31": 3.0733007651673434,
  "32": 3.074910060667873,
  "33": 3.0765704449144513,
  "34": 3.078281917907078,
  "35": 3.0800444796457533,
  "36": 3.081858130130477,
  "37": 3.0837228693612495,
  "38": 3.0856386973380703,
  "39": 3.08760561406094,
  "40": 3.0896236195298576,
  "41": 3.0916927137448242,
  "42": 3.0938128967058396,
  "43": 3.0959841684129032,
  "44": 3.098206528866015,
  "45": 3.1004799780651764,
  "46": 3.1028045160103854,
  "47": 3.1051801427016437,
  "48": 3.10760685813895,
  "49": 3.110084662322305,
  "50": 3.1126135552517087,
  "51": 3.1151935369271606,
  "52": 3.1178246073486617,
  "53": 3.1205067665162107,
  "54": 3.1232400144298085,
  "55": 3.126024351089455,
  "56": 3.12885977649515,
  "57": 3.1317462906468934,
  "58": 3.1346838935446857,
  "59": 3.1376725851885263,
  "60": 3.1407123655784153,
  "61": 3.143803234714353,
  "62": 3.1469451925963394,
  "63": 3.150138239224374,
  "64": 3.1533823745984577,
  "65": 3.1566775987185896,
  "66": 3.16002391158477,
  "67": 3.1634213131969995,
  "68": 3.166869803555277,
  "69": 3.170369382659603,
  "70": 3.173920050509978,
  "71": 3.1775218071064013,
  "72": 3.181174652448873,
  "73": 3.1848785865373936,
  "74": 3.1886336093719625,
  "75": 3.19243972095258,
  "76": 3.196296921279246,
  "77": 3.2002052103519607,
  "78": 3.204164588170724,
  "79": 3.208175054735536,
  "80": 3.2122366100463964
}