{
  "19": 0.013755306106070937,
  "20": 0.013922746435177161,
  "21": 0.01408957482377177,
  "22": 0.014255791271854765,
  "23": 0.014421395779426147,
  "24": 0.014586388346485913,
  "25": 0.014750768973034067,
  "26": 0.014914537659070606,
  "27": 0.015077694404595532,
  "28": 0.015240239209608843,
  "29": 0.015402172074110543,
  "30": 0.015563492998100626,
  "31": 0.015724201981579096,
  "32": 0.01588429902454595,
  "33": 0.016043784127001193,
  "34": 0.016202657288944818,
  "35": 0.016360918510376833,
  "36": 0.016518567791297234,
  "37": 0.016675605131706017,
  "38": 0.01683203053160319,
  "39": 0.01698784399098875,
  "40": 0.01714304550986269,
  "41": 0.01729763508822502,
  "42": 0.017451612726075736,
  "43": 0.017604978423414838,
  "44": 0.017757732180242326,
  "45": 0.0179098739965582,
  "46": 0.01806140387236246,
  "47": 0.018212321807655106,
  "48": 0.018362627802436138,
  "49": 0.018512321856705555,
  "50": 0.01866140397046336,
  "51": 0.01880987414370955,
  "52": 0.018957732376444124,
  "53": 0.019104978668667085,
  "54": 0.019251613020378432,
  "55": 0.019397635431578165,
  "56": 0.019543045902266288,
  "57": 0.019687844432442793,
  "58": 0.019832031022107684,
  "59": 0.019975605671260964,
  "60": 0.020118568379902627,
  "61": 0.020260919148032675,
  "62": 0.020402657975651113,
  "63": 0.020543784862757934,
  "64": 0.020684299809353143,
  "65": 0.020824202815436735,
  "66": 0.020963493881008717,
  "67": 0.021102173006069085,
  "68": 0.021240240190617835,
  "69": 0.021377695434654974,
  "70": 0.0215145387381805,
  "71": 0.021650770101194407,
  "72": 0.021786389523696704,
  "73": 0.021921397005687387,
  "74": 0.022055792547166456,
  "75": 0.02218957614813391,
  "76": 0.02232274780858975,
  "77": 0.022455307528533974,
  "78": 0.022587255307966587,
  "79": 0.022718591146887585,
  "80": 0.02284931504529697
}