{
  "19": -0.007789825513422301,
  "20": -0.007873266185433173,
  "21": -0.007956706857444044,
  "22": -0.008040147529454915,
  "23": -0.008123588201465786,
  "24": -0.008207028873476657,
  "25": -0.008290469545487528,
  "26": -0.0083739102174984,
  "27": -0.008457350889509272,
  "28": -0.008540791561520144,
  "29": -0.008624232233531015,
  "30": -0.008707672905541886,
  "31": -0.008791113577552757,
  "32": -0.008874554249563628,
  "33": -0.0089579949215745,
  "34": -0.00904143559358537,
  "35": -0.009124876265596242,
  "36": -0.009208316937607113,
  "37": -0.009291757609617984,
  "38": -0.009375198281628857,
  "39": -0.009458638953639728,
  "40": -0.0095420796256506,
  "41": -0.00962552029766147,
  "42": -0.009708960969672342,
  "43": -0.009792401641683213,
  "44": -0.009875842313694084,
  "45": -0.009959282985704955,
  "46": -0.010042723657715826,
  "47": -0.010126164329726697,
  "48": -0.010209605001737568,
  "49": -0.010293045673748441,
  "50": -0.010376486345759313,
  "51": -0.010459927017770184,
  "52": -0.010543367689781055,
  "53": -0.010626808361791926,
  "54": -0.010710249033802797,
  "55": -0.010793689705813668,
  "56": -0.01087713037782454,
  "57": -0.01096057104983541,
  "58": -0.011044011721846282,
  "59": -0.011127452393857155,
  "60": -0.011210893065868026,
  "61": -0.011294333737878897,
  "62": -0.011377774409889768,
  "63": -0.01146121508190064,
  "64": -0.01154465575391151,
  "65": -0.011628096425922382,
  "66": -0.011711537097933253,
  "67": -0.011794977769944124,
  "68": -0.011878418441954995,
  "69": -0.011961859113965866,
  "70": -0.01204529978597674,
  "71": -0.01212874045798761,
  "72": -0.012212181129998482,
  "73": -0.012295621802009353,
  "74": -0.012379062474020224,
  "75": -0.012462503146031095,
  "76": -0.012545943818041966,
  "77": -0.012629384490052837,
  "78": -0.012712825162063708,
  "79": -0.01279626583407458,
  "80": -0.012879706506085453
}