{
  "19": 0.6369647895513671,
  "20": 0.6390391705326776,
  "21": 0.6410473717359738,
  "22": 0.6429893931612559,
  "23": 0.6448652348085238,
  "24": 0.6466748966777774,
  "25": 0.648418378769017,
  "26": 0.6500956810822422,
  "27": 0.6517068036174533,
  "28": 0.6532517463746501,
  "29": 0.6547305093538327,
  "30": 0.6561430925550011,
  "31": 0.6574894959781554,
  "32": 0.6587697196232954,
  "33": 0.6599837634904214,
  "34": 0.661131627579533,
  "35": 0.6622133118906305,
  "36": 0.6632288164237138,
  "37": 0.6641781411787828,
  "38": 0.6650612861558376,
  "39": 0.6658782513548782,
  "40": 0.6666290367759048,
  "41": 0.667313642418917,
  "42": 0.667932068283915,
  "43": 0.6684843143708988,
  "44": 0.6689703806798685,
  "45": 0.669390267210824,
  "46": 0.6697439739637652,
  "47": 0.6700315009386922,
  "48": 0.670252848135605,
  "49": 0.6704080155545037,
  "50": 0.6704970031953881,
  "51": 0.6705198110582583,
  "52": 0.6704764391431144,
  "53": 0.6703668874499561,
  "54": 0.6701911559787839,
  "55": 0.6699492447295973,
  "56": 0.6696411537023965,
  "57": 0.6692668828971815,
  "58": 0.6688264323139523,
  "59": 0.6683198019527089,
  "60": 0.6677469918134513,
  "61": 0.6671080018961796,
  "62": 0.6664028322008936,
  "63": 0.6656314827275934,
  "64": 0.664793953476279,
  "65": 0.6638902444469504,
  "66": 0.6629203556396076,
  "67": 0.6618842870542506,
  "68": 0.6607820386908795,
  "69": 0.6596136105494941,
  "70": 0.6583790026300945,
  "71": 0.6570782149326807,
  "72": 0.6557112474572526,
  "73": 0.6542781002038104,
  "74": 0.652778773172354,
  "75": 0.6512132663628835,
  "76": 0.6495815797753987,
  "77": 0.6478837134098997,
  "78": 0.6461196672663865,
  "79": 0.644289441344859,
  "80": 0.6423930356453174
}