{
  "19": 31.18078256881289,
  "20": 31.38101123769379,
  "21": 31.575619867475684,
  "22": 31.76460845815857,
  "23": 31.94797700974245,
  "24": 32.12572552222732,
  "25": 32.29785399561318,
  "26": 32.464362429900035,
  "27": 32.62525082508788,
  "28": 32.78051918117672,
  "29": 32.93016749816655,
  "30": 33.07419577605737,
  "31": 33.21260401484919,
  "32": 33.345392214541995,
  "33": 33.4725603751358,
  "34": 33.59410849663059,
  "35": 33.71003657902637,
  "36": 33.82034462232315,
  "37": 33.92503262652092,
  "38": 34.02410059161968,
  "39": 34.11754851761943,
  "40": 34.20537640452018,
  "41": 34.28758425232191,
  "42": 34.36417206102465,
  "43": 34.435139830628366,
  "44": 34.500487561133085,
  "45": 34.56021525253879,
  "46": 34.61432290484549,
  "47": 34.66281051805318,
  "48": 34.70567809216186,
  "49": 34.742925627171545,
  "50": 34.774553123082214,
  "51": 34.800560579893876,
  "52": 34.820947997606524,
  "53": 34.83571537622017,
  "54": 34.844862715734806,
  "55": 34.84839001615043,
  "56": 34.84629727746706,
  "57": 34.83858449968467,
  "58": 34.82525168280328,
  "59": 34.806298826822875,
  "60": 34.78172593174346,
  "61": 34.75153299756504,
  "62": 34.71572002428762,
  "63": 34.67428701191118,
  "64": 34.627233960435746,
  "65": 34.574560869861294,
  "66": 34.516267740187835,
  "67": 34.45235457141538,
  "68": 34.382821363543904,
  "69": 34.307668116573424,
  "70": 34.22689483050393,
  "71": 34.140501505335436,
  "72": 34.048488141067935,
  "73": 33.95085473770142,
  "74": 33.847601295235904,
  "75": 33.738727813671375,
  "76": 33.624234293007845,
  "77": 33.5041207332453,
  "78": 33.37838713438375,
  "79": 33.24703349642319,
  "80": 33.110059819363634
}