{
  "19": 0.10044464394193524,
  "20": 0.10048128422415255,
  "21": 0.10051980349520152,
  "22": 0.10056020175508215,
  "23": 0.10060247900379445,
  "24": 0.10064663524133839,
  "25": 0.10069267046771399,
  "26": 0.10074058468292126,
  "27": 0.10079037788696017,
  "28": 0.10084205007983074,
  "29": 0.10089560126153298,
  "30": 0.10095103143206687,
  "31": 0.10100834059143242,
  "32": 0.10106752873962963,
  "33": 0.10112859587665848,
  "34": 0.10119154200251901,
  "35": 0.10125636711721117,
  "36": 0.10132307122073501,
  "37": 0.1013916543130905,
  "38": 0.10146211639427764,
  "39": 0.10153445746429646,
  "40": 0.10160867752314692,
  "41": 0.10168477657082904,
  "42": 0.10176275460734281,
  "43": 0.10184261163268825,
  "44": 0.10192434764686534,
  "45": 0.10200796264987409,
  "46": 0.1020934566417145,
  "47": 0.10218082962238656,
  "48": 0.10227008159189029,
  "49": 0.10236121255022566,
  "50": 0.1024542224973927,
  "51": 0.10254911143339139,
  "52": 0.10264587935822174,
  "53": 0.10274452627188374,
  "54": 0.10284505217437741,
  "55": 0.10294745706570273,
  "56": 0.10305174094585971,
  "57": 0.10315790381484835,
  "58": 0.10326594567266864,
  "59": 0.10337586651932058,
  "60": 0.10348766635480419,
  "61": 0.10360134517911947,
  "62": 0.10371690299226638,
  "63": 0.10383433979424496,
  "64": 0.1039536555850552,
  "65": 0.1040748503646971,
  "66": 0.10419792413317065,
  "67": 0.10432287689047585,
  "68": 0.10444970863661272,
  "69": 0.10457841937158124,
  "70": 0.10470900909538143,
  "71": 0.10484147780801327,
  "72": 0.10497582550947676,
  "73": 0.10511205219977192,
  "74": 0.10525015787889873,
  "75": 0.10539014254685719,
  "76": 0.10553200620364732,
  "77": 0.1056757488492691,
  "78": 0.10582137048372255,
  "79": 0.10596887110700763,
  "80": 0.1061182507191244
}