{
  "19": 6.470987960941781,
  "20": 6.49294272525051,
  "21": 6.516023374908404,
  "22": 6.540229909915465,
  "23": 6.56556233027169,
  "24": 6.592020635977081,
  "25": 6.619604827031638,
  "26": 6.64831490343536,
  "27": 6.678150865188249,
  "28": 6.709112712290302,
  "29": 6.741200444741521,
  "30": 6.774414062541906,
  "31": 6.808753565691457,
  "32": 6.844218954190172,
  "33": 6.880810228038054,
  "34": 6.918527387235101,
  "35": 6.957370431781313,
  "36": 6.9973393616766915,
  "37": 7.0384341769212355,
  "38": 7.080654877514945,
  "39": 7.1240014634578195,
  "40": 7.16847393474986,
  "41": 7.214072291391067,
  "42": 7.260796533381439,
  "43": 7.308646660720975,
  "44": 7.357622673409678,
  "45": 7.407724571447547,
  "46": 7.458952354834581,
  "47": 7.511306023570781,
  "48": 7.564785577656146,
  "49": 7.619391017090677,
  "50": 7.675122341874373,
  "51": 7.731979552007235,
  "52": 7.789962647489263,
  "53": 7.849071628320456,
  "54": 7.9093064945008145,
  "55": 7.970667246030339,
  "56": 8.033153882909028,
  "57": 8.096766405136885,
  "58": 8.161504812713906,
  "59": 8.227369105640092,
  "60": 8.294359283915444,
  "61": 8.362475347539963,
  "62": 8.431717296513646,
  "63": 8.502085130836495,
  "64": 8.57357885050851,
  "65": 8.646198455529689,
  "66": 8.719943945900035,
  "67": 8.794815321619547,
  "68": 8.870812582688224,
  "69": 8.947935729106065,
  "70": 9.026184760873074,
  "71": 9.105559677989248,
  "72": 9.186060480454588,
  "73": 9.267687168269092,
  "74": 9.350439741432762,
  "75": 9.434318199945599,
  "76": 9.5193225438076,
  "77": 9.605452773018767,
  "78": 9.6927088875791,
  "79": 9.781090887488599,
  "80": 9.870598772747263
}