{
  "19": 3254.8347222222214,
  "20": 3254.8347222222214,
  "21": 3254.8347222222214,
  "22": 3254.8347222222214,
  "23": 3254.8347222222214,
  "24": 3254.8347222222214,
  "25": 3254.8347222222214,
  "26": 3254.8347222222214,
  "27": 3254.8347222222214,
  "28": 3254.8347222222214,
  "29": 3254.8347222222214,
  "30": 3254.8347222222214,
  "31": 3254.8347222222214,
  "32": 3254.8347222222214,
  "33": 3254.8347222222214,
  "34": 3254.8347222222214,
  "35": 3254.8347222222214,
  "36": 3254.8347222222214,
  "37": 3254.8347222222214,
  "38": 3254.8347222222214,
  "39": 3254.8347222222214,
  "40": 3254.8347222222214,
  "41": 3254.8347222222214,
  "42": 3254.8347222222214,
  "43": 3254.8347222222214,
  "44": 3254.8347222222214,
  "45": 3254.8347222222214,
  "46": 3254.8347222222214,
  "47": 3254.8347222222214,
  "48": 3254.8347222222214,
  "49": 3254.8347222222214,
  "50": 3254.8347222222214,
  "51": 3254.8347222222214,
  "52": 3254.8347222222214,
  "53": 3254.8347222222214,
  "54": 3254.8347222222214,
  "55": 3254.8347222222214,
  "56": 3254.8347222222214,
  "57": 3254.8347222222214,
  "58": 3254.8347222222214,
  "59": 3254.8347222222214,
  "60": 3254.8347222222214,
  "61": 3254.8347222222214,
  "62": 3254.8347222222214,
  "63": 3254.8347222222214,
  "64": 3254.8347222222214,
  "65": 3254.8347222222214,
  "66": 3254.8347222222214,
  "67": 3254.8347222222214,
  "68": 3254.8347222222214,
  "69": 3254.8347222222214,
  "70": 3254.8347222222214,
  "71": 3254.8347222222214,
  "72": 3254.8347222222214,
  "73": 3254.8347222222214,
  "74": 3254.8347222222214,
  "75": 3254.8347222222214,
  "76": 3254.8347222222214,
  "77": 3254.8347222222214,
  "78": 3254.8347222222214,
  "79": 3254.8347222222214,
  "80": 3254.8347222222214
}