{
  "19": 933.2262115555554,
  "20": 933.2262115555554,
  "21": 933.2262115555554,
  "22": 933.2262115555554,
  "23": 933.2262115555554,
  "24": 933.2262115555554,
  "25": 933.2262115555554,
  "26": 933.2262115555554,
  "27": 933.2262115555554,
  "28": 933.2262115555554,
  "29": 933.2262115555554,
  "30": 933.2262115555554,
  "31": 933.2262115555554,
  "32": 933.2262115555554,
  "33": 933.2262115555554,
  "34": 933.2262115555554,
  "35": 933.2262115555554,
  "36": 933.2262115555554,
  "37": 933.2262115555554,
  "38": 933.2262115555554,
  "39": 933.2262115555554,
  "40": 933.2262115555554,
  "41": 933.2262115555554,
  "42": 933.2262115555554,
  "43": 933.2262115555554,
  "44": 933.2262115555554,
  "45": 933.2262115555554,
  "46": 933.2262115555554,
  "47": 933.2262115555554,
  "48": 933.2262115555554,
  "49": 933.2262115555554,
  "50": 933.2262115555554,
  "51": 933.2262115555554,
  "52": 933.2262115555554,
  "53": 933.2262115555554,
  "54": 933.2262115555554,
  "55": 933.2262115555554,
  "56": 933.2262115555554,
  "57": 933.2262115555554,
  "58": 933.2262115555554,
  "59": 933.2262115555554,
  "60": 933.2262115555554,
  "61": 933.2262115555554,
  "62": 933.2262115555554,
  "63": 933.2262115555554,
  "64": 933.2262115555554,
  "65": 933.2262115555554,
  "66": 933.2262115555554,
  "67": 933.2262115555554,
  "68": 933.2262115555554,
  "69": 933.2262115555554,
  "70": 933.2262115555554,
  "71": 933.2262115555554,
  "72": 933.2262115555554,
  "73": 933.2262115555554,
  "74": 933.2262115555554,
  "75": 933.2262115555554,
  "76": 933.2262115555554,
  "77": 933.2262115555554,
  "78": 933.2262115555554,
  "79": 933.2262115555554,
  "80": 933.2262115555554
}