{
  "19": 5.064867404395865,
  "20": 5.085466460287322,
  "21": 5.106065516178779,
  "22": 5.126664572070236,
  "23": 5.147263627961694,
  "24": 5.167862683853151,
  "25": 5.188461739744608,
  "26": 5.2090607956360655,
  "27": 5.229659851527523,
  "28": 5.2502589074189805,
  "29": 5.270857963310438,
  "30": 5.291457019201895,
  "31": 5.312056075093352,
  "32": 5.33265513098481,
  "33": 5.353254186876267,
  "34": 5.373853242767724,
  "35": 5.394452298659181,
  "36": 5.415051354550639,
  "37": 5.435650410442096,
  "38": 5.456249466333554,
  "39": 5.47684852222501,
  "40": 5.497447578116468,
  "41": 5.518046634007925,
  "42": 5.538645689899383,
  "43": 5.559244745790839,
  "44": 5.579843801682297,
  "45": 5.600442857573754,
  "46": 5.621041913465212,
  "47": 5.641640969356669,
  "48": 5.662240025248126,
  "49": 5.6828390811395835,
  "50": 5.703438137031041,
  "51": 5.7240371929224985,
  "52": 5.744636248813955,
  "53": 5.765235304705413,
  "54": 5.78583436059687,
  "55": 5.806433416488328,
  "56": 5.827032472379785,
  "57": 5.847631528271242,
  "58": 5.868230584162699,
  "59": 5.888829640054157,
  "60": 5.909428695945614,
  "61": 5.930027751837071,
  "62": 5.950626807728528,
  "63": 5.971225863619986,
  "64": 5.991824919511443,
  "65": 6.012423975402901,
  "66": 6.033023031294357,
  "67": 6.053622087185815,
  "68": 6.074221143077272,
  "69": 6.09482019896873,
  "70": 6.1154192548601864,
  "71": 6.136018310751644,
  "72": 6.156617366643101,
  "73": 6.177216422534559,
  "74": 6.197815478426016,
  "75": 6.218414534317473,
  "76": 6.2390135902089305,
  "77": 6.259612646100388,
  "78": 6.2802117019918455,
  "79": 6.300810757883302,
  "80": 6.32140981377476
}