{
  "19": 2.773031825713827,
  "20": 2.7784267798702276,
  "21": 2.7840983983423406,
  "22": 2.7900466811301667,
  "23": 2.7962716282337055,
  "24": 2.802773239652957,
  "25": 2.8095515153879216,
  "26": 2.8166064554385986,
  "27": 2.823938059804989,
  "28": 2.831546328487092,
  "29": 2.8394312614849078,
  "30": 2.8475928587984365,
  "31": 2.856031120427678,
  "32": 2.864746046372632,
  "33": 2.873737636633299,
  "34": 2.883005891209679,
  "35": 2.892550810101772,
  "36": 2.9023723933095775,
  "37": 2.9124706408330963,
  "38": 2.9228455526723276,
  "39": 2.9334971288272715,
  "40": 2.9444253692979285,
  "41": 2.9556302740842986,
  "42": 2.967111843186381,
  "43": 2.9788700766041765,
  "44": 2.990904974337685,
  "45": 3.003216536386906,
  "46": 3.01580476275184,
  "47": 3.028669653432487,
  "48": 3.0418112084288467,
  "49": 3.0552294277409193,
  "50": 3.0689243113687046,
  "51": 3.082895859312203,
  "52": 3.097144071571414,
  "53": 3.1116689481463378,
  "54": 3.1264704890369743,
  "55": 3.141548694243324,
  "56": 3.156903563765386,
  "57": 3.1725350976031614,
  "58": 3.1884432957566493,
  "59": 3.2046281582258502,
  "60": 3.2210896850107638,
  "61": 3.2378278761113903,
  "62": 3.25484273152773,
  "63": 3.272134251259782,
  "64": 3.289702435307547,
  "65": 3.307547283671025,
  "66": 3.325668796350216,
  "67": 3.3440669733451194,
  "68": 3.3627418146557355,
  "69": 3.3816933202820647,
  "70": 3.400921490224107,
  "71": 3.420426324481862,
  "72": 3.4402078230553297,
  "73": 3.46026598594451,
  "74": 3.4806008131494033,
  "75": 3.50121230467001,
  "76": 3.5221004605063286,
  "77": 3.543265280658361,
  "78": 3.5647067651261053,
  "79": 3.586424913909563,
  "80": 3.6084197270087333
}