{
  "19": 8.740348178699325,
  "20": 8.822541347196509,
  "21": 8.902037677517912,
  "22": 8.978837169663539,
  "23": 9.052939823633388,
  "24": 9.124345639427457,
  "25": 9.193054617045748,
  "26": 9.259066756488263,
  "27": 9.322382057754998,
  "28": 9.383000520845954,
  "29": 9.440922145761135,
  "30": 9.496146932500535,
  "31": 9.548674881064159,
  "32": 9.598505991452004,
  "33": 9.645640263664069,
  "34": 9.690077697700358,
  "35": 9.731818293560869,
  "36": 9.7708620512456,
  "37": 9.807208970754555,
  "38": 9.84085905208773,
  "39": 9.871812295245128,
  "40": 9.900068700226747,
  "41": 9.925628267032586,
  "42": 9.94849099566265,
  "43": 9.968656886116936,
  "44": 9.98612593839544,
  "45": 10.00089815249817,
  "46": 10.01297352842512,
  "47": 10.022352066176293,
  "48": 10.029033765751686,
  "49": 10.033018627151302,
  "50": 10.03430665037514,
  "51": 10.032897835423197,
  "52": 10.028792182295481,
  "53": 10.021989690991983,
  "54": 10.012490361512707,
  "55": 10.000294193857654,
  "56": 9.985401188026822,
  "57": 9.96781134402021,
  "58": 9.947524661837825,
  "59": 9.924541141479658,
  "60": 9.898860782945713,
  "61": 9.870483586235991,
  "62": 9.83940955135049,
  "63": 9.805638678289212,
  "64": 9.769170967052155,
  "65": 9.730006417639318,
  "66": 9.688145030050707,
  "67": 9.643586804286315,
  "68": 9.596331740346146,
  "69": 9.546379838230196,
  "70": 9.49373109793847,
  "71": 9.438385519470966,
  "72": 9.380343102827682,
  "73": 9.319603848008624,
  "74": 9.256167755013784,
  "75": 9.190034823843167,
  "76": 9.121205054496771,
  "77": 9.049678446974598,
  "78": 8.975455001276648,
  "79": 8.898534717402919,
  "80": 8.81891759535341
}