{
  "19": 11.976598164785836,
  "20": 11.951291694866281,
  "21": 11.924687457258544,
  "22": 11.896785451962625,
  "23": 11.867585678978523,
  "24": 11.83708813830624,
  "25": 11.805292829945774,
  "26": 11.772199753897127,
  "27": 11.737808910160297,
  "28": 11.702120298735284,
  "29": 11.66513391962209,
  "30": 11.626849772820712,
  "31": 11.587267858331153,
  "32": 11.54638817615341,
  "33": 11.504210726287486,
  "34": 11.46073550873338,
  "35": 11.41596252349109,
  "36": 11.36989177056062,
  "37": 11.322523249941968,
  "38": 11.273856961635133,
  "39": 11.223892905640115,
  "40": 11.172631081956915,
  "41": 11.120071490585532,
  "42": 11.066214131525967,
  "43": 11.011059004778222,
  "44": 10.954606110342292,
  "45": 10.896855448218181,
  "46": 10.837807018405888,
  "47": 10.77746082090541,
  "48": 10.715816855716753,
  "49": 10.652875122839912,
  "50": 10.58863562227489,
  "51": 10.523098354021686,
  "52": 10.456263318080298,
  "53": 10.388130514450728,
  "54": 10.318699943132977,
  "55": 10.247971604127043,
  "56": 10.175945497432926,
  "57": 10.102621623050627,
  "58": 10.027999980980146,
  "59": 9.952080571221483,
  "60": 9.874863393774637,
  "61": 9.79634844863961,
  "62": 9.7165357358164,
  "63": 9.635425255305007,
  "64": 9.553017007105433,
  "65": 9.469310991217677,
  "66": 9.384307207641736,
  "67": 9.298005656377615,
  "68": 9.210406337425312,
  "69": 9.121509250784825,
  "70": 9.031314396456159,
  "71": 8.939821774439308,
  "72": 8.847031384734274,
  "73": 8.75294322734106,
  "74": 8.657557302259661,
  "75": 8.560873609490082,
  "76": 8.46289214903232,
  "77": 8.363612920886377,
  "78": 8.26303592505225,
  "79": 8.161161161529941,
  "80": 8.05798863031945
}