{
  "19": 2.4604184712878805,
  "20": 2.4604184712878805,
  "21": 2.4604184712878805,
  "22": 2.4604184712878805,
  "23": 2.4604184712878805,
  "24": 2.4604184712878805,
  "25": 2.4604184712878805,
  "26": 2.4604184712878805,
  "27": 2.4604184712878805,
  "28": 2.4604184712878805,
  "29": 2.4604184712878805,
  "30": 2.4604184712878805,
  "31": 2.4604184712878805,
  "32": 2.4604184712878805,
  "33": 2.4604184712878805,
  "34": 2.4604184712878805,
  "35": 2.4604184712878805,
  "36": 2.4604184712878805,
  "37": 2.4604184712878805,
  "38": 2.4604184712878805,
  "39": 2.4604184712878805,
  "40": 2.4604184712878805,
  "41": 2.4604184712878805,
  "42": 2.4604184712878805,
  "43": 2.4604184712878805,
  "44": 2.4604184712878805,
  "45": 2.4604184712878805,
  "46": 2.4604184712878805,
  "47": 2.4604184712878805,
  "48": 2.4604184712878805,
  "49": 2.4604184712878805,
  "50": 2.4604184712878805,
  "51": 2.4604184712878805,
  "52": 2.4604184712878805,
  "53": 2.4604184712878805,
  "54": 2.4604184712878805,
  "55": 2.4604184712878805,
  "56": 2.4604184712878805,
  "57": 2.4604184712878805,
  "58": 2.4604184712878805,
  "59": 2.4604184712878805,
  "60": 2.4604184712878805,
  "61": 2.4604184712878805,
  "62": 2.4604184712878805,
  "63": 2.4604184712878805,
  "64": 2.4604184712878805,
  "65": 2.4604184712878805,
  "66": 2.4604184712878805,
  "67": 2.4604184712878805,
  "68": 2.4604184712878805,
  "69": 2.4604184712878805,
  "70": 2.4604184712878805,
  "71": 2.4604184712878805,
  "72": 2.4604184712878805,
  "73": 2.4604184712878805,
  "74": 2.4604184712878805,
  "75": 2.4604184712878805,
  "76": 2.4604184712878805,
  "77": 2.4604184712878805,
  "78": 2.4604184712878805,
  "79": 2.4604184712878805,
  "80": 2.4604184712878805
}