{
  "19": 0.03418783011973424,
  "20": 0.03444706245344879,
  "21": 0.03469883162330757,
  "22": 0.03494313762931057,
  "23": 0.035179980471457775,
  "24": 0.03540936014974919,
  "25": 0.03563127666418483,
  "26": 0.03584573001476468,
  "27": 0.03605272020148875,
  "28": 0.03625224722435703,
  "29": 0.03644431108336953,
  "30": 0.03662891177852624,
  "31": 0.036806049309827164,
  "32": 0.0369757236772723,
  "33": 0.03713793488086166,
  "34": 0.03729268292059523,
  "35": 0.037439967796473024,
  "36": 0.037579789508495026,
  "37": 0.03771214805666124,
  "38": 0.03783704344097168,
  "39": 0.037954475661426325,
  "40": 0.03806444471802519,
  "41": 0.03816695061076826,
  "42": 0.038261993339655555,
  "43": 0.03834957290468707,
  "44": 0.03842968930586279,
  "45": 0.03850234254318272,
  "46": 0.038567532616646874,
  "47": 0.03862525952625525,
  "48": 0.03867552327200783,
  "49": 0.03871832385390463,
  "50": 0.03875366127194564,
  "51": 0.038781535526130874,
  "52": 0.03880194661646032,
  "53": 0.03881489454293398,
  "54": 0.03882037930555184,
  "55": 0.03881840090431393,
  "56": 0.03880895933922024,
  "57": 0.038792054610270764,
  "58": 0.03876768671746549,
  "59": 0.03873585566080444,
  "60": 0.03869656144028761,
  "61": 0.03864980405591499,
  "62": 0.038595583507686576,
  "63": 0.038533899795602386,
  "64": 0.038464752919662414,
  "65": 0.03838814287986666,
  "66": 0.038304069676215115,
  "67": 0.038212533308707775,
  "68": 0.038113533777344666,
  "69": 0.03800707108212577,
  "70": 0.03789314522305108,
  "71": 0.03777175620012061,
  "72": 0.03764290401333435,
  "73": 0.03750658866269232,
  "74": 0.037362810148194495,
  "75": 0.03721156846984088,
  "76": 0.03705286362763149,
  "77": 0.03688669562156631,
  "78": 0.03671306445164535,
  "79": 0.036531970117868594,
  "80": 0.03634341262023606
}