{
  "19": -0.006378479605970831,
  "20": -0.006619789447962593,
  "21": -0.006850885324883394,
  "22": -0.0070717672367332325,
  "23": -0.007282435183512111,
  "24": -0.007482889165220026,
  "25": -0.007673129181856981,
  "26": -0.007853155233422974,
  "27": -0.008022967319918004,
  "28": -0.008182565441342073,
  "29": -0.008331949597695181,
  "30": -0.008471119788977329,
  "31": -0.008600076015188514,
  "32": -0.008718818276328736,
  "33": -0.008827346572397999,
  "34": -0.008925660903396297,
  "35": -0.009013761269323635,
  "36": -0.009091647670180013,
  "37": -0.009159320105965428,
  "38": -0.009216778576679881,
  "39": -0.009264023082323372,
  "40": -0.009301053622895902,
  "41": -0.00932787019839747,
  "42": -0.00934447280882808,
  "43": -0.009350861454187724,
  "44": -0.009347036134476409,
  "45": -0.009332996849694129,
  "46": -0.00930874359984089,
  "47": -0.009274276384916689,
  "48": -0.009229595204921524,
  "49": -0.009174700059855403,
  "50": -0.009109590949718317,
  "51": -0.009034267874510268,
  "52": -0.008948730834231259,
  "53": -0.008852979828881289,
  "54": -0.008747014858460356,
  "55": -0.00863083592296846,
  "56": -0.008504443022405609,
  "57": -0.00836783615677179,
  "58": -0.008221015326067012,
  "59": -0.008063980530291271,
  "60": -0.007896731769444568,
  "61": -0.007719269043526903,
  "62": -0.007531592352538278,
  "63": -0.0073337016964786905,
  "64": -0.007125597075348145,
  "65": -0.006907278489146635,
  "66": -0.006678745937874163,
  "67": -0.006439999421530729,
  "68": -0.006191038940116333,
  "69": -0.005931864493630977,
  "70": -0.0056624760820746575,
  "71": -0.005382873705447381,
  "72": -0.005093057363749139,
  "73": -0.004793027056979936,
  "74": -0.004482782785139771,
  "75": -0.004162324548228644,
  "76": -0.003831652346246556,
  "77": -0.003490766179193506,
  "78": -0.0031396660470694943,
  "79": -0.0027783519498745216,
  "80": -0.0024068238876085867
}