{
  "19": 15.003144379276407,
  "20": 15.067898445923484,
  "21": 15.135973233937078,
  "22": 15.207368743317188,
  "23": 15.282084974063816,
  "24": 15.36012192617696,
  "25": 15.44147959965662,
  "26": 15.526157994502798,
  "27": 15.614157110715492,
  "28": 15.705476948294704,
  "29": 15.800117507240431,
  "30": 15.898078787552677,
  "31": 15.999360789231437,
  "32": 16.103963512276717,
  "33": 16.21188695668851,
  "34": 16.323131122466823,
  "35": 16.437696009611653,
  "36": 16.555581618122996,
  "37": 16.676787948000857,
  "38": 16.801314999245236,
  "39": 16.929162771856134,
  "40": 17.060331265833547,
  "41": 17.194820481177473,
  "42": 17.33263041788792,
  "43": 17.473761075964884,
  "44": 17.61821245540836,
  "45": 17.76598455621836,
  "46": 17.917077378394872,
  "47": 18.0714909219379,
  "48": 18.229225186847447,
  "49": 18.39028017312351,
  "50": 18.55465588076609,
  "51": 18.722352309775186,
  "52": 18.8933694601508,
  "53": 19.06770733189293,
  "54": 19.24536592500158,
  "55": 19.426345239476742,
  "56": 19.610645275318422,
  "57": 19.79826603252662,
  "58": 19.989207511101334,
  "59": 20.183469711042566,
  "60": 20.381052632350315,
  "61": 20.581956275024577,
  "62": 20.786180639065357,
  "63": 20.993725724472657,
  "64": 21.20459153124647,
  "65": 21.418778059386803,
  "66": 21.63628530889365,
  "67": 21.857113279767017,
  "68": 22.0812619720069,
  "69": 22.308731385613296,
  "70": 22.539521520586213,
  "71": 22.773632376925644,
  "72": 23.01106395463159,
  "73": 23.25181625370406,
  "74": 23.495889274143043,
  "75": 23.743283015948542,
  "76": 23.993997479120555,
  "77": 24.24803266365909,
  "78": 24.50538856956414,
  "79": 24.766065196835704,
  "80": 25.03006254547379
}