{
  "19": 0.7488826521992018,
  "20": 0.7481829492255014,
  "21": 0.7474473640480216,
  "22": 0.7466758966667623,
  "23": 0.7458685470817235,
  "24": 0.745025315292905,
  "25": 0.7441462013003072,
  "26": 0.7432312051039298,
  "27": 0.742280326703773,
  "28": 0.7412935660998367,
  "29": 0.7402709232921207,
  "30": 0.7392123982806253,
  "31": 0.7381179910653505,
  "32": 0.736987701646296,
  "33": 0.7358215300234622,
  "34": 0.7346194761968488,
  "35": 0.7333815401664558,
  "36": 0.7321077219322835,
  "37": 0.7307980214943315,
  "38": 0.7294524388526001,
  "39": 0.7280709740070892,
  "40": 0.7266536269577988,
  "41": 0.7252003977047288,
  "42": 0.7237112862478794,
  "43": 0.7221862925872504,
  "44": 0.720625416722842,
  "45": 0.719028658654654,
  "46": 0.7173960183826865,
  "47": 0.7157274959069396,
  "48": 0.7140230912274131,
  "49": 0.7122828043441072,
  "50": 0.7105066352570216,
  "51": 0.7086945839661567,
  "52": 0.7068466504715122,
  "53": 0.7049628347730882,
  "54": 0.7030431368708847,
  "55": 0.7010875567649018,
  "56": 0.6990960944551392,
  "57": 0.6970687499415972,
  "58": 0.6950055232242757,
  "59": 0.6929064143031747,
  "60": 0.6907714231782942,
  "61": 0.6886005498496341,
  "62": 0.6863937943171946,
  "63": 0.6841511565809756,
  "64": 0.6818726366409771,
  "65": 0.679558234497199,
  "66": 0.6772079501496414,
  "67": 0.6748217835983044,
  "68": 0.6723997348431878,
  "69": 0.6699418038842918,
  "70": 0.6674479907216162,
  "71": 0.6649182953551611,
  "72": 0.6623527177849265,
  "73": 0.6597512580109125,
  "74": 0.6571139160331189,
  "75": 0.6544406918515457,
  "76": 0.6517315854661931,
  "77": 0.6489865968770611,
  "78": 0.6462057260841495,
  "79": 0.6433889730874583,
  "80": 0.6405363378869877
}