{
  "19": 0.28148268439697277,
  "20": 0.282319435961178,
  "21": 0.2831561875253832,
  "22": 0.28399293908958845,
  "23": 0.28482969065379365,
  "24": 0.28566644221799886,
  "25": 0.2865031937822041,
  "26": 0.28733994534640933,
  "27": 0.28817669691061454,
  "28": 0.28901344847481975,
  "29": 0.289850200039025,
  "30": 0.2906869516032302,
  "31": 0.2915237031674354,
  "32": 0.29236045473164063,
  "33": 0.2931972062958459,
  "34": 0.2940339578600511,
  "35": 0.2948707094242563,
  "36": 0.2957074609884615,
  "37": 0.2965442125526668,
  "38": 0.297380964116872,
  "39": 0.2982177156810772,
  "40": 0.2990544672452824,
  "41": 0.29989121880948766,
  "42": 0.30072797037369287,
  "43": 0.3015647219378981,
  "44": 0.30240147350210334,
  "45": 0.30323822506630854,
  "46": 0.30407497663051375,
  "47": 0.30491172819471896,
  "48": 0.3057484797589242,
  "49": 0.3065852313231294,
  "50": 0.30742198288733463,
  "51": 0.30825873445153984,
  "52": 0.3090954860157451,
  "53": 0.3099322375799503,
  "54": 0.3107689891441555,
  "55": 0.3116057407083607,
  "56": 0.312442492272566,
  "57": 0.3132792438367712,
  "58": 0.3141159954009764,
  "59": 0.3149527469651816,
  "60": 0.31578949852938687,
  "61": 0.3166262500935921,
  "62": 0.3174630016577973,
  "63": 0.3182997532220025,
  "64": 0.31913650478620775,
  "65": 0.31997325635041296,
  "66": 0.32081000791461817,
  "67": 0.32164675947882343,
  "68": 0.32248351104302864,
  "69": 0.32332026260723384,
  "70": 0.32415701417143905,
  "71": 0.3249937657356443,
  "72": 0.3258305172998495,
  "73": 0.3266672688640547,
  "74": 0.32750402042825993,
  "75": 0.3283407719924652,
  "76": 0.3291775235566704,
  "77": 0.3300142751208756,
  "78": 0.3308510266850808,
  "79": 0.3316877782492861,
  "80": 0.3325245298134913
}