{
  "19": 31.163389261170487,
  "20": 31.2325172377986,
  "21": 31.301645214426713,
  "22": 31.370773191054827,
  "23": 31.439901167682944,
  "24": 31.509029144311057,
  "25": 31.57815712093917,
  "26": 31.647285097567284,
  "27": 31.716413074195398,
  "28": 31.78554105082351,
  "29": 31.854669027451624,
  "30": 31.923797004079738,
  "31": 31.99292498070785,
  "32": 32.062052957335965,
  "33": 32.13118093396408,
  "34": 32.20030891059219,
  "35": 32.26943688722031,
  "36": 32.33856486384842,
  "37": 32.407692840476535,
  "38": 32.47682081710465,
  "39": 32.54594879373276,
  "40": 32.61507677036088,
  "41": 32.68420474698899,
  "42": 32.753332723617106,
  "43": 32.822460700245216,
  "44": 32.89158867687333,
  "45": 32.96071665350144,
  "46": 33.02984463012956,
  "47": 33.09897260675768,
  "48": 33.16810058338579,
  "49": 33.237228560013904,
  "50": 33.306356536642014,
  "51": 33.37548451327013,
  "52": 33.44461248989824,
  "53": 33.51374046652636,
  "54": 33.58286844315447,
  "55": 33.651996419782584,
  "56": 33.7211243964107,
  "57": 33.79025237303881,
  "58": 33.85938034966693,
  "59": 33.92850832629504,
  "60": 33.997636302923155,
  "61": 34.066764279551265,
  "62": 34.13589225617938,
  "63": 34.20502023280749,
  "64": 34.27414820943561,
  "65": 34.343276186063726,
  "66": 34.412404162691836,
  "67": 34.48153213931995,
  "68": 34.55066011594806,
  "69": 34.61978809257618,
  "70": 34.68891606920429,
  "71": 34.758044045832406,
  "72": 34.827172022460516,
  "73": 34.89629999908863,
  "74": 34.96542797571675,
  "75": 35.03455595234486,
  "76": 35.10368392897298,
  "77": 35.17281190560109,
  "78": 35.241939882229204,
  "79": 35.311067858857314,
  "80": 35.38019583548543
}