{
  "19": 1.9257762827396137,
  "20": 1.9243881009323227,
  "21": 1.9229287303144016,
  "22": 1.92139817088585,
  "23": 1.9197964226466684,
  "24": 1.9181234855968563,
  "25": 1.916379359736414,
  "26": 1.9145640450653414,
  "27": 1.9126775415836383,
  "28": 1.9107198492913051,
  "29": 1.9086909681883415,
  "30": 1.9065908982747477,
  "31": 1.9044196395505235,
  "32": 1.9021771920156691,
  "33": 1.8998635556701844,
  "34": 1.8974787305140692,
  "35": 1.895022716547324,
  "36": 1.8924955137699482,
  "37": 1.8898971221819423,
  "38": 1.887227541783306,
  "39": 1.8844867725740395,
  "40": 1.8816748145541426,
  "41": 1.8787916677236154,
  "42": 1.875837332082458,
  "43": 1.8728118076306703,
  "44": 1.8697150943682521,
  "45": 1.866547192295204,
  "46": 1.8633081014115251,
  "47": 1.8599978217172162,
  "48": 1.856616353212277,
  "49": 1.8531636958967075,
  "50": 1.8496398497705075,
  "51": 1.8460448148336774,
  "52": 1.842378591086217,
  "53": 1.8386411785281263,
  "54": 1.8348325771594052,
  "55": 1.8309527869800537,
  "56": 1.827001807990072,
  "57": 1.8229796401894602,
  "58": 1.8188862835782178,
  "59": 1.8147217381563454,
  "60": 1.8104860039238424,
  "61": 1.8061790808807092,
  "62": 1.8018009690269459,
  "63": 1.7973516683625521,
  "64": 1.792831178887528,
  "65": 1.7882395006018736,
  "66": 1.783576633505589,
  "67": 1.778842577598674,
  "68": 1.7740373328811287,
  "69": 1.7691608993529533,
  "70": 1.7642132770141472,
  "71": 1.7591944658647112,
  "72": 1.7541044659046447,
  "73": 1.748943277133948,
  "74": 1.743710899552621,
  "75": 1.7384073331606635,
  "76": 1.7330325779580757,
  "77": 1.7275866339448578,
  "78": 1.7220695011210096,
  "79": 1.7164811794865311,
  "80": 1.7108216690414222
}