{
  "19": 1.521563481137069,
  "20": 1.5200661812855851,
  "21": 1.5184920968263327,
  "22": 1.516841227759312,
  "23": 1.515113574084523,
  "24": 1.5133091358019655,
  "25": 1.5114279129116395,
  "26": 1.5094699054135452,
  "27": 1.5074351133076824,
  "28": 1.5053235365940512,
  "29": 1.5031351752726516,
  "30": 1.5008700293434836,
  "31": 1.4985280988065472,
  "32": 1.4961093836618424,
  "33": 1.4936138839093693,
  "34": 1.4910415995491277,
  "35": 1.4883925305811179,
  "36": 1.4856666770053393,
  "37": 1.4828640388217926,
  "38": 1.4799846160304773,
  "39": 1.4770284086313938,
  "40": 1.4739954166245417,
  "41": 1.4708856400099213,
  "42": 1.4676990787875324,
  "43": 1.4644357329573752,
  "44": 1.4610956025194495,
  "45": 1.4576786874737555,
  "46": 1.454184987820293,
  "47": 1.4506145035590623,
  "48": 1.4469672346900628,
  "49": 1.4432431812132953,
  "50": 1.4394423431287593,
  "51": 1.4355647204364548,
  "52": 1.4316103131363818,
  "53": 1.4275791212285405,
  "54": 1.423471144712931,
  "55": 1.4192863835895526,
  "56": 1.4150248378584063,
  "57": 1.4106865075194912,
  "58": 1.4062713925728079,
  "59": 1.4017794930183562,
  "60": 1.3972108088561361,
  "61": 1.3925653400861475,
  "62": 1.3878430867083906,
  "63": 1.3830440487228652,
  "64": 1.3781682261295716,
  "65": 1.3732156189285094,
  "66": 1.3681862271196787,
  "67": 1.3630800507030798,
  "68": 1.3578970896787124,
  "69": 1.3526373440465767,
  "70": 1.3473008138066724,
  "71": 1.341887498959,
  "72": 1.336397399503559,
  "73": 1.3308305154403495,
  "74": 1.3251868467693717,
  "75": 1.3194663934906254,
  "76": 1.313669155604111,
  "77": 1.3077951331098279,
  "78": 1.3018443260077763,
  "79": 1.2958167342979565,
  "80": 1.2897123579803682
}