{
  "19": 1784.4161530532717,
  "20": 1786.4518983693163,
  "21": 1788.487643685361,
  "22": 1790.5233890014056,
  "23": 1792.5591343174503,
  "24": 1794.5948796334949,
  "25": 1796.6306249495397,
  "26": 1798.6663702655842,
  "27": 1800.702115581629,
  "28": 1802.7378608976735,
  "29": 1804.7736062137183,
  "30": 1806.8093515297628,
  "31": 1808.8450968458076,
  "32": 1810.8808421618521,
  "33": 1812.9165874778969,
  "34": 1814.9523327939414,
  "35": 1816.9880781099862,
  "36": 1819.0238234260307,
  "37": 1821.0595687420755,
  "38": 1823.09531405812,
  "39": 1825.1310593741648,
  "40": 1827.1668046902093,
  "41": 1829.2025500062541,
  "42": 1831.2382953222987,
  "43": 1833.2740406383434,
  "44": 1835.3097859543882,
  "45": 1837.3455312704327,
  "46": 1839.3812765864775,
  "47": 1841.417021902522,
  "48": 1843.4527672185668,
  "49": 1845.4885125346113,
  "50": 1847.524257850656,
  "51": 1849.5600031667007,
  "52": 1851.5957484827454,
  "53": 1853.63149379879,
  "54": 1855.6672391148347,
  "55": 1857.7029844308793,
  "56": 1859.738729746924,
  "57": 1861.7744750629686,
  "58": 1863.8102203790133,
  "59": 1865.8459656950579,
  "60": 1867.8817110111027,
  "61": 1869.9174563271472,
  "62": 1871.953201643192,
  "63": 1873.9889469592365,
  "64": 1876.0246922752813,
  "65": 1878.0604375913258,
  "66": 1880.0961829073706,
  "67": 1882.1319282234151,
  "68": 1884.1676735394599,
  "69": 1886.2034188555044,
  "70": 1888.2391641715492,
  "71": 1890.2749094875937,
  "72": 1892.3106548036385,
  "73": 1894.346400119683,
  "74": 1896.3821454357278,
  "75": 1898.4178907517723,
  "76": 1900.4536360678171,
  "77": 1902.4893813838617,
  "78": 1904.5251266999064,
  "79": 1906.560872015951,
  "80": 1908.5966173319957
}