{
  "19": 6223.549640950303,
  "20": 6230.649757147446,
  "21": 6237.749873344587,
  "22": 6244.84998954173,
  "23": 6251.9501057388725,
  "24": 6259.050221936015,
  "25": 6266.150338133157,
  "26": 6273.250454330299,
  "27": 6280.350570527442,
  "28": 6287.450686724584,
  "29": 6294.550802921726,
  "30": 6301.650919118869,
  "31": 6308.751035316011,
  "32": 6315.851151513153,
  "33": 6322.951267710296,
  "34": 6330.051383907438,
  "35": 6337.151500104581,
  "36": 6344.251616301723,
  "37": 6351.351732498865,
  "38": 6358.451848696008,
  "39": 6365.5519648931495,
  "40": 6372.652081090292,
  "41": 6379.752197287435,
  "42": 6386.852313484577,
  "43": 6393.952429681719,
  "44": 6401.052545878862,
  "45": 6408.152662076004,
  "46": 6415.252778273147,
  "47": 6422.352894470288,
  "48": 6429.453010667431,
  "49": 6436.553126864574,
  "50": 6443.653243061716,
  "51": 6450.753359258858,
  "52": 6457.8534754560005,
  "53": 6464.953591653143,
  "54": 6472.053707850285,
  "55": 6479.153824047427,
  "56": 6486.25394024457,
  "57": 6493.354056441713,
  "58": 6500.454172638854,
  "59": 6507.554288835997,
  "60": 6514.6544050331395,
  "61": 6521.754521230282,
  "62": 6528.854637427424,
  "63": 6535.954753624566,
  "64": 6543.054869821709,
  "65": 6550.154986018851,
  "66": 6557.255102215993,
  "67": 6564.355218413136,
  "68": 6571.455334610278,
  "69": 6578.55545080742,
  "70": 6585.655567004563,
  "71": 6592.755683201705,
  "72": 6599.855799398848,
  "73": 6606.95591559599,
  "74": 6614.056031793132,
  "75": 6621.156147990275,
  "76": 6628.256264187417,
  "77": 6635.356380384559,
  "78": 6642.456496581702,
  "79": 6649.556612778844,
  "80": 6656.656728975986
}