{
  "19": 4118.846969696971,
  "20": 4118.846969696971,
  "21": 4118.846969696971,
  "22": 4118.846969696971,
  "23": 4118.846969696971,
  "24": 4118.846969696971,
  "25": 4118.846969696971,
  "26": 4118.846969696971,
  "27": 4118.846969696971,
  "28": 4118.846969696971,
  "29": 4118.846969696971,
  "30": 4118.846969696971,
  "31": 4118.846969696971,
  "32": 4118.846969696971,
  "33": 4118.846969696971,
  "34": 4118.846969696971,
  "35": 4118.846969696971,
  "36": 4118.846969696971,
  "37": 4118.846969696971,
  "38": 4118.846969696971,
  "39": 4118.846969696971,
  "40": 4118.846969696971,
  "41": 4118.846969696971,
  "42": 4118.846969696971,
  "43": 4118.846969696971,
  "44": 4118.846969696971,
  "45": 4118.846969696971,
  "46": 4118.846969696971,
  "47": 4118.846969696971,
  "48": 4118.846969696971,
  "49": 4118.846969696971,
  "50": 4118.846969696971,
  "51": 4118.846969696971,
  "52": 4118.846969696971,
  "53": 4118.846969696971,
  "54": 4118.846969696971,
  "55": 4118.846969696971,
  "56": 4118.846969696971,
  "57": 4118.846969696971,
  "58": 4118.846969696971,
  "59": 4118.846969696971,
  "60": 4118.846969696971,
  "61": 4118.846969696971,
  "62": 4118.846969696971,
  "63": 4118.846969696971,
  "64": 4118.846969696971,
  "65": 4118.846969696971,
  "66": 4118.846969696971,
  "67": 4118.846969696971,
  "68": 4118.846969696971,
  "69": 4118.846969696971,
  "70": 4118.846969696971,
  "71": 4118.846969696971,
  "72": 4118.846969696971,
  "73": 4118.846969696971,
  "74": 4118.846969696971,
  "75": 4118.846969696971,
  "76": 4118.846969696971,
  "77": 4118.846969696971,
  "78": 4118.846969696971,
  "79": 4118.846969696971,
  "80": 4118.846969696971
}