{
  "19": 3.513005030544569,
  "20": 3.5085839600519133,
  "21": 3.503936167995532,
  "22": 3.499061654375425,
  "23": 3.493960419191592,
  "24": 3.488632462444033,
  "25": 3.483077784132748,
  "26": 3.477296384257737,
  "27": 3.4712882628190003,
  "28": 3.4650534198165377,
  "29": 3.458591855250349,
  "30": 3.4519035691204345,
  "31": 3.4449885614267943,
  "32": 3.437846832169428,
  "33": 3.4304783813483355,
  "34": 3.4228832089635173,
  "35": 3.4150613150149733,
  "36": 3.4070126995027032,
  "37": 3.3987373624267074,
  "38": 3.3902353037869855,
  "39": 3.3815065235835378,
  "40": 3.3725510218163643,
  "41": 3.3633687984854648,
  "42": 3.353959853590839,
  "43": 3.344324187132488,
  "44": 3.3344617991104104,
  "45": 3.324372689524607,
  "46": 3.314056858375078,
  "47": 3.3035143056618232,
  "48": 3.2927450313848423,
  "49": 3.281749035544135,
  "50": 3.2705263181397024,
  "51": 3.259076879171544,
  "52": 3.247400718639659,
  "53": 3.2354978365440483,
  "54": 3.223368232884712,
  "55": 3.2110119076616495,
  "56": 3.1984288608748614,
  "57": 3.1856190925243473,
  "58": 3.172582602610107,
  "59": 3.159319391132141,
  "60": 3.145829458090449,
  "61": 3.132112803485031,
  "62": 3.1181694273158875,
  "63": 3.1039993295830177,
  "64": 3.089602510286422,
  "65": 3.0749789694261005,
  "66": 3.060128707002053,
  "67": 3.04505172301428,
  "68": 3.0297480174627807,
  "69": 3.014217590347555,
  "70": 2.998460441668604,
  "71": 2.982476571425927,
  "72": 2.966265979619524,
  "73": 2.9498286662493953,
  "74": 2.9331646313155404,
  "75": 2.9162738748179597,
  "76": 2.8991563967566534,
  "77": 2.881812197131621,
  "78": 2.864241275942862,
  "79": 2.846443633190378,
  "80": 2.8284192688741676
}