{
  "19": 10.340397732017308,
  "20": 10.326719924668447,
  "21": 10.312340691301696,
  "22": 10.297260031917054,
  "23": 10.281477946514523,
  "24": 10.264994435094101,
  "25": 10.247809497655787,
  "26": 10.229923134199584,
  "27": 10.21133534472549,
  "28": 10.192046129233509,
  "29": 10.172055487723634,
  "30": 10.151363420195871,
  "31": 10.129969926650215,
  "32": 10.10787500708667,
  "33": 10.085078661505236,
  "34": 10.06158088990591,
  "35": 10.037381692288696,
  "36": 10.012481068653589,
  "37": 9.986879019000593,
  "38": 9.960575543329707,
  "39": 9.93357064164093,
  "40": 9.905864313934263,
  "41": 9.877456560209705,
  "42": 9.848347380467256,
  "43": 9.818536774706919,
  "44": 9.788024742928691,
  "45": 9.75681128513257,
  "46": 9.724896401318563,
  "47": 9.692280091486664,
  "48": 9.658962355636874,
  "49": 9.624943193769194,
  "50": 9.590222605883623,
  "51": 9.554800591980163,
  "52": 9.518677152058812,
  "53": 9.48185228611957,
  "54": 9.444325994162439,
  "55": 9.406098276187418,
  "56": 9.367169132194505,
  "57": 9.327538562183703,
  "58": 9.28720656615501,
  "59": 9.246173144108427,
  "60": 9.204438296043953,
  "61": 9.162002021961591,
  "62": 9.118864321861336,
  "63": 9.075025195743192,
  "64": 9.030484643607156,
  "65": 8.985242665453232,
  "66": 8.939299261281418,
  "67": 8.892654431091712,
  "68": 8.845308174884115,
  "69": 8.79726049265863,
  "70": 8.748511384415254,
  "71": 8.699060850153987,
  "72": 8.64890888987483,
  "73": 8.598055503577783,
  "74": 8.546500691262844,
  "75": 8.494244452930017,
  "76": 8.441286788579298,
  "77": 8.38762769821069,
  "78": 8.33326718182419,
  "79": 8.278205239419801,
  "80": 8.222441870997523
}