{
  "19": 1180.955803151515,
  "20": 1180.955803151515,
  "21": 1180.955803151515,
  "22": 1180.955803151515,
  "23": 1180.955803151515,
  "24": 1180.955803151515,
  "25": 1180.955803151515,
  "26": 1180.955803151515,
  "27": 1180.955803151515,
  "28": 1180.955803151515,
  "29": 1180.955803151515,
  "30": 1180.955803151515,
  "31": 1180.955803151515,
  "32": 1180.955803151515,
  "33": 1180.955803151515,
  "34": 1180.955803151515,
  "35": 1180.955803151515,
  "36": 1180.955803151515,
  "37": 1180.955803151515,
  "38": 1180.955803151515,
  "39": 1180.955803151515,
  "40": 1180.955803151515,
  "41": 1180.955803151515,
  "42": 1180.955803151515,
  "43": 1180.955803151515,
  "44": 1180.955803151515,
  "45": 1180.955803151515,
  "46": 1180.955803151515,
  "47": 1180.955803151515,
  "48": 1180.955803151515,
  "49": 1180.955803151515,
  "50": 1180.955803151515,
  "51": 1180.955803151515,
  "52": 1180.955803151515,
  "53": 1180.955803151515,
  "54": 1180.955803151515,
  "55": 1180.955803151515,
  "56": 1180.955803151515,
  "57": 1180.955803151515,
  "58": 1180.955803151515,
  "59": 1180.955803151515,
  "60": 1180.955803151515,
  "61": 1180.955803151515,
  "62": 1180.955803151515,
  "63": 1180.955803151515,
  "64": 1180.955803151515,
  "65": 1180.955803151515,
  "66": 1180.955803151515,
  "67": 1180.955803151515,
  "68": 1180.955803151515,
  "69": 1180.955803151515,
  "70": 1180.955803151515,
  "71": 1180.955803151515,
  "72": 1180.955803151515,
  "73": 1180.955803151515,
  "74": 1180.955803151515,
  "75": 1180.955803151515,
  "76": 1180.955803151515,
  "77": 1180.955803151515,
  "78": 1180.955803151515,
  "79": 1180.955803151515,
  "80": 1180.955803151515
}