{
  "19": 6.148900019311743,
  "20": 6.212541113386893,
  "21": 6.276182207462043,
  "22": 6.339823301537192,
  "23": 6.403464395612342,
  "24": 6.4671054896874915,
  "25": 6.5307465837626415,
  "26": 6.594387677837791,
  "27": 6.6580287719129405,
  "28": 6.7216698659880905,
  "29": 6.7853109600632395,
  "30": 6.8489520541383895,
  "31": 6.912593148213539,
  "32": 6.9762342422886885,
  "33": 7.039875336363838,
  "34": 7.103516430438988,
  "35": 7.167157524514138,
  "36": 7.230798618589287,
  "37": 7.294439712664437,
  "38": 7.358080806739587,
  "39": 7.421721900814736,
  "40": 7.485362994889886,
  "41": 7.549004088965036,
  "42": 7.612645183040186,
  "43": 7.676286277115335,
  "44": 7.739927371190485,
  "45": 7.803568465265635,
  "46": 7.867209559340784,
  "47": 7.930850653415934,
  "48": 7.994491747491084,
  "49": 8.058132841566234,
  "50": 8.121773935641384,
  "51": 8.185415029716532,
  "52": 8.249056123791682,
  "53": 8.312697217866832,
  "54": 8.376338311941982,
  "55": 8.439979406017132,
  "56": 8.503620500092282,
  "57": 8.567261594167432,
  "58": 8.63090268824258,
  "59": 8.69454378231773,
  "60": 8.75818487639288,
  "61": 8.82182597046803,
  "62": 8.88546706454318,
  "63": 8.94910815861833,
  "64": 9.012749252693478,
  "65": 9.076390346768628,
  "66": 9.140031440843778,
  "67": 9.203672534918928,
  "68": 9.267313628994078,
  "69": 9.330954723069228,
  "70": 9.394595817144378,
  "71": 9.458236911219526,
  "72": 9.521878005294676,
  "73": 9.585519099369826,
  "74": 9.649160193444976,
  "75": 9.712801287520126,
  "76": 9.776442381595276,
  "77": 9.840083475670426,
  "78": 9.903724569745574,
  "79": 9.967365663820724,
  "80": 10.031006757895874
}