{
  "19": 0.8343535429024482,
  "20": 0.8366071649836121,
  "21": 0.8387680780546622,
  "22": 0.8408362821155988,
  "23": 0.8428117771664216,
  "24": 0.8446945632071308,
  "25": 0.8464846402377263,
  "26": 0.8481820082582081,
  "27": 0.8497866672685762,
  "28": 0.8512986172688308,
  "29": 0.8527178582589716,
  "30": 0.8540443902389987,
  "31": 0.8552782132089122,
  "32": 0.8564193271687119,
  "33": 0.857467732118398,
  "34": 0.8584234280579706,
  "35": 0.8592864149874293,
  "36": 0.8600566929067743,
  "37": 0.8607342618160058,
  "38": 0.8613191217151235,
  "39": 0.8618112726041275,
  "40": 0.862210714483018,
  "41": 0.8625174473517947,
  "42": 0.8627314712104578,
  "43": 0.8628527860590072,
  "44": 0.8628813918974428,
  "45": 0.8628172887257648,
  "46": 0.8626604765439733,
  "47": 0.8624109553520679,
  "48": 0.862068725150049,
  "49": 0.8616337859379163,
  "50": 0.8611061377156699,
  "51": 0.8604857804833099,
  "52": 0.8597727142408363,
  "53": 0.8589669389882489,
  "54": 0.8580684547255479,
  "55": 0.8570772614527332,
  "56": 0.8559933591698049,
  "57": 0.8548167478767629,
  "58": 0.8535474275736071,
  "59": 0.8521853982603377,
  "60": 0.8507306599369546,
  "61": 0.8491832126034579,
  "62": 0.8475430562598475,
  "63": 0.8458101909061233,
  "64": 0.8439846165422855,
  "65": 0.8420663331683341,
  "66": 0.840055340784269,
  "67": 0.8379516393900902,
  "68": 0.835755228985798,
  "69": 0.8334661095713919,
  "70": 0.831084281146872,
  "71": 0.8286097437122385,
  "72": 0.8260424972674913,
  "73": 0.8233825418126306,
  "74": 0.820629877347656,
  "75": 0.8177845038725678,
  "76": 0.8148464213873661,
  "77": 0.8118156298920505,
  "78": 0.8086921293866213,
  "79": 0.8054759198710785,
  "80": 0.8021670013454221
}