{
  "19": 3.0413576742218984,
  "20": 3.0638714938820537,
  "21": 3.086385313542209,
  "22": 3.1088991332023643,
  "23": 3.1314129528625196,
  "24": 3.153926772522675,
  "25": 3.1764405921828303,
  "26": 3.1989544118429856,
  "27": 3.221468231503141,
  "28": 3.243982051163296,
  "29": 3.2664958708234515,
  "30": 3.289009690483607,
  "31": 3.311523510143762,
  "32": 3.3340373298039174,
  "33": 3.3565511494640727,
  "34": 3.379064969124228,
  "35": 3.4015787887843834,
  "36": 3.4240926084445387,
  "37": 3.446606428104694,
  "38": 3.4691202477648493,
  "39": 3.4916340674250046,
  "40": 3.51414788708516,
  "41": 3.536661706745315,
  "42": 3.5591755264054705,
  "43": 3.581689346065626,
  "44": 3.604203165725781,
  "45": 3.6267169853859365,
  "46": 3.6492308050460918,
  "47": 3.671744624706247,
  "48": 3.694258444366402,
  "49": 3.7167722640265572,
  "50": 3.7392860836867126,
  "51": 3.761799903346868,
  "52": 3.784313723007023,
  "53": 3.8068275426671785,
  "54": 3.829341362327334,
  "55": 3.851855181987489,
  "56": 3.8743690016476444,
  "57": 3.8968828213077997,
  "58": 3.919396640967955,
  "59": 3.9419104606281103,
  "60": 3.9644242802882657,
  "61": 3.986938099948421,
  "62": 4.009451919608576,
  "63": 4.031965739268732,
  "64": 4.054479558928887,
  "65": 4.076993378589042,
  "66": 4.0995071982491975,
  "67": 4.122021017909352,
  "68": 4.144534837569508,
  "69": 4.167048657229663,
  "70": 4.189562476889819,
  "71": 4.212076296549974,
  "72": 4.234590116210129,
  "73": 4.257103935870284,
  "74": 4.27961775553044,
  "75": 4.302131575190595,
  "76": 4.324645394850751,
  "77": 4.3471592145109055,
  "78": 4.369673034171061,
  "79": 4.392186853831216,
  "80": 4.414700673491372
}