{
  "19": 19.29076863755906,
  "20": 19.339830162255755,
  "21": 19.38889168695245,
  "22": 19.43795321164915,
  "23": 19.487014736345845,
  "24": 19.536076261042542,
  "25": 19.58513778573924,
  "26": 19.634199310435935,
  "27": 19.683260835132632,
  "28": 19.732322359829325,
  "29": 19.781383884526022,
  "30": 19.83044540922272,
  "31": 19.879506933919416,
  "32": 19.928568458616112,
  "33": 19.97762998331281,
  "34": 20.026691508009506,
  "35": 20.075753032706203,
  "36": 20.124814557402896,
  "37": 20.173876082099593,
  "38": 20.22293760679629,
  "39": 20.271999131492986,
  "40": 20.321060656189683,
  "41": 20.37012218088638,
  "42": 20.419183705583077,
  "43": 20.468245230279773,
  "44": 20.517306754976467,
  "45": 20.566368279673163,
  "46": 20.61542980436986,
  "47": 20.664491329066557,
  "48": 20.713552853763254,
  "49": 20.76261437845995,
  "50": 20.811675903156647,
  "51": 20.860737427853344,
  "52": 20.909798952550037,
  "53": 20.958860477246734,
  "54": 21.00792200194343,
  "55": 21.056983526640128,
  "56": 21.106045051336825,
  "57": 21.15510657603352,
  "58": 21.204168100730218,
  "59": 21.253229625426915,
  "60": 21.302291150123608,
  "61": 21.351352674820305,
  "62": 21.400414199517,
  "63": 21.4494757242137,
  "64": 21.498537248910395,
  "65": 21.547598773607092,
  "66": 21.59666029830379,
  "67": 21.645721823000482,
  "68": 21.69478334769718,
  "69": 21.743844872393876,
  "70": 21.792906397090572,
  "71": 21.84196792178727,
  "72": 21.891029446483966,
  "73": 21.940090971180663,
  "74": 21.98915249587736,
  "75": 22.038214020574053,
  "76": 22.08727554527075,
  "77": 22.136337069967446,
  "78": 22.185398594664143,
  "79": 22.23446011936084,
  "80": 22.283521644057537
}