{
  "19": 0.171106737774173,
  "20": 0.17197150816266862,
  "21": 0.17288062575057428,
  "22": 0.17383409053788995,
  "23": 0.17483190252461564,
  "24": 0.1758740617107514,
  "25": 0.17696056809629715,
  "26": 0.17809142168125294,
  "27": 0.17926662246561878,
  "28": 0.18048617044939463,
  "29": 0.18175006563258053,
  "30": 0.18305830801517645,
  "31": 0.1844108975971824,
  "32": 0.1858078343785984,
  "33": 0.18724911835942443,
  "34": 0.18873474953966046,
  "35": 0.19026472791930654,
  "36": 0.19183905349836267,
  "37": 0.1934577262768288,
  "38": 0.19512074625470496,
  "39": 0.1968281134319912,
  "40": 0.1985798278086874,
  "41": 0.2003758893847937,
  "42": 0.20221629816030998,
  "43": 0.20410105413523633,
  "44": 0.20603015730957266,
  "45": 0.20800360768331908,
  "46": 0.2100214052564755,
  "47": 0.21208355002904195,
  "48": 0.21419004200101843,
  "49": 0.21634088117240496,
  "50": 0.2185360675432015,
  "51": 0.22077560111340808,
  "52": 0.2230594818830247,
  "53": 0.22538770985205134,
  "54": 0.227760285020488,
  "55": 0.23017720738833472,
  "56": 0.23263847695559145,
  "57": 0.23514409372225822,
  "58": 0.23769405768833504,
  "59": 0.24028836885382185,
  "60": 0.24292702721871873,
  "61": 0.24561003278302562,
  "62": 0.24833738554674253,
  "63": 0.2511090855098695,
  "64": 0.25392513267240646,
  "65": 0.25678552703435353,
  "66": 0.25969026859571054,
  "67": 0.26263935735647764,
  "68": 0.26563279331665474,
  "69": 0.2686705764762419,
  "70": 0.27175270683523906,
  "71": 0.2748791843936463,
  "72": 0.2780500091514635,
  "73": 0.2812651811086908,
  "74": 0.2845247002653281,
  "75": 0.2878285666213754,
  "76": 0.2911767801768328,
  "77": 0.2945693409317002,
  "78": 0.2980062488859776,
  "79": 0.30148750403966507,
  "80": 0.3050131063927626
}