{
  "19": 0.059794714592163574,
  "20": 0.05994525048241798,
  "21": 0.0601035061619162,
  "22": 0.06026948163065823,
  "23": 0.060443176888644076,
  "24": 0.06062459193587374,
  "25": 0.06081372677234722,
  "26": 0.06101058139806451,
  "27": 0.061215155813025626,
  "28": 0.06142745001723055,
  "29": 0.06164746401067929,
  "30": 0.06187519779337185,
  "31": 0.06211065136530822,
  "32": 0.062353824726488406,
  "33": 0.06260471787691241,
  "34": 0.06286333081658023,
  "35": 0.06312966354549186,
  "36": 0.06340371606364731,
  "37": 0.06368548837104658,
  "38": 0.06397498046768967,
  "39": 0.06427219235357655,
  "40": 0.06457712402870727,
  "41": 0.0648897754930818,
  "42": 0.06521014674670014,
  "43": 0.06553823778956229,
  "44": 0.06587404862166826,
  "45": 0.06621757924301806,
  "46": 0.06656882965361166,
  "47": 0.06692779985344909,
  "48": 0.06729448984253032,
  "49": 0.06766889962085537,
  "50": 0.06805102918842423,
  "51": 0.06844087854523692,
  "52": 0.06883844769129341,
  "53": 0.06924373662659372,
  "54": 0.06965674535113786,
  "55": 0.0700774738649258,
  "56": 0.07050592216795756,
  "57": 0.07094209026023314,
  "58": 0.07138597814175253,
  "59": 0.07183758581251573,
  "60": 0.07229691327252274,
  "61": 0.07276396052177359,
  "62": 0.07323872756026824,
  "63": 0.0737212143880067,
  "64": 0.074211421004989,
  "65": 0.07470934741121509,
  "66": 0.075214993606685,
  "67": 0.07572835959139873,
  "68": 0.07624944536535629,
  "69": 0.07677825092855764,
  "70": 0.07731477628100282,
  "71": 0.07785902142269181,
  "72": 0.07841098635362462,
  "73": 0.07897067107380124,
  "74": 0.07953807558322168,
  "75": 0.08011319988188594,
  "76": 0.080696043969794,
  "77": 0.08128660784694589,
  "78": 0.08188489151334158,
  "79": 0.0824908949689811,
  "80": 0.08310461821386443
}