{
  "19": 74.97710891155691,
  "20": 75.5217134279984,
  "21": 76.0528150351284,
  "22": 76.57041373294689,
  "23": 77.0745095214539,
  "24": 77.56510240064941,
  "25": 78.04219237053343,
  "26": 78.50577943110594,
  "27": 78.95586358236696,
  "28": 79.39244482431647,
  "29": 79.8155231569545,
  "30": 80.22509858028101,
  "31": 80.62117109429605,
  "32": 81.00374069899956,
  "33": 81.3728073943916,
  "34": 81.72837118047214,
  "35": 82.07043205724118,
  "36": 82.39899002469872,
  "37": 82.71404508284476,
  "38": 83.01559723167931,
  "39": 83.30364647120236,
  "40": 83.5781928014139,
  "41": 83.83923622231396,
  "42": 84.08677673390252,
  "43": 84.32081433617958,
  "44": 84.54134902914514,
  "45": 84.74838081279921,
  "46": 84.94190968714177,
  "47": 85.12193565217285,
  "48": 85.28845870789242,
  "49": 85.4414788543005,
  "50": 85.58099609139707,
  "51": 85.70701041918217,
  "52": 85.81952183765574,
  "53": 85.91853034681785,
  "54": 86.00403594666842,
  "55": 86.07603863720752,
  "56": 86.13453841843511,
  "57": 86.17953529035121,
  "58": 86.21102925295581,
  "59": 86.22902030624891,
  "60": 86.23350845023053,
  "61": 86.22449368490064,
  "62": 86.20197601025926,
  "63": 86.16595542630637,
  "64": 86.11643193304198,
  "65": 86.05340553046611,
  "66": 85.97687621857872,
  "67": 85.88684399737986,
  "68": 85.78330886686948,
  "69": 85.66627082704763,
  "70": 85.53572987791425,
  "71": 85.39168601946939,
  "72": 85.23413925171303,
  "73": 85.06308957464518,
  "74": 84.87853698826582,
  "75": 84.68048149257497,
  "76": 84.46892308757262,
  "77": 84.24386177325877,
  "78": 84.00529754963344,
  "79": 83.7532304166966,
  "80": 83.48766037444827
}