{
  "19": 0.030903303918333777,
  "20": 0.031021447830541976,
  "21": 0.031145650404914696,
  "22": 0.03127591164145194,
  "23": 0.031412231540153705,
  "24": 0.031554610101019995,
  "25": 0.031703047324050805,
  "26": 0.03185754320924614,
  "27": 0.032018097756605995,
  "28": 0.03218471096613038,
  "29": 0.03235738283781928,
  "30": 0.03253611337167271,
  "31": 0.03272090256769066,
  "32": 0.03291175042587313,
  "33": 0.03310865694622013,
  "34": 0.03331162212873164,
  "35": 0.03352064597340769,
  "36": 0.03373572848024825,
  "37": 0.03395686964925334,
  "38": 0.03418406948042295,
  "39": 0.03441732797375708,
  "40": 0.03465664512925574,
  "41": 0.03490202094691892,
  "42": 0.03515345542674662,
  "43": 0.035410948568738845,
  "44": 0.03567450037289559,
  "45": 0.03594411083921686,
  "46": 0.036219779967702655,
  "47": 0.03650150775835297,
  "48": 0.03678929421116781,
  "49": 0.03708313932614717,
  "50": 0.037383043103291054,
  "51": 0.03768900554259946,
  "52": 0.0380010266440724,
  "53": 0.03831910640770985,
  "54": 0.03864324483351183,
  "55": 0.03897344192147833,
  "56": 0.03930969767160935,
  "57": 0.0396520120839049,
  "58": 0.040000385158364966,
  "59": 0.040354816894989556,
  "60": 0.040715307293778674,
  "61": 0.041081856354732306,
  "62": 0.04145446407785047,
  "63": 0.04183313046313315,
  "64": 0.04221785551058036,
  "65": 0.04260863922019209,
  "66": 0.04300548159196834,
  "67": 0.04340838262590912,
  "68": 0.04381734232201442,
  "69": 0.04423236068028424,
  "70": 0.04465343770071858,
  "71": 0.045080573383317446,
  "72": 0.045513767728080835,
  "73": 0.045953020735008746,
  "74": 0.046398332404101184,
  "75": 0.04684970273535814,
  "76": 0.04730713172877962,
  "77": 0.04777061938436563,
  "78": 0.04824016570211616,
  "79": 0.04871577068203121,
  "80": 0.04919743432411078
}