{
  "19": 20.336863304333345,
  "20": 20.533455471562135,
  "21": 20.73004763879093,
  "22": 20.926639806019722,
  "23": 21.123231973248515,
  "24": 21.31982414047731,
  "25": 21.5164163077061,
  "26": 21.71300847493489,
  "27": 21.909600642163685,
  "28": 22.10619280939248,
  "29": 22.30278497662127,
  "30": 22.49937714385006,
  "31": 22.695969311078855,
  "32": 22.89256147830765,
  "33": 23.08915364553644,
  "34": 23.28574581276523,
  "35": 23.482337979994025,
  "36": 23.678930147222818,
  "37": 23.87552231445161,
  "38": 24.0721144816804,
  "39": 24.268706648909195,
  "40": 24.465298816137988,
  "41": 24.66189098336678,
  "42": 24.85848315059557,
  "43": 25.055075317824365,
  "44": 25.251667485053158,
  "45": 25.44825965228195,
  "46": 25.644851819510745,
  "47": 25.841443986739534,
  "48": 26.038036153968328,
  "49": 26.23462832119712,
  "50": 26.431220488425915,
  "51": 26.627812655654704,
  "52": 26.824404822883498,
  "53": 27.02099699011229,
  "54": 27.217589157341084,
  "55": 27.414181324569878,
  "56": 27.610773491798668,
  "57": 27.80736565902746,
  "58": 28.003957826256254,
  "59": 28.200549993485048,
  "60": 28.397142160713837,
  "61": 28.59373432794263,
  "62": 28.790326495171424,
  "63": 28.986918662400218,
  "64": 29.183510829629007,
  "65": 29.3801029968578,
  "66": 29.576695164086594,
  "67": 29.773287331315387,
  "68": 29.96987949854418,
  "69": 30.16647166577297,
  "70": 30.363063833001764,
  "71": 30.559656000230557,
  "72": 30.75624816745935,
  "73": 30.95284033468814,
  "74": 31.149432501916934,
  "75": 31.346024669145727,
  "76": 31.54261683637452,
  "77": 31.739209003603314,
  "78": 31.935801170832104,
  "79": 32.1323933380609,
  "80": 32.32898550528969
}