{
  "19": 2.109163944024335,
  "20": 2.1072313273943912,
  "21": 2.1051316654653895,
  "22": 2.1028649582373298,
  "23": 2.1004312057102115,
  "24": 2.097830407884035,
  "25": 2.0950625647588,
  "26": 2.092127676334507,
  "27": 2.089025742611156,
  "28": 2.085756763588747,
  "29": 2.082320739267279,
  "30": 2.0787176696467533,
  "31": 2.0749475547271694,
  "32": 2.071010394508527,
  "33": 2.0669061889908265,
  "34": 2.0626349381740674,
  "35": 2.0581966420582507,
  "36": 2.0535913006433755,
  "37": 2.048818913929442,
  "38": 2.0438794819164503,
  "39": 2.038773004604401,
  "40": 2.033499481993293,
  "41": 2.028058914083126,
  "42": 2.022451300873902,
  "43": 2.0166766423656193,
  "44": 2.010734938558278,
  "45": 2.004626189451879,
  "46": 1.9983503950464216,
  "47": 1.9919075553419059,
  "48": 1.985297670338332,
  "49": 1.9785207400357,
  "50": 1.9715767644340099,
  "51": 1.9644657435332613,
  "52": 1.9571876773334547,
  "53": 1.9497425658345897,
  "54": 1.9421304090366662,
  "55": 1.9343512069396849,
  "56": 1.9264049595436454,
  "57": 1.9182916668485475,
  "58": 1.9100113288543914,
  "59": 1.9015639455611772,
  "60": 1.8929495169689046,
  "61": 1.8841680430775738,
  "62": 1.875219523887185,
  "63": 1.8661039593977378,
  "64": 1.8568213496092323,
  "65": 1.8473716945216687,
  "66": 1.8377549941350466,
  "67": 1.8279712484493666,
  "68": 1.8180204574646284,
  "69": 1.8079026211808318,
  "70": 1.797617739597977,
  "71": 1.7871658127160641,
  "72": 1.7765468405350928,
  "73": 1.7657608230550634,
  "74": 1.7548077602759757,
  "75": 1.74368765219783,
  "76": 1.7324004988206259,
  "77": 1.7209463001443635,
  "78": 1.709325056169043,
  "79": 1.6975367668946642,
  "80": 1.685581432321227
}