{
  "19": 470.6271255192439,
  "20": 471.63469932197853,
  "21": 472.6422731247132,
  "22": 473.6498469274478,
  "23": 474.6574207301824,
  "24": 475.66499453291704,
  "25": 476.6725683356517,
  "26": 477.6801421383863,
  "27": 478.6877159411209,
  "28": 479.69528974385554,
  "29": 480.7028635465902,
  "30": 481.7104373493248,
  "31": 482.71801115205943,
  "32": 483.72558495479404,
  "33": 484.7331587575287,
  "34": 485.7407325602633,
  "35": 486.74830636299794,
  "36": 487.7558801657326,
  "37": 488.7634539684672,
  "38": 489.77102777120183,
  "39": 490.77860157393644,
  "40": 491.7861753766711,
  "41": 492.7937491794057,
  "42": 493.80132298214033,
  "43": 494.80889678487495,
  "44": 495.8164705876096,
  "45": 496.8240443903442,
  "46": 497.83161819307884,
  "47": 498.83919199581345,
  "48": 499.8467657985481,
  "49": 500.85433960128273,
  "50": 501.86191340401734,
  "51": 502.869487206752,
  "52": 503.8770610094866,
  "53": 504.88463481222124,
  "54": 505.89220861495585,
  "55": 506.8997824176905,
  "56": 507.90735622042513,
  "57": 508.91493002315974,
  "58": 509.92250382589435,
  "59": 510.930077628629,
  "60": 511.93765143136363,
  "61": 512.9452252340983,
  "62": 513.9527990368329,
  "63": 514.9603728395675,
  "64": 515.9679466423022,
  "65": 516.9755204450368,
  "66": 517.9830942477714,
  "67": 518.990668050506,
  "68": 519.9982418532406,
  "69": 521.0058156559753,
  "70": 522.0133894587099,
  "71": 523.0209632614445,
  "72": 524.0285370641792,
  "73": 525.0361108669138,
  "74": 526.0436846696484,
  "75": 527.051258472383,
  "76": 528.0588322751177,
  "77": 529.0664060778523,
  "78": 530.0739798805869,
  "79": 531.0815536833215,
  "80": 532.0891274860562
}