{
  "19": 0.05518459983760948,
  "20": 0.05533284745733497,
  "21": 0.05548869751909767,
  "22": 0.05565215002289758,
  "23": 0.055823204968734684,
  "24": 0.05600186235660899,
  "25": 0.05618812218652051,
  "26": 0.05638198445846923,
  "27": 0.056583449172455155,
  "28": 0.05679251632847829,
  "29": 0.05700918592653862,
  "30": 0.05723345796663616,
  "31": 0.05746533244877091,
  "32": 0.05770480937294286,
  "33": 0.05795188873915201,
  "34": 0.058206570547398376,
  "35": 0.058468854797681935,
  "36": 0.05873874149000271,
  "37": 0.05901623062436068,
  "38": 0.05930132220075586,
  "39": 0.059594016219188244,
  "40": 0.05989431267965783,
  "41": 0.06020221158216462,
  "42": 0.06051771292670862,
  "43": 0.06084081671328982,
  "44": 0.06117152294190823,
  "45": 0.06150983161256384,
  "46": 0.06185574272525666,
  "47": 0.06220925627998668,
  "48": 0.0625703722767539,
  "49": 0.06293909071555834,
  "50": 0.06331541159639997,
  "51": 0.06369933491927882,
  "52": 0.06409086068419485,
  "53": 0.0644899888911481,
  "54": 0.06489671954013856,
  "55": 0.06531105263116622,
  "56": 0.06573298816423108,
  "57": 0.06616252613933316,
  "58": 0.06659966655647243,
  "59": 0.0670444094156489,
  "60": 0.06749675471686259,
  "61": 0.06795670246011347,
  "62": 0.06842425264540157,
  "63": 0.06889940527272687,
  "64": 0.06938216034208937,
  "65": 0.06987251785348907,
  "66": 0.07037047780692599,
  "67": 0.0708760402024001,
  "68": 0.07138920503991142,
  "69": 0.07190997231945995,
  "70": 0.07243834204104568,
  "71": 0.07297431420466861,
  "72": 0.07351788881032875,
  "73": 0.0740690658580261,
  "74": 0.07462784534776065,
  "75": 0.0751942272795324,
  "76": 0.07576821165334136,
  "77": 0.07634979846918752,
  "78": 0.07693898772707089,
  "79": 0.07753577942699147,
  "80": 0.07814017356894924
}