{
  "19": 17.67162636672808,
  "20": 17.81466916495139,
  "21": 17.9577119631747,
  "22": 18.100754761398008,
  "23": 18.243797559621314,
  "24": 18.386840357844623,
  "25": 18.529883156067932,
  "26": 18.67292595429124,
  "27": 18.815968752514546,
  "28": 18.959011550737856,
  "29": 19.102054348961165,
  "30": 19.245097147184474,
  "31": 19.38813994540778,
  "32": 19.53118274363109,
  "33": 19.674225541854398,
  "34": 19.817268340077703,
  "35": 19.960311138301012,
  "36": 20.10335393652432,
  "37": 20.24639673474763,
  "38": 20.389439532970936,
  "39": 20.532482331194245,
  "40": 20.675525129417554,
  "41": 20.818567927640864,
  "42": 20.96161072586417,
  "43": 21.104653524087478,
  "44": 21.247696322310787,
  "45": 21.390739120534096,
  "46": 21.533781918757402,
  "47": 21.67682471698071,
  "48": 21.81986751520402,
  "49": 21.962910313427326,
  "50": 22.105953111650635,
  "51": 22.248995909873944,
  "52": 22.392038708097253,
  "53": 22.53508150632056,
  "54": 22.678124304543868,
  "55": 22.821167102767177,
  "56": 22.964209900990486,
  "57": 23.10725269921379,
  "58": 23.2502954974371,
  "59": 23.39333829566041,
  "60": 23.53638109388372,
  "61": 23.679423892107025,
  "62": 23.822466690330334,
  "63": 23.965509488553643,
  "64": 24.10855228677695,
  "65": 24.251595085000258,
  "66": 24.394637883223567,
  "67": 24.537680681446876,
  "68": 24.68072347967018,
  "69": 24.82376627789349,
  "70": 24.9668090761168,
  "71": 25.10985187434011,
  "72": 25.252894672563414,
  "73": 25.395937470786723,
  "74": 25.538980269010032,
  "75": 25.68202306723334,
  "76": 25.825065865456647,
  "77": 25.968108663679956,
  "78": 26.111151461903265,
  "79": 26.254194260126575,
  "80": 26.39723705834988
}