{
  "19": 0.031095622278224752,
  "20": 0.031208475380289934,
  "21": 0.03132132848235512,
  "22": 0.031434181584420295,
  "23": 0.03154703468648548,
  "24": 0.03165988778855066,
  "25": 0.031772740890615846,
  "26": 0.031885593992681024,
  "27": 0.03199844709474621,
  "28": 0.03211130019681139,
  "29": 0.03222415329887657,
  "30": 0.032337006400941753,
  "31": 0.03244985950300693,
  "32": 0.03256271260507212,
  "33": 0.0326755657071373,
  "34": 0.03278841880920248,
  "35": 0.03290127191126766,
  "36": 0.03301412501333285,
  "37": 0.033126978115398026,
  "38": 0.03323983121746321,
  "39": 0.03335268431952839,
  "40": 0.033465537421593576,
  "41": 0.033578390523658755,
  "42": 0.03369124362572394,
  "43": 0.03380409672778912,
  "44": 0.0339169498298543,
  "45": 0.034029802931919484,
  "46": 0.03414265603398466,
  "47": 0.03425550913604985,
  "48": 0.03436836223811503,
  "49": 0.03448121534018021,
  "50": 0.03459406844224539,
  "51": 0.03470692154431058,
  "52": 0.034819774646375756,
  "53": 0.03493262774844094,
  "54": 0.03504548085050612,
  "55": 0.035158333952571307,
  "56": 0.035271187054636485,
  "57": 0.035384040156701664,
  "58": 0.03549689325876685,
  "59": 0.03560974636083203,
  "60": 0.035722599462897214,
  "61": 0.03583545256496239,
  "62": 0.03594830566702758,
  "63": 0.03606115876909276,
  "64": 0.03617401187115794,
  "65": 0.03628686497322312,
  "66": 0.03639971807528831,
  "67": 0.03651257117735349,
  "68": 0.03662542427941867,
  "69": 0.03673827738148385,
  "70": 0.03685113048354904,
  "71": 0.036963983585614216,
  "72": 0.037076836687679394,
  "73": 0.03718968978974458,
  "74": 0.03730254289180976,
  "75": 0.037415395993874945,
  "76": 0.037528249095940124,
  "77": 0.03764110219800531,
  "78": 0.03775395530007049,
  "79": 0.037866808402135674,
  "80": 0.03797966150420085
}