{
  "19": 0.8523014009840753,
  "20": 0.8545199783682551,
  "21": 0.8566491475524808,
  "22": 0.8586889085367525,
  "23": 0.86063926132107,
  "24": 0.8625002059054334,
  "25": 0.8642717422898428,
  "26": 0.8659538704742981,
  "27": 0.8675465904587991,
  "28": 0.8690499022433461,
  "29": 0.8704638058279389,
  "30": 0.8717883012125778,
  "31": 0.8730233883972625,
  "32": 0.8741690673819931,
  "33": 0.8752253381667696,
  "34": 0.876192200751592,
  "35": 0.8770696551364603,
  "36": 0.8778577013213744,
  "37": 0.8785563393063344,
  "38": 0.8791655690913404,
  "39": 0.8796853906763922,
  "40": 0.8801158040614899,
  "41": 0.8804568092466336,
  "42": 0.8807084062318231,
  "43": 0.8808705950170586,
  "44": 0.8809433756023398,
  "45": 0.880926747987667,
  "46": 0.8808207121730401,
  "47": 0.8806252681584592,
  "48": 0.8803404159439241,
  "49": 0.8799661555294349,
  "50": 0.8795024869149916,
  "51": 0.8789494101005942,
  "52": 0.8783069250862426,
  "53": 0.8775750318719371,
  "54": 0.8767537304576773,
  "55": 0.8758430208434635,
  "56": 0.8748429030292953,
  "57": 0.8737533770151733,
  "58": 0.8725744428010972,
  "59": 0.8713061003870669,
  "60": 0.8699483497730826,
  "61": 0.8685011909591441,
  "62": 0.8669646239452515,
  "63": 0.8653386487314049,
  "64": 0.863623265317604,
  "65": 0.8618184737038492,
  "66": 0.8599242738901403,
  "67": 0.8579406658764771,
  "68": 0.8558676496628599,
  "69": 0.8537052252492886,
  "70": 0.8514533926357631,
  "71": 0.8491121518222837,
  "72": 0.84668150280885,
  "73": 0.8441614455954621,
  "74": 0.8415519801821203,
  "75": 0.8388531065688243,
  "76": 0.8360648247555743,
  "77": 0.8331871347423702,
  "78": 0.8302200365292118,
  "79": 0.8271635301160996,
  "80": 0.8240176155030331
}