{
  "19": 1641.4171509460232,
  "20": 1644.931289487927,
  "21": 1648.4454280298305,
  "22": 1651.9595665717343,
  "23": 1655.473705113638,
  "24": 1658.9878436555416,
  "25": 1662.5019821974454,
  "26": 1666.0161207393492,
  "27": 1669.5302592812527,
  "28": 1673.0443978231565,
  "29": 1676.5585363650603,
  "30": 1680.0726749069638,
  "31": 1683.5868134488676,
  "32": 1687.1009519907711,
  "33": 1690.615090532675,
  "34": 1694.1292290745787,
  "35": 1697.6433676164822,
  "36": 1701.157506158386,
  "37": 1704.6716447002898,
  "38": 1708.1857832421933,
  "39": 1711.6999217840971,
  "40": 1715.214060326001,
  "41": 1718.7281988679044,
  "42": 1722.2423374098082,
  "43": 1725.756475951712,
  "44": 1729.2706144936155,
  "45": 1732.7847530355193,
  "46": 1736.2988915774229,
  "47": 1739.8130301193266,
  "48": 1743.3271686612304,
  "49": 1746.841307203134,
  "50": 1750.3554457450377,
  "51": 1753.8695842869415,
  "52": 1757.383722828845,
  "53": 1760.8978613707488,
  "54": 1764.4119999126526,
  "55": 1767.9261384545562,
  "56": 1771.44027699646,
  "57": 1774.9544155383637,
  "58": 1778.4685540802673,
  "59": 1781.982692622171,
  "60": 1785.4968311640746,
  "61": 1789.0109697059784,
  "62": 1792.5251082478821,
  "63": 1796.0392467897857,
  "64": 1799.5533853316895,
  "65": 1803.0675238735932,
  "66": 1806.5816624154968,
  "67": 1810.0958009574006,
  "68": 1813.6099394993043,
  "69": 1817.124078041208,
  "70": 1820.6382165831117,
  "71": 1824.1523551250152,
  "72": 1827.666493666919,
  "73": 1831.1806322088228,
  "74": 1834.6947707507263,
  "75": 1838.20890929263,
  "76": 1841.7230478345339,
  "77": 1845.2371863764374,
  "78": 1848.7513249183412,
  "79": 1852.265463460245,
  "80": 1855.7796020021485
}