{
  "19": 1.3597370846404988,
  "20": 1.3671869074483622,
  "21": 1.3746678553419918,
  "22": 1.382179928321387,
  "23": 1.3897231263865475,
  "24": 1.3972974495374744,
  "25": 1.4049028977741667,
  "26": 1.4125394710966248,
  "27": 1.4202071695048488,
  "28": 1.4279059929988387,
  "29": 1.4356359415785942,
  "30": 1.4433970152441153,
  "31": 1.4511892139954023,
  "32": 1.4590125378324552,
  "33": 1.4668669867552737,
  "34": 1.474752560763858,
  "35": 1.4826692598582083,
  "36": 1.4906170840383244,
  "37": 1.4985960333042059,
  "38": 1.5066061076558535,
  "39": 1.5146473070932667,
  "40": 1.5227196316164455,
  "41": 1.5308230812253905,
  "42": 1.538957655920101,
  "43": 1.5471233557005772,
  "44": 1.5553201805668193,
  "45": 1.5635481305188272,
  "46": 1.5718072055566008,
  "47": 1.5800974056801402,
  "48": 1.5884187308894453,
  "49": 1.5967711811845164,
  "50": 1.6051547565653532,
  "51": 1.6135694570319554,
  "52": 1.622015282584324,
  "53": 1.6304922332224578,
  "54": 1.6390003089463576,
  "55": 1.6475395097560233,
  "56": 1.6561098356514548,
  "57": 1.6647112866326519,
  "58": 1.6733438626996147,
  "59": 1.6820075638523433,
  "60": 1.6907023900908378,
  "61": 1.699428341415098,
  "62": 1.708185417825124,
  "63": 1.7169736193209157,
  "64": 1.7257929459024735,
  "65": 1.7346433975697966,
  "66": 1.7435249743228856,
  "67": 1.7524376761617406,
  "68": 1.761381503086361,
  "69": 1.7703564550967474,
  "70": 1.7793625321928996,
  "71": 1.7883997343748175,
  "72": 1.7974680616425012,
  "73": 1.8065675139959507,
  "74": 1.8156980914351661,
  "75": 1.824859793960147,
  "76": 1.8340526215708939,
  "77": 1.8432765742674064,
  "78": 1.8525316520496846,
  "79": 1.8618178549177289,
  "80": 1.8711351828715388
}