{
  "19": 2.499618883663075,
  "20": 2.5212314557306423,
  "21": 2.5428440277982096,
  "22": 2.5644565998657773,
  "23": 2.5860691719333446,
  "24": 2.607681744000912,
  "25": 2.629294316068479,
  "26": 2.650906888136047,
  "27": 2.672519460203614,
  "28": 2.6941320322711815,
  "29": 2.715744604338749,
  "30": 2.7373571764063165,
  "31": 2.7589697484738838,
  "32": 2.780582320541451,
  "33": 2.8021948926090188,
  "34": 2.823807464676586,
  "35": 2.8454200367441533,
  "36": 2.867032608811721,
  "37": 2.8886451808792883,
  "38": 2.9102577529468556,
  "39": 2.9318703250144234,
  "40": 2.9534828970819906,
  "41": 2.975095469149558,
  "42": 2.996708041217125,
  "43": 3.018320613284693,
  "44": 3.03993318535226,
  "45": 3.0615457574198275,
  "46": 3.083158329487395,
  "47": 3.1047709015549625,
  "48": 3.1263834736225298,
  "49": 3.1479960456900975,
  "50": 3.169608617757665,
  "51": 3.191221189825232,
  "52": 3.2128337618927993,
  "53": 3.234446333960367,
  "54": 3.2560589060279344,
  "55": 3.2776714780955016,
  "56": 3.2992840501630694,
  "57": 3.3208966222306366,
  "58": 3.342509194298204,
  "59": 3.3641217663657716,
  "60": 3.385734338433339,
  "61": 3.407346910500906,
  "62": 3.4289594825684735,
  "63": 3.450572054636041,
  "64": 3.4721846267036085,
  "65": 3.493797198771176,
  "66": 3.5154097708387435,
  "67": 3.537022342906311,
  "68": 3.558634914973878,
  "69": 3.5802474870414454,
  "70": 3.601860059109013,
  "71": 3.6234726311765804,
  "72": 3.6450852032441476,
  "73": 3.6666977753117154,
  "74": 3.6883103473792826,
  "75": 3.70992291944685,
  "76": 3.7315354915144177,
  "77": 3.753148063581985,
  "78": 3.774760635649552,
  "79": 3.7963732077171195,
  "80": 3.8179857797846872
}