{
  "19": 19.586174364285714,
  "20": 19.586174364285714,
  "21": 19.586174364285714,
  "22": 19.586174364285714,
  "23": 19.586174364285714,
  "24": 19.586174364285714,
  "25": 19.586174364285714,
  "26": 19.586174364285714,
  "27": 19.586174364285714,
  "28": 19.586174364285714,
  "29": 19.586174364285714,
  "30": 19.586174364285714,
  "31": 19.586174364285714,
  "32": 19.586174364285714,
  "33": 19.586174364285714,
  "34": 19.586174364285714,
  "35": 19.586174364285714,
  "36": 19.586174364285714,
  "37": 19.586174364285714,
  "38": 19.586174364285714,
  "39": 19.586174364285714,
  "40": 19.586174364285714,
  "41": 19.586174364285714,
  "42": 19.586174364285714,
  "43": 19.586174364285714,
  "44": 19.586174364285714,
  "45": 19.586174364285714,
  "46": 19.586174364285714,
  "47": 19.586174364285714,
  "48": 19.586174364285714,
  "49": 19.586174364285714,
  "50": 19.586174364285714,
  "51": 19.586174364285714,
  "52": 19.586174364285714,
  "53": 19.586174364285714,
  "54": 19.586174364285714,
  "55": 19.586174364285714,
  "56": 19.586174364285714,
  "57": 19.586174364285714,
  "58": 19.586174364285714,
  "59": 19.586174364285714,
  "60": 19.586174364285714,
  "61": 19.586174364285714,
  "62": 19.586174364285714,
  "63": 19.586174364285714,
  "64": 19.586174364285714,
  "65": 19.586174364285714,
  "66": 19.586174364285714,
  "67": 19.586174364285714,
  "68": 19.586174364285714,
  "69": 19.586174364285714,
  "70": 19.586174364285714,
  "71": 19.586174364285714,
  "72": 19.586174364285714,
  "73": 19.586174364285714,
  "74": 19.586174364285714,
  "75": 19.586174364285714,
  "76": 19.586174364285714,
  "77": 19.586174364285714,
  "78": 19.586174364285714,
  "79": 19.586174364285714,
  "80": 19.586174364285714
}