{
  "19": 11.023592821713711,
  "20": 11.018007608033706,
  "21": 11.01213597313934,
  "22": 11.005977917030616,
  "23": 10.999533439707532,
  "24": 10.99280254117009,
  "25": 10.985785221418286,
  "26": 10.978481480452126,
  "27": 10.970891318271605,
  "28": 10.963014734876724,
  "29": 10.954851730267485,
  "30": 10.946402304443888,
  "31": 10.93766645740593,
  "32": 10.928644189153612,
  "33": 10.919335499686936,
  "34": 10.9097403890059,
  "35": 10.899858857110505,
  "36": 10.889690904000751,
  "37": 10.87923652967664,
  "38": 10.868495734138165,
  "39": 10.857468517385334,
  "40": 10.846154879418142,
  "41": 10.834554820236592,
  "42": 10.822668339840682,
  "43": 10.810495438230413,
  "44": 10.798036115405784,
  "45": 10.785290371366797,
  "46": 10.77225820611345,
  "47": 10.758939619645744,
  "48": 10.74533461196368,
  "49": 10.731443183067254,
  "50": 10.71726533295647,
  "51": 10.702801061631327,
  "52": 10.688050369091824,
  "53": 10.673013255337963,
  "54": 10.657689720369742,
  "55": 10.642079764187162,
  "56": 10.626183386790222,
  "57": 10.610000588178924,
  "58": 10.593531368353265,
  "59": 10.576775727313247,
  "60": 10.559733665058872,
  "61": 10.542405181590135,
  "62": 10.52479027690704,
  "63": 10.506888951009586,
  "64": 10.488701203897772,
  "65": 10.470227035571599,
  "66": 10.451466446031066,
  "67": 10.432419435276175,
  "68": 10.413086003306924,
  "69": 10.393466150123315,
  "70": 10.373559875725345,
  "71": 10.353367180113016,
  "72": 10.332888063286328,
  "73": 10.31212252524528,
  "74": 10.291070565989875,
  "75": 10.269732185520109,
  "76": 10.248107383835984,
  "77": 10.2261961609375,
  "78": 10.203998516824656,
  "79": 10.181514451497454,
  "80": 10.158743964955892
}