{
  "19": 76.35866313333335,
  "20": 76.35866313333335,
  "21": 76.35866313333335,
  "22": 76.35866313333335,
  "23": 76.35866313333335,
  "24": 76.35866313333335,
  "25": 76.35866313333335,
  "26": 76.35866313333335,
  "27": 76.35866313333335,
  "28": 76.35866313333335,
  "29": 76.35866313333335,
  "30": 76.35866313333335,
  "31": 76.35866313333335,
  "32": 76.35866313333335,
  "33": 76.35866313333335,
  "34": 76.35866313333335,
  "35": 76.35866313333335,
  "36": 76.35866313333335,
  "37": 76.35866313333335,
  "38": 76.35866313333335,
  "39": 76.35866313333335,
  "40": 76.35866313333335,
  "41": 76.35866313333335,
  "42": 76.35866313333335,
  "43": 76.35866313333335,
  "44": 76.35866313333335,
  "45": 76.35866313333335,
  "46": 76.35866313333335,
  "47": 76.35866313333335,
  "48": 76.35866313333335,
  "49": 76.35866313333335,
  "50": 76.35866313333335,
  "51": 76.35866313333335,
  "52": 76.35866313333335,
  "53": 76.35866313333335,
  "54": 76.35866313333335,
  "55": 76.35866313333335,
  "56": 76.35866313333335,
  "57": 76.35866313333335,
  "58": 76.35866313333335,
  "59": 76.35866313333335,
  "60": 76.35866313333335,
  "61": 76.35866313333335,
  "62": 76.35866313333335,
  "63": 76.35866313333335,
  "64": 76.35866313333335,
  "65": 76.35866313333335,
  "66": 76.35866313333335,
  "67": 76.35866313333335,
  "68": 76.35866313333335,
  "69": 76.35866313333335,
  "70": 76.35866313333335,
  "71": 76.35866313333335,
  "72": 76.35866313333335,
  "73": 76.35866313333335,
  "74": 76.35866313333335,
  "75": 76.35866313333335,
  "76": 76.35866313333335,
  "77": 76.35866313333335,
  "78": 76.35866313333335,
  "79": 76.35866313333335,
  "80": 76.35866313333335
}