{
  "19": 0.15449727340960695,
  "20": 0.15599656626581612,
  "21": 0.15749585912202527,
  "22": 0.15899515197823444,
  "23": 0.1604944448344436,
  "24": 0.16199373769065278,
  "25": 0.16349303054686193,
  "26": 0.1649923234030711,
  "27": 0.16649161625928027,
  "28": 0.16799090911548945,
  "29": 0.1694902019716986,
  "30": 0.17098949482790776,
  "31": 0.17248878768411693,
  "32": 0.1739880805403261,
  "33": 0.17548737339653525,
  "34": 0.17698666625274442,
  "35": 0.1784859591089536,
  "36": 0.17998525196516274,
  "37": 0.1814845448213719,
  "38": 0.18298383767758108,
  "39": 0.18448313053379026,
  "40": 0.1859824233899994,
  "41": 0.18748171624620857,
  "42": 0.18898100910241775,
  "43": 0.19048030195862692,
  "44": 0.19197959481483606,
  "45": 0.19347888767104524,
  "46": 0.1949781805272544,
  "47": 0.19647747338346358,
  "48": 0.19797676623967272,
  "49": 0.1994760590958819,
  "50": 0.20097535195209107,
  "51": 0.2024746448083002,
  "52": 0.20397393766450939,
  "53": 0.20547323052071856,
  "54": 0.20697252337692773,
  "55": 0.20847181623313688,
  "56": 0.20997110908934605,
  "57": 0.21147040194555522,
  "58": 0.2129696948017644,
  "59": 0.21446898765797354,
  "60": 0.2159682805141827,
  "61": 0.21746757337039188,
  "62": 0.21896686622660105,
  "63": 0.2204661590828102,
  "64": 0.22196545193901937,
  "65": 0.22346474479522854,
  "66": 0.2249640376514377,
  "67": 0.22646333050764686,
  "68": 0.22796262336385603,
  "69": 0.2294619162200652,
  "70": 0.23096120907627435,
  "71": 0.23246050193248352,
  "72": 0.2339597947886927,
  "73": 0.23545908764490187,
  "74": 0.236958380501111,
  "75": 0.23845767335732018,
  "76": 0.23995696621352935,
  "77": 0.24145625906973853,
  "78": 0.24295555192594767,
  "79": 0.24445484478215684,
  "80": 0.24595413763836602
}