{
  "19": 6.330786893200827,
  "20": 6.34208233876488,
  "21": 6.353957037947602,
  "22": 6.366410990748994,
  "23": 6.379444197169055,
  "24": 6.393056657207786,
  "25": 6.407248370865185,
  "26": 6.422019338141254,
  "27": 6.437369559035993,
  "28": 6.453299033549401,
  "29": 6.469807761681478,
  "30": 6.486895743432225,
  "31": 6.504562978801641,
  "32": 6.522809467789726,
  "33": 6.541635210396481,
  "34": 6.561040206621905,
  "35": 6.5810244564659985,
  "36": 6.601587959928762,
  "37": 6.622730717010194,
  "38": 6.644452727710296,
  "39": 6.666753992029067,
  "40": 6.689634509966507,
  "41": 6.713094281522617,
  "42": 6.7371333066973955,
  "43": 6.7617515854908445,
  "44": 6.786949117902963,
  "45": 6.8127259039337495,
  "46": 6.839081943583206,
  "47": 6.866017236851333,
  "48": 6.893531783738128,
  "49": 6.921625584243593,
  "50": 6.950298638367727,
  "51": 6.979550946110531,
  "52": 7.0093825074720035,
  "53": 7.039793322452146,
  "54": 7.070783391050957,
  "55": 7.102352713268439,
  "56": 7.134501289104589,
  "57": 7.167229118559409,
  "58": 7.200536201632898,
  "59": 7.234422538325057,
  "60": 7.2688881286358855,
  "61": 7.3039329725653825,
  "62": 7.33955707011355,
  "63": 7.375760421280385,
  "64": 7.412543026065891,
  "65": 7.449904884470066,
  "66": 7.4878459964929105,
  "67": 7.526366362134424,
  "68": 7.565465981394607,
  "69": 7.605144854273459,
  "70": 7.645402980770982,
  "71": 7.686240360887172,
  "72": 7.727656994622033,
  "73": 7.769652881975563,
  "74": 7.812228022947762,
  "75": 7.855382417538631,
  "76": 7.899116065748169,
  "77": 7.943428967576376,
  "78": 7.988321123023253,
  "79": 8.0337925320888,
  "80": 8.079843194773016
}