{
  "19": 3.2479604298076925,
  "20": 3.2479604298076925,
  "21": 3.2479604298076925,
  "22": 3.2479604298076925,
  "23": 3.2479604298076925,
  "24": 3.2479604298076925,
  "25": 3.2479604298076925,
  "26": 3.2479604298076925,
  "27": 3.2479604298076925,
  "28": 3.2479604298076925,
  "29": 3.2479604298076925,
  "30": 3.2479604298076925,
  "31": 3.2479604298076925,
  "32": 3.2479604298076925,
  "33": 3.2479604298076925,
  "34": 3.2479604298076925,
  "35": 3.2479604298076925,
  "36": 3.2479604298076925,
  "37": 3.2479604298076925,
  "38": 3.2479604298076925,
  "39": 3.2479604298076925,
  "40": 3.2479604298076925,
  "41": 3.2479604298076925,
  "42": 3.2479604298076925,
  "43": 3.2479604298076925,
  "44": 3.2479604298076925,
  "45": 3.2479604298076925,
  "46": 3.2479604298076925,
  "47": 3.2479604298076925,
  "48": 3.2479604298076925,
  "49": 3.2479604298076925,
  "50": 3.2479604298076925,
  "51": 3.2479604298076925,
  "52": 3.2479604298076925,
  "53": 3.2479604298076925,
  "54": 3.2479604298076925,
  "55": 3.2479604298076925,
  "56": 3.2479604298076925,
  "57": 3.2479604298076925,
  "58": 3.2479604298076925,
  "59": 3.2479604298076925,
  "60": 3.2479604298076925,
  "61": 3.2479604298076925,
  "62": 3.2479604298076925,
  "63": 3.2479604298076925,
  "64": 3.2479604298076925,
  "65": 3.2479604298076925,
  "66": 3.2479604298076925,
  "67": 3.2479604298076925,
  "68": 3.2479604298076925,
  "69": 3.2479604298076925,
  "70": 3.2479604298076925,
  "71": 3.2479604298076925,
  "72": 3.2479604298076925,
  "73": 3.2479604298076925,
  "74": 3.2479604298076925,
  "75": 3.2479604298076925,
  "76": 3.2479604298076925,
  "77": 3.2479604298076925,
  "78": 3.2479604298076925,
  "79": 3.2479604298076925,
  "80": 3.2479604298076925
}