{
  "19": 3.514400349639774,
  "20": 3.521731671052621,
  "21": 3.529438957666126,
  "22": 3.5375222094802896,
  "23": 3.5459814264951124,
  "24": 3.554816608710594,
  "25": 3.5640277561267344,
  "26": 3.573614868743533,
  "27": 3.583577946560991,
  "28": 3.5939169895791077,
  "29": 3.6046319977978833,
  "30": 3.6157229712173176,
  "31": 3.6271899098374103,
  "32": 3.639032813658162,
  "33": 3.6512516826795727,
  "34": 3.663846516901642,
  "35": 3.67681731632437,
  "36": 3.690164080947757,
  "37": 3.703886810771803,
  "38": 3.7179855057965074,
  "39": 3.7324601660218706,
  "40": 3.7473107914478927,
  "41": 3.7625373820745738,
  "42": 3.7781399379019134,
  "43": 3.7941184589299115,
  "44": 3.810472945158569,
  "45": 3.8272033965878847,
  "46": 3.8443098132178597,
  "47": 3.8617921950484932,
  "48": 3.8796505420797858,
  "49": 3.897884854311737,
  "50": 3.916495131744347,
  "51": 3.9354813743776154,
  "52": 3.954843582211543,
  "53": 3.9745817552461293,
  "54": 3.9946958934813743,
  "55": 4.015185996917278,
  "56": 4.036052065553841,
  "57": 4.057294099391062,
  "58": 4.078912098428942,
  "59": 4.100906062667481,
  "60": 4.123275992106679,
  "61": 4.146021886746536,
  "62": 4.169143746587051,
  "63": 4.192641571628226,
  "64": 4.216515361870059,
  "65": 4.2407651173125505,
  "66": 4.2653908379557,
  "67": 4.29039252379951,
  "68": 4.315770174843978,
  "69": 4.341523791089105,
  "70": 4.367653372534891,
  "71": 4.394158919181335,
  "72": 4.421040431028438,
  "73": 4.4482979080762,
  "74": 4.475931350324621,
  "75": 4.503940757773701,
  "76": 4.5323261304234395,
  "77": 4.561087468273836,
  "78": 4.590224771324892,
  "79": 4.619738039576607,
  "80": 4.6496272730289805
}