{
  "19": 2.846025209986237,
  "20": 2.849201623468918,
  "21": 2.852378036951599,
  "22": 2.8555544504342802,
  "23": 2.8587308639169615,
  "24": 2.861907277399643,
  "25": 2.8650836908823236,
  "26": 2.868260104365005,
  "27": 2.871436517847686,
  "28": 2.874612931330367,
  "29": 2.8777893448130483,
  "30": 2.8809657582957295,
  "31": 2.8841421717784104,
  "32": 2.8873185852610916,
  "33": 2.890494998743773,
  "34": 2.8936714122264537,
  "35": 2.896847825709135,
  "36": 2.9000242391918163,
  "37": 2.9032006526744976,
  "38": 2.9063770661571784,
  "39": 2.9095534796398597,
  "40": 2.912729893122541,
  "41": 2.9159063066052218,
  "42": 2.919082720087903,
  "43": 2.9222591335705843,
  "44": 2.925435547053265,
  "45": 2.9286119605359464,
  "46": 2.9317883740186277,
  "47": 2.9349647875013085,
  "48": 2.93814120098399,
  "49": 2.941317614466671,
  "50": 2.9444940279493523,
  "51": 2.947670441432033,
  "52": 2.9508468549147144,
  "53": 2.9540232683973957,
  "54": 2.9571996818800765,
  "55": 2.960376095362758,
  "56": 2.963552508845439,
  "57": 2.96672892232812,
  "58": 2.969905335810801,
  "59": 2.9730817492934825,
  "60": 2.9762581627761633,
  "61": 2.9794345762588446,
  "62": 2.982610989741526,
  "63": 2.9857874032242067,
  "64": 2.988963816706888,
  "65": 2.992140230189569,
  "66": 2.9953166436722505,
  "67": 2.9984930571549313,
  "68": 3.0016694706376126,
  "69": 3.004845884120294,
  "70": 3.0080222976029747,
  "71": 3.011198711085656,
  "72": 3.0143751245683372,
  "73": 3.017551538051018,
  "74": 3.0207279515336993,
  "75": 3.0239043650163806,
  "76": 3.0270807784990614,
  "77": 3.0302571919817427,
  "78": 3.033433605464424,
  "79": 3.0366100189471052,
  "80": 3.039786432429786
}