{
  "19": 2.169009977154127,
  "20": 2.1790262564082954,
  "21": 2.189042535662464,
  "22": 2.1990588149166324,
  "23": 2.209075094170801,
  "24": 2.2190913734249693,
  "25": 2.229107652679138,
  "26": 2.2391239319333063,
  "27": 2.2491402111874748,
  "28": 2.259156490441643,
  "29": 2.2691727696958113,
  "30": 2.2791890489499798,
  "31": 2.2892053282041482,
  "32": 2.2992216074583167,
  "33": 2.309237886712485,
  "34": 2.3192541659666537,
  "35": 2.329270445220822,
  "36": 2.3392867244749906,
  "37": 2.3493030037291587,
  "38": 2.359319282983327,
  "39": 2.3693355622374956,
  "40": 2.379351841491664,
  "41": 2.3893681207458326,
  "42": 2.399384400000001,
  "43": 2.4094006792541696,
  "44": 2.419416958508338,
  "45": 2.4294332377625065,
  "46": 2.4394495170166746,
  "47": 2.449465796270843,
  "48": 2.4594820755250115,
  "49": 2.46949835477918,
  "50": 2.4795146340333485,
  "51": 2.489530913287517,
  "52": 2.4995471925416854,
  "53": 2.509563471795854,
  "54": 2.5195797510500224,
  "55": 2.5295960303041904,
  "56": 2.539612309558359,
  "57": 2.5496285888125274,
  "58": 2.559644868066696,
  "59": 2.5696611473208644,
  "60": 2.579677426575033,
  "61": 2.5896937058292013,
  "62": 2.59970998508337,
  "63": 2.6097262643375383,
  "64": 2.6197425435917063,
  "65": 2.629758822845875,
  "66": 2.6397751021000433,
  "67": 2.6497913813542118,
  "68": 2.6598076606083803,
  "69": 2.6698239398625487,
  "70": 2.679840219116717,
  "71": 2.6898564983708857,
  "72": 2.699872777625054,
  "73": 2.7098890568792227,
  "74": 2.7199053361333907,
  "75": 2.729921615387559,
  "76": 2.7399378946417277,
  "77": 2.749954173895896,
  "78": 2.7599704531500646,
  "79": 2.769986732404233,
  "80": 2.7800030116584016
}