{
  "19": 16.57228929323059,
  "20": 16.596348944675633,
  "21": 16.618808354429206,
  "22": 16.639667522491315,
  "23": 16.65892644886196,
  "24": 16.676585133541135,
  "25": 16.692643576528845,
  "26": 16.707101777825088,
  "27": 16.719959737429868,
  "28": 16.731217455343174,
  "29": 16.74087493156502,
  "30": 16.7489321660954,
  "31": 16.755389158934314,
  "32": 16.76024591008176,
  "33": 16.763502419537744,
  "34": 16.765158687302257,
  "35": 16.765214713375308,
  "36": 16.76367049775689,
  "37": 16.760526040447008,
  "38": 16.75578134144566,
  "39": 16.74943640075284,
  "40": 16.741491218368555,
  "41": 16.73194579429281,
  "42": 16.720800128525592,
  "43": 16.708054221066913,
  "44": 16.693708071916767,
  "45": 16.677761681075154,
  "46": 16.660215048542078,
  "47": 16.64106817431753,
  "48": 16.620321058401522,
  "49": 16.597973700794043,
  "50": 16.574026101495097,
  "51": 16.548478260504687,
  "52": 16.521330177822815,
  "53": 16.492581853449472,
  "54": 16.462233287384663,
  "55": 16.43028447962839,
  "56": 16.39673543018065,
  "57": 16.361586139041446,
  "58": 16.324836606210773,
  "59": 16.286486831688634,
  "60": 16.246536815475025,
  "61": 16.204986557569956,
  "62": 16.161836057973417,
  "63": 16.117085316685415,
  "64": 16.070734333705946,
  "65": 16.02278310903501,
  "66": 15.97323164267261,
  "67": 15.922079934618743,
  "68": 15.86932798487341,
  "69": 15.814975793436611,
  "70": 15.759023360308344,
  "71": 15.701470685488609,
  "72": 15.642317768977412,
  "73": 15.581564610774747,
  "74": 15.519211210880616,
  "75": 15.45525756929502,
  "76": 15.389703686017958,
  "77": 15.32254956104943,
  "78": 15.253795194389435,
  "79": 15.183440586037973,
  "80": 15.111485735995046
}