{
  "19": -0.018898301990069293,
  "20": -0.018986939923443795,
  "21": -0.019075577856818297,
  "22": -0.0191642157901928,
  "23": -0.019252853723567297,
  "24": -0.0193414916569418,
  "25": -0.0194301295903163,
  "26": -0.019518767523690802,
  "27": -0.0196074054570653,
  "28": -0.019696043390439802,
  "29": -0.019784681323814304,
  "30": -0.019873319257188805,
  "31": -0.019961957190563304,
  "32": -0.020050595123937805,
  "33": -0.020139233057312307,
  "34": -0.02022787099068681,
  "35": -0.02031650892406131,
  "36": -0.02040514685743581,
  "37": -0.02049378479081031,
  "38": -0.020582422724184812,
  "39": -0.020671060657559314,
  "40": -0.020759698590933812,
  "41": -0.020848336524308314,
  "42": -0.020936974457682816,
  "43": -0.021025612391057318,
  "44": -0.021114250324431816,
  "45": -0.021202888257806318,
  "46": -0.02129152619118082,
  "47": -0.02138016412455532,
  "48": -0.02146880205792982,
  "49": -0.02155743999130432,
  "50": -0.021646077924678823,
  "51": -0.021734715858053325,
  "52": -0.021823353791427823,
  "53": -0.021911991724802325,
  "54": -0.022000629658176826,
  "55": -0.022089267591551328,
  "56": -0.022177905524925826,
  "57": -0.022266543458300328,
  "58": -0.02235518139167483,
  "59": -0.02244381932504933,
  "60": -0.02253245725842383,
  "61": -0.02262109519179833,
  "62": -0.022709733125172833,
  "63": -0.022798371058547335,
  "64": -0.022887008991921837,
  "65": -0.022975646925296335,
  "66": -0.023064284858670837,
  "67": -0.02315292279204534,
  "68": -0.02324156072541984,
  "69": -0.02333019865879434,
  "70": -0.02341883659216884,
  "71": -0.023507474525543342,
  "72": -0.023596112458917844,
  "73": -0.023684750392292342,
  "74": -0.023773388325666844,
  "75": -0.023862026259041345,
  "76": -0.023950664192415847,
  "77": -0.024039302125790345,
  "78": -0.024127940059164847,
  "79": -0.02421657799253935,
  "80": -0.02430521592591385
}