{
  "19": 0.13025814593919713,
  "20": 0.130715808864517,
  "21": 0.13117347178983685,
  "22": 0.13163113471515672,
  "23": 0.13208879764047657,
  "24": 0.13254646056579644,
  "25": 0.13300412349111632,
  "26": 0.13346178641643616,
  "27": 0.13391944934175604,
  "28": 0.13437711226707588,
  "29": 0.13483477519239576,
  "30": 0.13529243811771563,
  "31": 0.13575010104303548,
  "32": 0.13620776396835535,
  "33": 0.1366654268936752,
  "34": 0.13712308981899507,
  "35": 0.13758075274431494,
  "36": 0.1380384156696348,
  "37": 0.13849607859495466,
  "38": 0.1389537415202745,
  "39": 0.13941140444559438,
  "40": 0.13986906737091423,
  "41": 0.1403267302962341,
  "42": 0.14078439322155398,
  "43": 0.14124205614687382,
  "44": 0.1416997190721937,
  "45": 0.14215738199751354,
  "46": 0.14261504492283342,
  "47": 0.1430727078481533,
  "48": 0.14353037077347314,
  "49": 0.143988033698793,
  "50": 0.14444569662411286,
  "51": 0.14490335954943273,
  "52": 0.14536102247475258,
  "53": 0.14581868540007245,
  "54": 0.14627634832539232,
  "55": 0.14673401125071217,
  "56": 0.14719167417603204,
  "57": 0.1476493371013519,
  "58": 0.14810700002667176,
  "59": 0.14856466295199164,
  "60": 0.14902232587731148,
  "61": 0.14947998880263136,
  "62": 0.1499376517279512,
  "63": 0.15039531465327108,
  "64": 0.15085297757859095,
  "65": 0.1513106405039108,
  "66": 0.15176830342923067,
  "67": 0.15222596635455052,
  "68": 0.1526836292798704,
  "69": 0.15314129220519024,
  "70": 0.1535989551305101,
  "71": 0.15405661805582999,
  "72": 0.15451428098114983,
  "73": 0.1549719439064697,
  "74": 0.15542960683178955,
  "75": 0.15588726975710943,
  "76": 0.1563449326824293,
  "77": 0.15680259560774915,
  "78": 0.15726025853306902,
  "79": 0.15771792145838887,
  "80": 0.15817558438370874
}