{
  "19": 0.02188549015653379,
  "20": 0.021942607494528393,
  "21": 0.022002653926779133,
  "22": 0.022065629453286006,
  "23": 0.02213153407404901,
  "24": 0.022200367789068153,
  "25": 0.022272130598343428,
  "26": 0.022346822501874836,
  "27": 0.022424443499662376,
  "28": 0.02250499359170605,
  "29": 0.02258847277800586,
  "30": 0.0226748810585618,
  "31": 0.022764218433373874,
  "32": 0.022856484902442083,
  "33": 0.022951680465766428,
  "34": 0.023049805123346902,
  "35": 0.023150858875183512,
  "36": 0.023254841721276256,
  "37": 0.023361753661625132,
  "38": 0.023471594696230145,
  "39": 0.023584364825091287,
  "40": 0.023700064048208565,
  "41": 0.023818692365581977,
  "42": 0.023940249777211525,
  "43": 0.0240647362830972,
  "44": 0.024192151883239015,
  "45": 0.02432249657763696,
  "46": 0.02445577036629104,
  "47": 0.024591973249201253,
  "48": 0.0247311052263676,
  "49": 0.024873166297790083,
  "50": 0.025018156463468697,
  "51": 0.025166075723403444,
  "52": 0.025316924077594324,
  "53": 0.02547070152604134,
  "54": 0.02562740806874449,
  "55": 0.025787043705703772,
  "56": 0.025949608436919187,
  "57": 0.026115102262390735,
  "58": 0.02628352518211842,
  "59": 0.026454877196102237,
  "60": 0.026629158304342187,
  "61": 0.02680636850683827,
  "62": 0.02698650780359049,
  "63": 0.02716957619459884,
  "64": 0.027355573679863326,
  "65": 0.027544500259383944,
  "66": 0.027736355933160695,
  "67": 0.027931140701193582,
  "68": 0.0281288545634826,
  "69": 0.028329497520027752,
  "70": 0.02853306957082904,
  "71": 0.02873957071588646,
  "72": 0.028949000955200015,
  "73": 0.0291613602887697,
  "74": 0.029376648716595524,
  "75": 0.029594866238677478,
  "76": 0.029816012855015565,
  "77": 0.030040088565609788,
  "78": 0.030267093370460144,
  "79": 0.030497027269566632,
  "80": 0.030729890262929254
}