{
  "19": 34.81739961869777,
  "20": 34.87648167237012,
  "21": 34.93556372604246,
  "22": 34.9946457797148,
  "23": 35.05372783338714,
  "24": 35.112809887059484,
  "25": 35.17189194073183,
  "26": 35.230973994404174,
  "27": 35.290056048076515,
  "28": 35.349138101748856,
  "29": 35.408220155421205,
  "30": 35.467302209093546,
  "31": 35.52638426276589,
  "32": 35.58546631643823,
  "33": 35.64454837011058,
  "34": 35.70363042378292,
  "35": 35.76271247745526,
  "36": 35.8217945311276,
  "37": 35.88087658479994,
  "38": 35.93995863847229,
  "39": 35.99904069214463,
  "40": 36.05812274581697,
  "41": 36.117204799489315,
  "42": 36.17628685316166,
  "43": 36.235368906834005,
  "44": 36.294450960506346,
  "45": 36.35353301417869,
  "46": 36.412615067851036,
  "47": 36.47169712152338,
  "48": 36.53077917519572,
  "49": 36.58986122886806,
  "50": 36.6489432825404,
  "51": 36.70802533621275,
  "52": 36.76710738988509,
  "53": 36.82618944355743,
  "54": 36.88527149722977,
  "55": 36.94435355090212,
  "56": 37.00343560457446,
  "57": 37.062517658246804,
  "58": 37.121599711919146,
  "59": 37.18068176559149,
  "60": 37.239763819263835,
  "61": 37.29884587293618,
  "62": 37.35792792660852,
  "63": 37.41700998028086,
  "64": 37.47609203395321,
  "65": 37.53517408762555,
  "66": 37.59425614129789,
  "67": 37.65333819497023,
  "68": 37.71242024864258,
  "69": 37.77150230231492,
  "70": 37.83058435598726,
  "71": 37.889666409659604,
  "72": 37.948748463331945,
  "73": 38.007830517004294,
  "74": 38.066912570676635,
  "75": 38.12599462434898,
  "76": 38.18507667802132,
  "77": 38.244158731693666,
  "78": 38.30324078536601,
  "79": 38.36232283903835,
  "80": 38.42140489271069
}