{
  "19": 10.020183864411415,
  "20": 10.095450785080736,
  "21": 10.170717705750059,
  "22": 10.245984626419382,
  "23": 10.321251547088703,
  "24": 10.396518467758026,
  "25": 10.47178538842735,
  "26": 10.54705230909667,
  "27": 10.622319229765994,
  "28": 10.697586150435317,
  "29": 10.77285307110464,
  "30": 10.848119991773961,
  "31": 10.923386912443284,
  "32": 10.998653833112607,
  "33": 11.073920753781929,
  "34": 11.149187674451252,
  "35": 11.224454595120575,
  "36": 11.299721515789898,
  "37": 11.374988436459219,
  "38": 11.450255357128542,
  "39": 11.525522277797865,
  "40": 11.600789198467186,
  "41": 11.67605611913651,
  "42": 11.751323039805833,
  "43": 11.826589960475156,
  "44": 11.901856881144477,
  "45": 11.9771238018138,
  "46": 12.052390722483123,
  "47": 12.127657643152444,
  "48": 12.202924563821767,
  "49": 12.27819148449109,
  "50": 12.353458405160413,
  "51": 12.428725325829735,
  "52": 12.503992246499058,
  "53": 12.57925916716838,
  "54": 12.654526087837702,
  "55": 12.729793008507025,
  "56": 12.805059929176348,
  "57": 12.880326849845671,
  "58": 12.955593770514993,
  "59": 13.030860691184316,
  "60": 13.106127611853639,
  "61": 13.18139453252296,
  "62": 13.256661453192283,
  "63": 13.331928373861606,
  "64": 13.40719529453093,
  "65": 13.48246221520025,
  "66": 13.557729135869574,
  "67": 13.632996056538897,
  "68": 13.708262977208218,
  "69": 13.783529897877541,
  "70": 13.858796818546864,
  "71": 13.934063739216185,
  "72": 14.009330659885508,
  "73": 14.084597580554831,
  "74": 14.159864501224154,
  "75": 14.235131421893476,
  "76": 14.310398342562799,
  "77": 14.385665263232122,
  "78": 14.460932183901443,
  "79": 14.536199104570766,
  "80": 14.61146602524009
}