{
  "19": 0.8952803682655873,
  "20": 0.8963138200062263,
  "21": 0.8972959196021689,
  "22": 0.8982266670534151,
  "23": 0.899106062359965,
  "24": 0.8999341055218187,
  "25": 0.9007107965389761,
  "26": 0.9014361354114371,
  "27": 0.9021101221392017,
  "28": 0.9027327567222702,
  "29": 0.9033040391606423,
  "30": 0.9038239694543179,
  "31": 0.9042925476032972,
  "32": 0.9047097736075804,
  "33": 0.9050756474671672,
  "34": 0.9053901691820576,
  "35": 0.9056533387522516,
  "36": 0.9058651561777495,
  "37": 0.906025621458551,
  "38": 0.9061347345946561,
  "39": 0.906192495586065,
  "40": 0.9061989044327775,
  "41": 0.9061539611347937,
  "42": 0.9060576656921135,
  "43": 0.9059100181047371,
  "44": 0.9057110183726644,
  "45": 0.9054606664958954,
  "46": 0.90515896247443,
  "47": 0.9048059063082682,
  "48": 0.9044014979974102,
  "49": 0.9039457375418559,
  "50": 0.9034386249416051,
  "51": 0.9028801601966581,
  "52": 0.9022703433070148,
  "53": 0.9016091742726753,
  "54": 0.9008966530936392,
  "55": 0.9001327797699069,
  "56": 0.8993175543014783,
  "57": 0.8984509766883535,
  "58": 0.8975330469305322,
  "59": 0.8965637650280146,
  "60": 0.8955431309808007,
  "61": 0.8944711447888907,
  "62": 0.8933478064522841,
  "63": 0.8921731159709811,
  "64": 0.890947073344982,
  "65": 0.8896696785742867,
  "66": 0.8883409316588949,
  "67": 0.8869608325988066,
  "68": 0.8855293813940223,
  "69": 0.8840465780445416,
  "70": 0.8825124225503643,
  "71": 0.880926914911491,
  "72": 0.8792900551279214,
  "73": 0.8776018431996554,
  "74": 0.875862279126693,
  "75": 0.8740713629090342,
  "76": 0.8722290945466793,
  "77": 0.870335474039628,
  "78": 0.8683905013878802,
  "79": 0.8663941765914364,
  "80": 0.8643464996502961
}