{
  "19": 0.056474259624360534,
  "20": 0.05668254581238325,
  "21": 0.05689083200040597,
  "22": 0.057099118188428694,
  "23": 0.05730740437645141,
  "24": 0.05751569056447413,
  "25": 0.05772397675249685,
  "26": 0.05793226294051957,
  "27": 0.05814054912854229,
  "28": 0.05834883531656501,
  "29": 0.05855712150458773,
  "30": 0.05876540769261045,
  "31": 0.05897369388063317,
  "32": 0.05918198006865589,
  "33": 0.059390266256678606,
  "34": 0.05959855244470133,
  "35": 0.05980683863272405,
  "36": 0.06001512482074677,
  "37": 0.06022341100876949,
  "38": 0.06043169719679221,
  "39": 0.06063998338481493,
  "40": 0.06084826957283765,
  "41": 0.061056555760860366,
  "42": 0.06126484194888309,
  "43": 0.06147312813690581,
  "44": 0.061681414324928525,
  "45": 0.06188970051295125,
  "46": 0.06209798670097397,
  "47": 0.062306272888996685,
  "48": 0.0625145590770194,
  "49": 0.06272284526504213,
  "50": 0.06293113145306485,
  "51": 0.06313941764108756,
  "52": 0.06334770382911029,
  "53": 0.06355599001713301,
  "54": 0.06376427620515572,
  "55": 0.06397256239317844,
  "56": 0.06418084858120117,
  "57": 0.06438913476922388,
  "58": 0.0645974209572466,
  "59": 0.06480570714526933,
  "60": 0.06501399333329204,
  "61": 0.06522227952131476,
  "62": 0.06543056570933749,
  "63": 0.0656388518973602,
  "64": 0.06584713808538292,
  "65": 0.06605542427340565,
  "66": 0.06626371046142836,
  "67": 0.06647199664945108,
  "68": 0.0666802828374738,
  "69": 0.06688856902549652,
  "70": 0.06709685521351924,
  "71": 0.06730514140154197,
  "72": 0.06751342758956469,
  "73": 0.0677217137775874,
  "74": 0.06792999996561012,
  "75": 0.06813828615363285,
  "76": 0.06834657234165556,
  "77": 0.06855485852967828,
  "78": 0.06876314471770101,
  "79": 0.06897143090572372,
  "80": 0.06917971709374644
}