{
  "19": 13108.377206207158,
  "20": 13118.022321709559,
  "21": 13127.667437211961,
  "22": 13137.312552714362,
  "23": 13146.957668216764,
  "24": 13156.602783719165,
  "25": 13166.247899221567,
  "26": 13175.893014723968,
  "27": 13185.53813022637,
  "28": 13195.183245728771,
  "29": 13204.828361231173,
  "30": 13214.473476733574,
  "31": 13224.118592235976,
  "32": 13233.763707738377,
  "33": 13243.40882324078,
  "34": 13253.053938743182,
  "35": 13262.699054245582,
  "36": 13272.344169747985,
  "37": 13281.989285250385,
  "38": 13291.634400752788,
  "39": 13301.279516255188,
  "40": 13310.92463175759,
  "41": 13320.569747259991,
  "42": 13330.214862762394,
  "43": 13339.859978264794,
  "44": 13349.505093767197,
  "45": 13359.150209269597,
  "46": 13368.795324772,
  "47": 13378.4404402744,
  "48": 13388.085555776803,
  "49": 13397.730671279203,
  "50": 13407.375786781606,
  "51": 13417.020902284006,
  "52": 13426.666017786409,
  "53": 13436.31113328881,
  "54": 13445.956248791212,
  "55": 13455.601364293612,
  "56": 13465.246479796015,
  "57": 13474.891595298415,
  "58": 13484.536710800818,
  "59": 13494.181826303218,
  "60": 13503.82694180562,
  "61": 13513.472057308021,
  "62": 13523.117172810424,
  "63": 13532.762288312824,
  "64": 13542.407403815227,
  "65": 13552.052519317629,
  "66": 13561.69763482003,
  "67": 13571.342750322432,
  "68": 13580.987865824833,
  "69": 13590.632981327235,
  "70": 13600.278096829636,
  "71": 13609.923212332038,
  "72": 13619.568327834439,
  "73": 13629.213443336841,
  "74": 13638.858558839242,
  "75": 13648.503674341644,
  "76": 13658.148789844045,
  "77": 13667.793905346447,
  "78": 13677.439020848848,
  "79": 13687.08413635125,
  "80": 13696.72925185365
}