{
  "19": 3758.4339125637175,
  "20": 3761.1993600805663,
  "21": 3763.9648075974146,
  "22": 3766.7302551142634,
  "23": 3769.4957026311117,
  "24": 3772.2611501479605,
  "25": 3775.026597664809,
  "26": 3777.7920451816576,
  "27": 3780.557492698506,
  "28": 3783.3229402153547,
  "29": 3786.088387732203,
  "30": 3788.853835249052,
  "31": 3791.6192827659,
  "32": 3794.384730282749,
  "33": 3797.1501777995973,
  "34": 3799.915625316446,
  "35": 3802.6810728332944,
  "36": 3805.446520350143,
  "37": 3808.2119678669915,
  "38": 3810.9774153838403,
  "39": 3813.7428629006886,
  "40": 3816.5083104175374,
  "41": 3819.273757934386,
  "42": 3822.0392054512345,
  "43": 3824.8046529680832,
  "44": 3827.5701004849316,
  "45": 3830.3355480017804,
  "46": 3833.1009955186287,
  "47": 3835.8664430354775,
  "48": 3838.631890552326,
  "49": 3841.3973380691746,
  "50": 3844.162785586023,
  "51": 3846.9282331028717,
  "52": 3849.69368061972,
  "53": 3852.459128136569,
  "54": 3855.224575653417,
  "55": 3857.990023170266,
  "56": 3860.755470687114,
  "57": 3863.520918203963,
  "58": 3866.2863657208113,
  "59": 3869.05181323766,
  "60": 3871.817260754509,
  "61": 3874.582708271357,
  "62": 3877.348155788206,
  "63": 3880.1136033050543,
  "64": 3882.879050821903,
  "65": 3885.6444983387514,
  "66": 3888.4099458556,
  "67": 3891.1753933724485,
  "68": 3893.9408408892973,
  "69": 3896.7062884061456,
  "70": 3899.4717359229944,
  "71": 3902.2371834398427,
  "72": 3905.0026309566915,
  "73": 3907.76807847354,
  "74": 3910.5335259903886,
  "75": 3913.298973507237,
  "76": 3916.0644210240857,
  "77": 3918.829868540934,
  "78": 3921.595316057783,
  "79": 3924.3607635746316,
  "80": 3927.12621109148
}