{
  "19": -0.6896260445635292,
  "20": -0.710620032557159,
  "21": -0.7316140205507887,
  "22": -0.7526080085444184,
  "23": -0.7736019965380483,
  "24": -0.7945959845316781,
  "25": -0.8155899725253078,
  "26": -0.8365839605189376,
  "27": -0.8575779485125674,
  "28": -0.8785719365061972,
  "29": -0.899565924499827,
  "30": -0.9205599124934567,
  "31": -0.9415539004870865,
  "32": -0.9625478884807164,
  "33": -0.9835418764743461,
  "34": -1.0045358644679758,
  "35": -1.0255298524616057,
  "36": -1.0465238404552355,
  "37": -1.0675178284488651,
  "38": -1.088511816442495,
  "39": -1.1095058044361248,
  "40": -1.1304997924297546,
  "41": -1.1514937804233845,
  "42": -1.172487768417014,
  "43": -1.193481756410644,
  "44": -1.2144757444042737,
  "45": -1.2354697323979034,
  "46": -1.2564637203915332,
  "47": -1.277457708385163,
  "48": -1.2984516963787929,
  "49": -1.3194456843724227,
  "50": -1.3404396723660523,
  "51": -1.3614336603596822,
  "52": -1.382427648353312,
  "53": -1.4034216363469416,
  "54": -1.4244156243405715,
  "55": -1.4454096123342013,
  "56": -1.4664036003278311,
  "57": -1.487397588321461,
  "58": -1.5083915763150906,
  "59": -1.5293855643087204,
  "60": -1.5503795523023503,
  "61": -1.5713735402959799,
  "62": -1.5923675282896097,
  "63": -1.6133615162832395,
  "64": -1.6343555042768694,
  "65": -1.6553494922704992,
  "66": -1.6763434802641288,
  "67": -1.6973374682577587,
  "68": -1.7183314562513885,
  "69": -1.7393254442450181,
  "70": -1.760319432238648,
  "71": -1.7813134202322778,
  "72": -1.8023074082259076,
  "73": -1.8233013962195375,
  "74": -1.844295384213167,
  "75": -1.865289372206797,
  "76": -1.8862833602004268,
  "77": -1.9072773481940564,
  "78": -1.9282713361876862,
  "79": -1.949265324181316,
  "80": -1.9702593121749459
}