{
  "19": 4.863264585047414,
  "20": 4.836178055967851,
  "21": 4.809091526888287,
  "22": 4.782004997808723,
  "23": 4.7549184687291595,
  "24": 4.7278319396495965,
  "25": 4.700745410570033,
  "26": 4.673658881490469,
  "27": 4.646572352410905,
  "28": 4.619485823331342,
  "29": 4.592399294251778,
  "30": 4.565312765172214,
  "31": 4.53822623609265,
  "32": 4.511139707013086,
  "33": 4.484053177933523,
  "34": 4.456966648853959,
  "35": 4.4298801197743956,
  "36": 4.402793590694832,
  "37": 4.375707061615269,
  "38": 4.348620532535705,
  "39": 4.321534003456141,
  "40": 4.294447474376577,
  "41": 4.267360945297014,
  "42": 4.24027441621745,
  "43": 4.213187887137886,
  "44": 4.186101358058322,
  "45": 4.159014828978759,
  "46": 4.1319282998991955,
  "47": 4.104841770819632,
  "48": 4.077755241740068,
  "49": 4.050668712660504,
  "50": 4.023582183580941,
  "51": 3.996495654501377,
  "52": 3.969409125421813,
  "53": 3.9423225963422497,
  "54": 3.915236067262686,
  "55": 3.8881495381831224,
  "56": 3.8610630091035585,
  "57": 3.833976480023995,
  "58": 3.806889950944431,
  "59": 3.7798034218648677,
  "60": 3.752716892785304,
  "61": 3.7256303637057404,
  "62": 3.6985438346261765,
  "63": 3.671457305546613,
  "64": 3.644370776467049,
  "65": 3.6172842473874853,
  "66": 3.590197718307922,
  "67": 3.563111189228358,
  "68": 3.5360246601487946,
  "69": 3.5089381310692307,
  "70": 3.4818516019896673,
  "71": 3.4547650729101034,
  "72": 3.42767854383054,
  "73": 3.400592014750976,
  "74": 3.3735054856714126,
  "75": 3.3464189565918487,
  "76": 3.3193324275122853,
  "77": 3.2922458984327214,
  "78": 3.265159369353158,
  "79": 3.238072840273594,
  "80": 3.2109863111940307
}