{
  "19": 0.389275052751308,
  "20": 0.388853336743064,
  "21": 0.38843162073481996,
  "22": 0.3880099047265759,
  "23": 0.3875881887183319,
  "24": 0.3871664727100879,
  "25": 0.3867447567018439,
  "26": 0.38632304069359985,
  "27": 0.3859013246853558,
  "28": 0.3854796086771118,
  "29": 0.38505789266886775,
  "30": 0.3846361766606237,
  "31": 0.3842144606523797,
  "32": 0.38379274464413565,
  "33": 0.3833710286358916,
  "34": 0.38294931262764764,
  "35": 0.3825275966194036,
  "36": 0.3821058806111596,
  "37": 0.38168416460291554,
  "38": 0.3812624485946715,
  "39": 0.3808407325864275,
  "40": 0.38041901657818344,
  "41": 0.3799973005699394,
  "42": 0.3795755845616954,
  "43": 0.3791538685534514,
  "44": 0.37873215254520737,
  "45": 0.37831043653696333,
  "46": 0.3778887205287193,
  "47": 0.37746700452047527,
  "48": 0.37704528851223124,
  "49": 0.3766235725039872,
  "50": 0.37620185649574317,
  "51": 0.37578014048749914,
  "52": 0.3753584244792551,
  "53": 0.3749367084710111,
  "54": 0.3745149924627671,
  "55": 0.37409327645452306,
  "56": 0.373671560446279,
  "57": 0.373249844438035,
  "58": 0.37282812842979096,
  "59": 0.37240641242154693,
  "60": 0.3719846964133029,
  "61": 0.37156298040505886,
  "62": 0.3711412643968149,
  "63": 0.37071954838857085,
  "64": 0.3702978323803268,
  "65": 0.3698761163720828,
  "66": 0.36945440036383875,
  "67": 0.3690326843555947,
  "68": 0.3686109683473507,
  "69": 0.36818925233910665,
  "70": 0.3677675363308626,
  "71": 0.3673458203226186,
  "72": 0.3669241043143746,
  "73": 0.3665023883061306,
  "74": 0.36608067229788654,
  "75": 0.3656589562896425,
  "76": 0.3652372402813985,
  "77": 0.36481552427315445,
  "78": 0.3643938082649104,
  "79": 0.3639720922566664,
  "80": 0.36355037624842235
}