{
  "19": 0.011805209187826042,
  "20": 0.011762112792376123,
  "21": 0.011716806325364669,
  "22": 0.011669289786791682,
  "23": 0.011619563176657159,
  "24": 0.011567626494961103,
  "25": 0.011513479741703511,
  "26": 0.011457122916884386,
  "27": 0.011398556020503728,
  "28": 0.011337779052561534,
  "29": 0.011274792013057805,
  "30": 0.011209594901992545,
  "31": 0.011142187719365747,
  "32": 0.011072570465177416,
  "33": 0.011000743139427551,
  "34": 0.010926705742116152,
  "35": 0.010850458273243218,
  "36": 0.01077200073280875,
  "37": 0.010691333120812748,
  "38": 0.01060845543725521,
  "39": 0.01052336768213614,
  "40": 0.010436069855455534,
  "41": 0.010346561957213394,
  "42": 0.010254843987409721,
  "43": 0.010160915946044511,
  "44": 0.01006477783311777,
  "45": 0.009966429648629493,
  "46": 0.00986587139257968,
  "47": 0.009763103064968335,
  "48": 0.009658124665795456,
  "49": 0.009550936195061041,
  "50": 0.009441537652765094,
  "51": 0.00932992903890761,
  "52": 0.009216110353488594,
  "53": 0.009100081596508042,
  "54": 0.008981842767965957,
  "55": 0.008861393867862336,
  "56": 0.008738734896197182,
  "57": 0.008613865852970493,
  "58": 0.00848678673818227,
  "59": 0.008357497551832512,
  "60": 0.00822599829392122,
  "61": 0.008092288964448396,
  "62": 0.007956369563414034,
  "63": 0.00781824009081814,
  "64": 0.007677900546660711,
  "65": 0.007535350930941749,
  "66": 0.007390591243661251,
  "67": 0.007243621484819218,
  "68": 0.0070944416544156536,
  "69": 0.006943051752450552,
  "70": 0.006789451778923917,
  "71": 0.006633641733835748,
  "72": 0.0064756216171860444,
  "73": 0.006315391428974807,
  "74": 0.006152951169202035,
  "75": 0.0059883008378677285,
  "76": 0.005821440434971889,
  "77": 0.005652369960514514,
  "78": 0.005481089414495604,
  "79": 0.005307598796915161,
  "80": 0.005131898107773182
}