{
  "19": 0.026246198427644283,
  "20": 0.026150708867325095,
  "21": 0.026055219307005904,
  "22": 0.025959729746686717,
  "23": 0.02586424018636753,
  "24": 0.02576875062604834,
  "25": 0.025673261065729154,
  "26": 0.025577771505409966,
  "27": 0.025482281945090775,
  "28": 0.025386792384771588,
  "29": 0.0252913028244524,
  "30": 0.025195813264133213,
  "31": 0.025100323703814025,
  "32": 0.025004834143494838,
  "33": 0.024909344583175647,
  "34": 0.02481385502285646,
  "35": 0.02471836546253727,
  "36": 0.024622875902218084,
  "37": 0.024527386341898896,
  "38": 0.024431896781579705,
  "39": 0.024336407221260518,
  "40": 0.02424091766094133,
  "41": 0.024145428100622143,
  "42": 0.024049938540302955,
  "43": 0.023954448979983767,
  "44": 0.023858959419664576,
  "45": 0.02376346985934539,
  "46": 0.0236679802990262,
  "47": 0.023572490738707014,
  "48": 0.023477001178387826,
  "49": 0.02338151161806864,
  "50": 0.023286022057749448,
  "51": 0.02319053249743026,
  "52": 0.023095042937111072,
  "53": 0.022999553376791885,
  "54": 0.022904063816472697,
  "55": 0.02280857425615351,
  "56": 0.02271308469583432,
  "57": 0.02261759513551513,
  "58": 0.022522105575195944,
  "59": 0.022426616014876756,
  "60": 0.02233112645455757,
  "61": 0.02223563689423838,
  "62": 0.02214014733391919,
  "63": 0.022044657773600002,
  "64": 0.021949168213280815,
  "65": 0.021853678652961627,
  "66": 0.02175818909264244,
  "67": 0.02166269953232325,
  "68": 0.02156720997200406,
  "69": 0.021471720411684873,
  "70": 0.021376230851365686,
  "71": 0.021280741291046498,
  "72": 0.02118525173072731,
  "73": 0.02108976217040812,
  "74": 0.020994272610088932,
  "75": 0.020898783049769745,
  "76": 0.020803293489450557,
  "77": 0.02070780392913137,
  "78": 0.020612314368812182,
  "79": 0.02051682480849299,
  "80": 0.020421335248173803
}