{
  "19": 2.799940304560514,
  "20": 2.8104222191950123,
  "21": 2.820405924204583,
  "22": 2.8298914195892255,
  "23": 2.838878705348941,
  "24": 2.8473677814837277,
  "25": 2.855358647993587,
  "26": 2.8628513048785185,
  "27": 2.8698457521385214,
  "28": 2.8763419897735973,
  "29": 2.8823400177837453,
  "30": 2.8878398361689652,
  "31": 2.892841444929257,
  "32": 2.8973448440646217,
  "33": 2.901350033575058,
  "34": 2.9048570134605667,
  "35": 2.9078657837211477,
  "36": 2.9103763443568007,
  "37": 2.9123886953675258,
  "38": 2.913902836753323,
  "39": 2.9149187685141924,
  "40": 2.915436490650134,
  "41": 2.9154560031611476,
  "42": 2.9149773060472337,
  "43": 2.914000399308392,
  "44": 2.912525282944622,
  "45": 2.9105519569559246,
  "46": 2.9080804213422993,
  "47": 2.905110676103746,
  "48": 2.901642721240265,
  "49": 2.897676556751856,
  "50": 2.893212182638519,
  "51": 2.8882495989002543,
  "52": 2.882788805537062,
  "53": 2.876829802548942,
  "54": 2.8703725899358936,
  "55": 2.863417167697918,
  "56": 2.8559635358350137,
  "57": 2.8480116943471825,
  "58": 2.839561643234423,
  "59": 2.830613382496735,
  "60": 2.82116691213412,
  "61": 2.811222232146577,
  "62": 2.8007793425341063,
  "63": 2.7898382432967077,
  "64": 2.778398934434381,
  "65": 2.766461415947127,
  "66": 2.7540256878349445,
  "67": 2.7410917500978345,
  "68": 2.727659602735797,
  "69": 2.7137292457488313,
  "70": 2.699300679136938,
  "71": 2.6843739029001163,
  "72": 2.668948917038367,
  "73": 2.65302572155169,
  "74": 2.636604316440085,
  "75": 2.6196847017035516,
  "76": 2.602266877342091,
  "77": 2.5843508433557028,
  "78": 2.5659365997443864,
  "79": 2.5470241465081425,
  "80": 2.5276134836469706
}