{
  "19": 5.620516945192307,
  "20": 5.620516945192307,
  "21": 5.620516945192307,
  "22": 5.620516945192307,
  "23": 5.620516945192307,
  "24": 5.620516945192307,
  "25": 5.620516945192307,
  "26": 5.620516945192307,
  "27": 5.620516945192307,
  "28": 5.620516945192307,
  "29": 5.620516945192307,
  "30": 5.620516945192307,
  "31": 5.620516945192307,
  "32": 5.620516945192307,
  "33": 5.620516945192307,
  "34": 5.620516945192307,
  "35": 5.620516945192307,
  "36": 5.620516945192307,
  "37": 5.620516945192307,
  "38": 5.620516945192307,
  "39": 5.620516945192307,
  "40": 5.620516945192307,
  "41": 5.620516945192307,
  "42": 5.620516945192307,
  "43": 5.620516945192307,
  "44": 5.620516945192307,
  "45": 5.620516945192307,
  "46": 5.620516945192307,
  "47": 5.620516945192307,
  "48": 5.620516945192307,
  "49": 5.620516945192307,
  "50": 5.620516945192307,
  "51": 5.620516945192307,
  "52": 5.620516945192307,
  "53": 5.620516945192307,
  "54": 5.620516945192307,
  "55": 5.620516945192307,
  "56": 5.620516945192307,
  "57": 5.620516945192307,
  "58": 5.620516945192307,
  "59": 5.620516945192307,
  "60": 5.620516945192307,
  "61": 5.620516945192307,
  "62": 5.620516945192307,
  "63": 5.620516945192307,
  "64": 5.620516945192307,
  "65": 5.620516945192307,
  "66": 5.620516945192307,
  "67": 5.620516945192307,
  "68": 5.620516945192307,
  "69": 5.620516945192307,
  "70": 5.620516945192307,
  "71": 5.620516945192307,
  "72": 5.620516945192307,
  "73": 5.620516945192307,
  "74": 5.620516945192307,
  "75": 5.620516945192307,
  "76": 5.620516945192307,
  "77": 5.620516945192307,
  "78": 5.620516945192307,
  "79": 5.620516945192307,
  "80": 5.620516945192307
}