{
  "19": 0.10332897527431319,
  "20": 0.10266298602398864,
  "21": 0.1019969967736641,
  "22": 0.10133100752333957,
  "23": 0.10066501827301502,
  "24": 0.09999902902269048,
  "25": 0.09933303977236593,
  "26": 0.09866705052204139,
  "27": 0.09800106127171686,
  "28": 0.09733507202139231,
  "29": 0.09666908277106777,
  "30": 0.09600309352074324,
  "31": 0.0953371042704187,
  "32": 0.09467111502009415,
  "33": 0.0940051257697696,
  "34": 0.09333913651944506,
  "35": 0.09267314726912053,
  "36": 0.09200715801879598,
  "37": 0.09134116876847144,
  "38": 0.09067517951814691,
  "39": 0.09000919026782236,
  "40": 0.08934320101749782,
  "41": 0.08867721176717328,
  "42": 0.08801122251684873,
  "43": 0.0873452332665242,
  "44": 0.08667924401619966,
  "45": 0.08601325476587511,
  "46": 0.08534726551555058,
  "47": 0.08468127626522604,
  "48": 0.08401528701490149,
  "49": 0.08334929776457695,
  "50": 0.0826833085142524,
  "51": 0.08201731926392787,
  "52": 0.08135133001360333,
  "53": 0.08068534076327878,
  "54": 0.08001935151295425,
  "55": 0.0793533622626297,
  "56": 0.07868737301230516,
  "57": 0.07802138376198062,
  "58": 0.07735539451165607,
  "59": 0.07668940526133154,
  "60": 0.076023416011007,
  "61": 0.07535742676068245,
  "62": 0.07469143751035792,
  "63": 0.07402544826003338,
  "64": 0.07335945900970883,
  "65": 0.07269346975938429,
  "66": 0.07202748050905974,
  "67": 0.07136149125873521,
  "68": 0.07069550200841067,
  "69": 0.07002951275808612,
  "70": 0.06936352350776159,
  "71": 0.06869753425743705,
  "72": 0.0680315450071125,
  "73": 0.06736555575678796,
  "74": 0.06669956650646341,
  "75": 0.06603357725613888,
  "76": 0.06536758800581434,
  "77": 0.0647015987554898,
  "78": 0.06403560950516526,
  "79": 0.06336962025484072,
  "80": 0.06270363100451617
}