{
  "19": 18.918528257028225,
  "20": 18.779222589985824,
  "21": 18.639916922943424,
  "22": 18.500611255901024,
  "23": 18.361305588858624,
  "24": 18.221999921816227,
  "25": 18.082694254773827,
  "26": 17.943388587731427,
  "27": 17.804082920689027,
  "28": 17.664777253646626,
  "29": 17.52547158660423,
  "30": 17.38616591956183,
  "31": 17.24686025251943,
  "32": 17.10755458547703,
  "33": 16.96824891843463,
  "34": 16.828943251392232,
  "35": 16.689637584349832,
  "36": 16.55033191730743,
  "37": 16.41102625026503,
  "38": 16.27172058322263,
  "39": 16.132414916180235,
  "40": 15.993109249137834,
  "41": 15.853803582095434,
  "42": 15.714497915053034,
  "43": 15.575192248010636,
  "44": 15.435886580968235,
  "45": 15.296580913925837,
  "46": 15.157275246883437,
  "47": 15.017969579841036,
  "48": 14.878663912798638,
  "49": 14.739358245756238,
  "50": 14.60005257871384,
  "51": 14.460746911671439,
  "52": 14.321441244629039,
  "53": 14.18213557758664,
  "54": 14.04282991054424,
  "55": 13.90352424350184,
  "56": 13.764218576459442,
  "57": 13.624912909417041,
  "58": 13.485607242374643,
  "59": 13.346301575332243,
  "60": 13.206995908289842,
  "61": 13.067690241247444,
  "62": 12.928384574205044,
  "63": 12.789078907162645,
  "64": 12.649773240120245,
  "65": 12.510467573077845,
  "66": 12.371161906035447,
  "67": 12.231856238993046,
  "68": 12.092550571950648,
  "69": 11.953244904908248,
  "70": 11.813939237865847,
  "71": 11.674633570823449,
  "72": 11.535327903781049,
  "73": 11.39602223673865,
  "74": 11.25671656969625,
  "75": 11.11741090265385,
  "76": 10.978105235611451,
  "77": 10.838799568569051,
  "78": 10.699493901526651,
  "79": 10.560188234484253,
  "80": 10.420882567441852
}