{
  "19": 2.8772063620338364,
  "20": 2.879188276132676,
  "21": 2.8812718268519686,
  "22": 2.883457014191715,
  "23": 2.885743838151914,
  "24": 2.888132298732567,
  "25": 2.8906223959336725,
  "26": 2.893214129755232,
  "27": 2.8959075001972443,
  "28": 2.8987025072597103,
  "29": 2.9015991509426295,
  "30": 2.904597431246002,
  "31": 2.907697348169828,
  "32": 2.910898901714107,
  "33": 2.914202091878839,
  "34": 2.917606918664025,
  "35": 2.921113382069664,
  "36": 2.9247214820957566,
  "37": 2.928431218742302,
  "38": 2.9322425920093007,
  "39": 2.936155601896753,
  "40": 2.940170248404659,
  "41": 2.9442865315330176,
  "42": 2.9485044512818295,
  "43": 2.952824007651095,
  "44": 2.9572452006408136,
  "45": 2.961768030250986,
  "46": 2.9663924964816113,
  "47": 2.97111859933269,
  "48": 2.975946338804222,
  "49": 2.9808757148962073,
  "50": 2.9859067276086457,
  "51": 2.9910393769415378,
  "52": 2.996273662894883,
  "53": 3.0016095854686813,
  "54": 3.007047144662933,
  "55": 3.0125863404776383,
  "56": 3.0182271729127965,
  "57": 3.0239696419684083,
  "58": 3.0298137476444733,
  "59": 3.035759489940992,
  "60": 3.041806868857963,
  "61": 3.0479558843953884,
  "62": 3.0542065365532665,
  "63": 3.060558825331598,
  "64": 3.067012750730383,
  "65": 3.073568312749621,
  "66": 3.0802255113893127,
  "67": 3.0869843466494573,
  "68": 3.093844818530055,
  "69": 3.1008069270311065,
  "70": 3.1078706721526115,
  "71": 3.115036053894569,
  "72": 3.1223030722569804,
  "73": 3.1296717272398453,
  "74": 3.137142018843163,
  "75": 3.144713947066934,
  "76": 3.152387511911159,
  "77": 3.1601627133758368,
  "78": 3.168039551460968,
  "79": 3.176018026166552,
  "80": 3.18409813749259
}