{
  "19": 4.093312660749056,
  "20": 4.130468080948142,
  "21": 4.168008675334626,
  "22": 4.205934443908508,
  "23": 4.244245386669788,
  "24": 4.282941503618466,
  "25": 4.322022794754543,
  "26": 4.3614892600780175,
  "27": 4.401340899588891,
  "28": 4.4415777132871614,
  "29": 4.4821997011728305,
  "30": 4.523206863245898,
  "31": 4.564599199506363,
  "32": 4.606376709954227,
  "33": 4.648539394589489,
  "34": 4.691087253412148,
  "35": 4.734020286422206,
  "36": 4.777338493619662,
  "37": 4.821041875004516,
  "38": 4.865130430576769,
  "39": 4.9096041603364196,
  "40": 4.954463064283468,
  "41": 4.999707142417915,
  "42": 5.04533639473976,
  "43": 5.091350821249002,
  "44": 5.137750421945643,
  "45": 5.184535196829683,
  "46": 5.23170514590112,
  "47": 5.2792602691599555,
  "48": 5.32720056660619,
  "49": 5.375526038239822,
  "50": 5.424236684060852,
  "51": 5.47333250406928,
  "52": 5.522813498265107,
  "53": 5.572679666648331,
  "54": 5.622931009218954,
  "55": 5.673567525976975,
  "56": 5.724589216922394,
  "57": 5.775996082055211,
  "58": 5.827788121375426,
  "59": 5.87996533488304,
  "60": 5.932527722578051,
  "61": 5.985475284460461,
  "62": 6.0388080205302685,
  "63": 6.092525930787475,
  "64": 6.146629015232079,
  "65": 6.201117273864082,
  "66": 6.255990706683482,
  "67": 6.31124931369028,
  "68": 6.366893094884477,
  "69": 6.422922050266072,
  "70": 6.479336179835065,
  "71": 6.5361354835914565,
  "72": 6.593319961535245,
  "73": 6.650889613666433,
  "74": 6.708844439985018,
  "75": 6.767184440491002,
  "76": 6.8259096151843845,
  "77": 6.885019964065164,
  "78": 6.9445154871333425,
  "79": 7.004396184388919,
  "80": 7.064662055831893
}