{
  "19": 22981.954080734722,
  "20": 23313.092589921074,
  "21": 23644.23109910743,
  "22": 23975.369608293782,
  "23": 24306.508117480134,
  "24": 24637.646626666487,
  "25": 24968.785135852842,
  "26": 25299.923645039195,
  "27": 25631.062154225547,
  "28": 25962.2006634119,
  "29": 26293.339172598255,
  "30": 26624.477681784607,
  "31": 26955.61619097096,
  "32": 27286.75470015731,
  "33": 27617.893209343667,
  "34": 27949.031718530023,
  "35": 28280.170227716375,
  "36": 28611.308736902727,
  "37": 28942.44724608908,
  "38": 29273.585755275435,
  "39": 29604.724264461787,
  "40": 29935.86277364814,
  "41": 30267.00128283449,
  "42": 30598.139792020847,
  "43": 30929.2783012072,
  "44": 31260.41681039355,
  "45": 31591.555319579904,
  "46": 31922.69382876626,
  "47": 32253.832337952612,
  "48": 32584.970847138964,
  "49": 32916.109356325316,
  "50": 33247.24786551167,
  "51": 33578.38637469802,
  "52": 33909.524883884376,
  "53": 34240.66339307073,
  "54": 34571.80190225708,
  "55": 34902.94041144344,
  "56": 35234.07892062979,
  "57": 35565.21742981614,
  "58": 35896.3559390025,
  "59": 36227.494448188845,
  "60": 36558.6329573752,
  "61": 36889.77146656156,
  "62": 37220.909975747905,
  "63": 37552.04848493426,
  "64": 37883.18699412062,
  "65": 38214.32550330697,
  "66": 38545.46401249332,
  "67": 38876.60252167968,
  "68": 39207.741030866026,
  "69": 39538.87954005238,
  "70": 39870.01804923874,
  "71": 40201.156558425086,
  "72": 40532.29506761144,
  "73": 40863.43357679779,
  "74": 41194.572085984146,
  "75": 41525.7105951705,
  "76": 41856.84910435686,
  "77": 42187.987613543206,
  "78": 42519.12612272956,
  "79": 42850.26463191591,
  "80": 43181.403141102266
}