{
  "19": 6589.3858740282585,
  "20": 6684.329907382169,
  "21": 6779.2739407360805,
  "22": 6874.217974089991,
  "23": 6969.162007443903,
  "24": 7064.106040797815,
  "25": 7159.050074151725,
  "26": 7253.994107505637,
  "27": 7348.938140859547,
  "28": 7443.882174213459,
  "29": 7538.82620756737,
  "30": 7633.770240921282,
  "31": 7728.714274275192,
  "32": 7823.658307629104,
  "33": 7918.602340983015,
  "34": 8013.5463743369255,
  "35": 8108.490407690837,
  "36": 8203.434441044748,
  "37": 8298.37847439866,
  "38": 8393.322507752571,
  "39": 8488.26654110648,
  "40": 8583.210574460392,
  "41": 8678.154607814304,
  "42": 8773.098641168215,
  "43": 8868.042674522127,
  "44": 8962.986707876038,
  "45": 9057.93074122995,
  "46": 9152.87477458386,
  "47": 9247.81880793777,
  "48": 9342.762841291682,
  "49": 9437.706874645593,
  "50": 9532.650907999505,
  "51": 9627.594941353416,
  "52": 9722.538974707328,
  "53": 9817.48300806124,
  "54": 9912.427041415149,
  "55": 10007.37107476906,
  "56": 10102.315108122972,
  "57": 10197.259141476883,
  "58": 10292.203174830795,
  "59": 10387.147208184706,
  "60": 10482.091241538617,
  "61": 10577.035274892527,
  "62": 10671.979308246438,
  "63": 10766.92334160035,
  "64": 10861.867374954261,
  "65": 10956.811408308173,
  "66": 11051.755441662084,
  "67": 11146.699475015996,
  "68": 11241.643508369905,
  "69": 11336.587541723817,
  "70": 11431.531575077728,
  "71": 11526.47560843164,
  "72": 11621.419641785551,
  "73": 11716.363675139462,
  "74": 11811.307708493374,
  "75": 11906.251741847283,
  "76": 12001.195775201195,
  "77": 12096.139808555108,
  "78": 12191.083841909018,
  "79": 12286.02787526293,
  "80": 12380.97190861684
}