{
  "19": 25.117975919904392,
  "20": 25.1299636755875,
  "21": 25.14256618797231,
  "22": 25.155783457058813,
  "23": 25.169615482847018,
  "24": 25.18406226533692,
  "25": 25.19912380452852,
  "26": 25.214800100421815,
  "27": 25.23109115301681,
  "28": 25.2479969623135,
  "29": 25.265517528311893,
  "30": 25.283652851011983,
  "31": 25.30240293041377,
  "32": 25.32176776651725,
  "33": 25.341747359322436,
  "34": 25.362341708829316,
  "35": 25.383550815037893,
  "36": 25.40537467794817,
  "37": 25.427813297560142,
  "38": 25.450866673873815,
  "39": 25.474534806889185,
  "40": 25.498817696606253,
  "41": 25.523715343025017,
  "42": 25.549227746145483,
  "43": 25.575354905967643,
  "44": 25.602096822491504,
  "45": 25.629453495717062,
  "46": 25.657424925644317,
  "47": 25.68601111227327,
  "48": 25.71521205560392,
  "49": 25.74502775563627,
  "50": 25.775458212370317,
  "51": 25.806503425806063,
  "52": 25.838163395943504,
  "53": 25.870438122782645,
  "54": 25.903327606323483,
  "55": 25.936831846566022,
  "56": 25.970950843510256,
  "57": 26.005684597156186,
  "58": 26.041033107503818,
  "59": 26.076996374553147,
  "60": 26.113574398304173,
  "61": 26.150767178756897,
  "62": 26.18857471591132,
  "63": 26.226997009767437,
  "64": 26.266034060325257,
  "65": 26.305685867584774,
  "66": 26.345952431545985,
  "67": 26.386833752208897,
  "68": 26.428329829573507,
  "69": 26.470440663639817,
  "70": 26.51316625440782,
  "71": 26.556506601877523,
  "72": 26.600461706048925,
  "73": 26.645031566922025,
  "74": 26.690216184496823,
  "75": 26.736015558773317,
  "76": 26.78242968975151,
  "77": 26.8294585774314,
  "78": 26.87710222181299,
  "79": 26.925360622896275,
  "80": 26.97423378068126
}