{
  "19": 6.952527691236064,
  "20": 6.9680284954454645,
  "21": 6.984324212691243,
  "22": 7.001414842973403,
  "23": 7.019300386291941,
  "24": 7.037980842646858,
  "25": 7.057456212038156,
  "26": 7.077726494465833,
  "27": 7.0987916899298895,
  "28": 7.120651798430325,
  "29": 7.14330681996714,
  "30": 7.1667567545403355,
  "31": 7.191001602149909,
  "32": 7.216041362795863,
  "33": 7.241876036478196,
  "34": 7.268505623196909,
  "35": 7.295930122952001,
  "36": 7.324149535743473,
  "37": 7.353163861571324,
  "38": 7.382973100435555,
  "39": 7.413577252336165,
  "40": 7.444976317273154,
  "41": 7.477170295246523,
  "42": 7.5101591862562715,
  "43": 7.5439429903024005,
  "44": 7.578521707384907,
  "45": 7.613895337503794,
  "46": 7.6500638806590615,
  "47": 7.687027336850707,
  "48": 7.724785706078733,
  "49": 7.763338988343137,
  "50": 7.802687183643922,
  "51": 7.842830291981086,
  "52": 7.883768313354628,
  "53": 7.925501247764552,
  "54": 7.968029095210854,
  "55": 8.011351855693537,
  "56": 8.055469529212598,
  "57": 8.100382115768038,
  "58": 8.146089615359859,
  "59": 8.192592027988058,
  "60": 8.239889353652638,
  "61": 8.287981592353598,
  "62": 8.336868744090934,
  "63": 8.386550808864653,
  "64": 8.437027786674749,
  "65": 8.488299677521226,
  "66": 8.540366481404083,
  "67": 8.593228198323319,
  "68": 8.646884828278933,
  "69": 8.701336371270928,
  "70": 8.756582827299303,
  "71": 8.812624196364055,
  "72": 8.86946047846519,
  "73": 8.927091673602702,
  "74": 8.985517781776593,
  "75": 9.044738802986865,
  "76": 9.104754737233517,
  "77": 9.165565584516546,
  "78": 9.227171344835956,
  "79": 9.289572018191745,
  "80": 9.352767604583915
}