{
  "19": 0.07977603637656518,
  "20": 0.07994010614580849,
  "21": 0.0801041759150518,
  "22": 0.08026824568429511,
  "23": 0.08043231545353842,
  "24": 0.08059638522278172,
  "25": 0.08076045499202503,
  "26": 0.08092452476126834,
  "27": 0.08108859453051165,
  "28": 0.08125266429975496,
  "29": 0.08141673406899826,
  "30": 0.08158080383824157,
  "31": 0.08174487360748488,
  "32": 0.08190894337672819,
  "33": 0.0820730131459715,
  "34": 0.0822370829152148,
  "35": 0.0824011526844581,
  "36": 0.08256522245370142,
  "37": 0.08272929222294473,
  "38": 0.08289336199218804,
  "39": 0.08305743176143135,
  "40": 0.08322150153067465,
  "41": 0.08338557129991796,
  "42": 0.08354964106916127,
  "43": 0.08371371083840458,
  "44": 0.08387778060764789,
  "45": 0.08404185037689119,
  "46": 0.0842059201461345,
  "47": 0.08436998991537781,
  "48": 0.08453405968462112,
  "49": 0.08469812945386443,
  "50": 0.08486219922310773,
  "51": 0.08502626899235104,
  "52": 0.08519033876159435,
  "53": 0.08535440853083766,
  "54": 0.08551847830008097,
  "55": 0.08568254806932427,
  "56": 0.08584661783856758,
  "57": 0.08601068760781089,
  "58": 0.0861747573770542,
  "59": 0.08633882714629751,
  "60": 0.08650289691554082,
  "61": 0.08666696668478412,
  "62": 0.08683103645402743,
  "63": 0.08699510622327074,
  "64": 0.08715917599251405,
  "65": 0.08732324576175736,
  "66": 0.08748731553100066,
  "67": 0.08765138530024397,
  "68": 0.08781545506948728,
  "69": 0.08797952483873059,
  "70": 0.0881435946079739,
  "71": 0.0883076643772172,
  "72": 0.0884717341464605,
  "73": 0.08863580391570382,
  "74": 0.08879987368494713,
  "75": 0.08896394345419044,
  "76": 0.08912801322343374,
  "77": 0.08929208299267705,
  "78": 0.08945615276192036,
  "79": 0.08962022253116367,
  "80": 0.08978429230040698
}