{
  "19": 1.1555487879205053,
  "20": 1.1568916362960922,
  "21": 1.15830334869094,
  "22": 1.1597839251050488,
  "23": 1.1613333655384181,
  "24": 1.1629516699910485,
  "25": 1.1646388384629398,
  "26": 1.166394870954092,
  "27": 1.168219767464505,
  "28": 1.1701135279941788,
  "29": 1.1720761525431136,
  "30": 1.1741076411113092,
  "31": 1.1762079936987655,
  "32": 1.1783772103054828,
  "33": 1.1806152909314611,
  "34": 1.1829222355767002,
  "35": 1.1852980442412,
  "36": 1.1877427169249608,
  "37": 1.1902562536279826,
  "38": 1.1928386543502651,
  "39": 1.1954899190918085,
  "40": 1.1982100478526128,
  "41": 1.2009990406326778,
  "42": 1.2038568974320039,
  "43": 1.2067836182505907,
  "44": 1.2097792030884384,
  "45": 1.212843651945547,
  "46": 1.2159769648219165,
  "47": 1.2191791417175468,
  "48": 1.222450182632438,
  "49": 1.2257900875665901,
  "50": 1.2291988565200032,
  "51": 1.232676489492677,
  "52": 1.2362229864846115,
  "53": 1.2398383474958072,
  "54": 1.2435225725262635,
  "55": 1.2472756615759808,
  "56": 1.251097614644959,
  "57": 1.254988431733198,
  "58": 1.2589481128406979,
  "59": 1.2629766579674586,
  "60": 1.2670740671134801,
  "61": 1.2712403402787626,
  "62": 1.2754754774633061,
  "63": 1.2797794786671102,
  "64": 1.2841523438901754,
  "65": 1.2885940731325014,
  "66": 1.2931046663940882,
  "67": 1.297684123674936,
  "68": 1.3023324449750444,
  "69": 1.3070496302944137,
  "70": 1.3118356796330441,
  "71": 1.3166905929909352,
  "72": 1.3216143703680872,
  "73": 1.3266070117645001,
  "74": 1.3316685171801739,
  "75": 1.3367988866151086,
  "76": 1.341998120069304,
  "77": 1.3472662175427603,
  "78": 1.3526031790354776,
  "79": 1.3580090045474558,
  "80": 1.3634836940786947
}