{
  "19": 0.10251212732879232,
  "20": 0.10263205191447908,
  "21": 0.10275812647891898,
  "22": 0.10289035102211207,
  "23": 0.1030287255440583,
  "24": 0.10317325004475772,
  "25": 0.1033239245242103,
  "26": 0.10348074898241603,
  "27": 0.10364372341937494,
  "28": 0.10381284783508703,
  "29": 0.10398812222955227,
  "30": 0.10416954660277068,
  "31": 0.10435712095474226,
  "32": 0.104550845285467,
  "33": 0.1047507195949449,
  "34": 0.10495674388317598,
  "35": 0.10516891815016022,
  "36": 0.10538724239589763,
  "37": 0.10561171662038821,
  "38": 0.10584234082363195,
  "39": 0.10607911500562885,
  "40": 0.10632203916637893,
  "41": 0.10657111330588216,
  "42": 0.10682633742413856,
  "43": 0.10708771152114814,
  "44": 0.10735523559691089,
  "45": 0.1076289096514268,
  "46": 0.10790873368469586,
  "47": 0.1081947076967181,
  "48": 0.1084868316874935,
  "49": 0.10878510565702208,
  "50": 0.10908952960530381,
  "51": 0.10940010353233871,
  "52": 0.10971682743812679,
  "53": 0.11003970132266802,
  "54": 0.11036872518596243,
  "55": 0.11070389902801,
  "56": 0.11104522284881074,
  "57": 0.11139269664836464,
  "58": 0.11174632042667171,
  "59": 0.11210609418373195,
  "60": 0.11247201791954535,
  "61": 0.11284409163411191,
  "62": 0.11322231532743166,
  "63": 0.11360668899950455,
  "64": 0.11399721265033062,
  "65": 0.11439388627990985,
  "66": 0.11479670988824225,
  "67": 0.11520568347532782,
  "68": 0.11562080704116655,
  "69": 0.11604208058575845,
  "70": 0.11646950410910352,
  "71": 0.11690307761120175,
  "72": 0.11734280109205315,
  "73": 0.11778867455165772,
  "74": 0.11824069799001545,
  "75": 0.11869887140712634,
  "76": 0.11916319480299041,
  "77": 0.11963366817760765,
  "78": 0.12011029153097803,
  "79": 0.1205930648631016,
  "80": 0.12108198817397833
}