{
  "19": 0.659366777761122,
  "20": 0.65921258970001,
  "21": 0.6590504945588409,
  "22": 0.6588804923376148,
  "23": 0.6587025830363318,
  "24": 0.6585167666549916,
  "25": 0.6583230431935945,
  "26": 0.6581214126521403,
  "27": 0.6579118750306291,
  "28": 0.6576944303290609,
  "29": 0.6574690785474356,
  "30": 0.6572358196857534,
  "31": 0.6569946537440141,
  "32": 0.6567455807222178,
  "33": 0.6564886006203644,
  "34": 0.6562237134384541,
  "35": 0.6559509191764866,
  "36": 0.6556702178344622,
  "37": 0.6553816094123808,
  "38": 0.6550850939102423,
  "39": 0.6547806713280468,
  "40": 0.6544683416657943,
  "41": 0.6541481049234847,
  "42": 0.6538199611011182,
  "43": 0.6534839101986946,
  "44": 0.6531399522162139,
  "45": 0.6527880871536763,
  "46": 0.6524283150110816,
  "47": 0.6520606357884299,
  "48": 0.6516850494857211,
  "49": 0.6513015561029554,
  "50": 0.6509101556401325,
  "51": 0.6505108480972528,
  "52": 0.650103633474316,
  "53": 0.649688511771322,
  "54": 0.6492654829882711,
  "55": 0.6488345471251633,
  "56": 0.6483957041819983,
  "57": 0.6479489541587764,
  "58": 0.6474942970554973,
  "59": 0.6470317328721613,
  "60": 0.6465612616087683,
  "61": 0.6460828832653183,
  "62": 0.6455965978418111,
  "63": 0.645102405338247,
  "64": 0.6446003057546258,
  "65": 0.6440902990909476,
  "66": 0.6435723853472125,
  "67": 0.6430465645234202,
  "68": 0.6425128366195709,
  "69": 0.6419712016356647,
  "70": 0.6414216595717014,
  "71": 0.640864210427681,
  "72": 0.6402988542036037,
  "73": 0.6397255908994693,
  "74": 0.6391444205152779,
  "75": 0.6385553430510295,
  "76": 0.637958358506724,
  "77": 0.6373534668823615,
  "78": 0.636740668177942,
  "79": 0.6361199623934655,
  "80": 0.6354913495289318
}