{
  "19": 825.8026263182321,
  "20": 825.3016482329263,
  "21": 824.7749789637586,
  "22": 824.222618510729,
  "23": 823.6445668738377,
  "24": 823.0408240530844,
  "25": 822.4113900484693,
  "26": 821.7562648599925,
  "27": 821.0754484876537,
  "28": 820.3689409314532,
  "29": 819.6367421913907,
  "30": 818.8788522674664,
  "31": 818.0952711596804,
  "32": 817.2859988680324,
  "33": 816.4510353925226,
  "34": 815.5903807331509,
  "35": 814.7040348899175,
  "36": 813.7919978628222,
  "37": 812.854269651865,
  "38": 811.890850257046,
  "39": 810.9017396783653,
  "40": 809.8869379158226,
  "41": 808.8464449694181,
  "42": 807.7802608391518,
  "43": 806.6883855250236,
  "44": 805.5708190270336,
  "45": 804.4275613451817,
  "46": 803.2586124794681,
  "47": 802.0639724298925,
  "48": 800.8436411964551,
  "49": 799.5976187791559,
  "50": 798.3259051779949,
  "51": 797.028500392972,
  "52": 795.7054044240872,
  "53": 794.3566172713406,
  "54": 792.9821389347322,
  "55": 791.581969414262,
  "56": 790.1561087099299,
  "57": 788.704556821736,
  "58": 787.2273137496802,
  "59": 785.7243794937626,
  "60": 784.1957540539831,
  "61": 782.6414374303419,
  "62": 781.0614296228388,
  "63": 779.4557306314738,
  "64": 777.8243404562469,
  "65": 776.1672590971583,
  "66": 774.4844865542078,
  "67": 772.7760228273955,
  "68": 771.0418679167213,
  "69": 769.2820218221854,
  "70": 767.4964845437875,
  "71": 765.6852560815278,
  "72": 763.8483364354063,
  "73": 761.9857256054229,
  "74": 760.0974235915777,
  "75": 758.1834303938707,
  "76": 756.2437460123018,
  "77": 754.2783704468711,
  "78": 752.2873036975785,
  "79": 750.2705457644241,
  "80": 748.2280966474078
}