{
  "19": 1.9370158089864193,
  "20": 1.9385947510497332,
  "21": 1.9402546645009093,
  "22": 1.9419955493399477,
  "23": 1.9438174055668482,
  "24": 1.9457202331816112,
  "25": 1.9477040321842363,
  "26": 1.9497688025747235,
  "27": 1.9519145443530732,
  "28": 1.954141257519285,
  "29": 1.956448942073359,
  "30": 1.9588375980152954,
  "31": 1.961307225345094,
  "32": 1.9638578240627549,
  "33": 1.966489394168278,
  "34": 1.9692019356616632,
  "35": 1.971995448542911,
  "36": 1.9748699328120207,
  "37": 1.9778253884689927,
  "38": 1.9808618155138271,
  "39": 1.9839792139465238,
  "40": 1.9871775837670826,
  "41": 1.9904569249755035,
  "42": 1.9938172375717869,
  "43": 1.9972585215559324,
  "44": 2.0007807769279404,
  "45": 2.0043840036878104,
  "46": 2.0080682018355427,
  "47": 2.011833371371137,
  "48": 2.015679512294594,
  "49": 2.0196066246059132,
  "50": 2.0236147083050944,
  "51": 2.0277037633921378,
  "52": 2.031873789867044,
  "53": 2.0361247877298116,
  "54": 2.040456756980442,
  "55": 2.044869697618935,
  "56": 2.0493636096452894,
  "57": 2.0539384930595066,
  "58": 2.0585943478615856,
  "59": 2.063331174051527,
  "60": 2.068148971629331,
  "61": 2.073047740594997,
  "62": 2.0780274809485255,
  "63": 2.083088192689916,
  "64": 2.088229875819169,
  "65": 2.093452530336284,
  "66": 2.098756156241261,
  "67": 2.1041407535341006,
  "68": 2.1096063222148027,
  "69": 2.1151528622833666,
  "70": 2.120780373739793,
  "71": 2.1264888565840816,
  "72": 2.132278310816232,
  "73": 2.138148736436245,
  "74": 2.1441001334441205,
  "75": 2.150132501839858,
  "76": 2.156245841623458,
  "77": 2.16244015279492,
  "78": 2.168715435354244,
  "79": 2.1750716893014306,
  "80": 2.1815089146364794
}