{
  "19": 0.01704827053530763,
  "20": 0.017122055201646596,
  "21": 0.017195839867985563,
  "22": 0.01726962453432453,
  "23": 0.017343409200663493,
  "24": 0.01741719386700246,
  "25": 0.017490978533341427,
  "26": 0.017564763199680394,
  "27": 0.01763854786601936,
  "28": 0.01771233253235833,
  "29": 0.017786117198697295,
  "30": 0.017859901865036262,
  "31": 0.017933686531375226,
  "32": 0.018007471197714193,
  "33": 0.01808125586405316,
  "34": 0.018155040530392127,
  "35": 0.018228825196731094,
  "36": 0.01830260986307006,
  "37": 0.018376394529409028,
  "38": 0.018450179195747995,
  "39": 0.018523963862086962,
  "40": 0.018597748528425925,
  "41": 0.018671533194764892,
  "42": 0.01874531786110386,
  "43": 0.018819102527442826,
  "44": 0.018892887193781793,
  "45": 0.01896667186012076,
  "46": 0.019040456526459727,
  "47": 0.019114241192798694,
  "48": 0.01918802585913766,
  "49": 0.019261810525476625,
  "50": 0.019335595191815592,
  "51": 0.01940937985815456,
  "52": 0.019483164524493526,
  "53": 0.019556949190832493,
  "54": 0.01963073385717146,
  "55": 0.019704518523510427,
  "56": 0.019778303189849394,
  "57": 0.01985208785618836,
  "58": 0.019925872522527324,
  "59": 0.01999965718886629,
  "60": 0.020073441855205258,
  "61": 0.020147226521544225,
  "62": 0.020221011187883192,
  "63": 0.02029479585422216,
  "64": 0.020368580520561126,
  "65": 0.020442365186900093,
  "66": 0.02051614985323906,
  "67": 0.020589934519578024,
  "68": 0.02066371918591699,
  "69": 0.020737503852255958,
  "70": 0.020811288518594925,
  "71": 0.02088507318493389,
  "72": 0.02095885785127286,
  "73": 0.021032642517611826,
  "74": 0.021106427183950793,
  "75": 0.02118021185028976,
  "76": 0.021253996516628723,
  "77": 0.02132778118296769,
  "78": 0.021401565849306657,
  "79": 0.021475350515645624,
  "80": 0.02154913518198459
}