{
  "19": 2.1567825580871753,
  "20": 2.1616197267004083,
  "21": 2.166456895313641,
  "22": 2.171294063926874,
  "23": 2.1761312325401074,
  "24": 2.1809684011533403,
  "25": 2.1858055697665733,
  "26": 2.190642738379806,
  "27": 2.195479906993039,
  "28": 2.200317075606272,
  "29": 2.205154244219505,
  "30": 2.209991412832738,
  "31": 2.2148285814459707,
  "32": 2.2196657500592036,
  "33": 2.2245029186724365,
  "34": 2.2293400872856695,
  "35": 2.2341772558989024,
  "36": 2.2390144245121353,
  "37": 2.243851593125368,
  "38": 2.2486887617386015,
  "39": 2.2535259303518345,
  "40": 2.2583630989650674,
  "41": 2.2632002675783003,
  "42": 2.268037436191533,
  "43": 2.272874604804766,
  "44": 2.277711773417999,
  "45": 2.282548942031232,
  "46": 2.287386110644465,
  "47": 2.2922232792576978,
  "48": 2.2970604478709307,
  "49": 2.3018976164841636,
  "50": 2.3067347850973965,
  "51": 2.3115719537106294,
  "52": 2.3164091223238623,
  "53": 2.3212462909370957,
  "54": 2.3260834595503286,
  "55": 2.3309206281635615,
  "56": 2.3357577967767944,
  "57": 2.3405949653900273,
  "58": 2.3454321340032602,
  "59": 2.350269302616493,
  "60": 2.355106471229726,
  "61": 2.359943639842959,
  "62": 2.364780808456192,
  "63": 2.369617977069425,
  "64": 2.3744551456826577,
  "65": 2.3792923142958906,
  "66": 2.3841294829091235,
  "67": 2.3889666515223564,
  "68": 2.39380382013559,
  "69": 2.3986409887488227,
  "70": 2.4034781573620556,
  "71": 2.4083153259752885,
  "72": 2.4131524945885214,
  "73": 2.4179896632017543,
  "74": 2.4228268318149873,
  "75": 2.42766400042822,
  "76": 2.432501169041453,
  "77": 2.437338337654686,
  "78": 2.442175506267919,
  "79": 2.447012674881152,
  "80": 2.4518498434943847
}