{
  "19": 2.7760394289786308,
  "20": 2.781625521999073,
  "21": 2.787498081328255,
  "22": 2.793657106966178,
  "23": 2.800102598912842,
  "24": 2.8068345571682465,
  "25": 2.813852981732391,
  "26": 2.821157872605277,
  "27": 2.828749229786903,
  "28": 2.8366270532772697,
  "29": 2.8447913430763774,
  "30": 2.853242099184225,
  "31": 2.861979321600814,
  "32": 2.871003010326143,
  "33": 2.8803131653602128,
  "34": 2.8899097867030235,
  "35": 2.8997928743545747,
  "36": 2.909962428314866,
  "37": 2.9204184485838987,
  "38": 2.9311609351616714,
  "39": 2.9421898880481847,
  "40": 2.953505307243439,
  "41": 2.9651071927474337,
  "42": 2.976995544560169,
  "43": 2.989170362681645,
  "44": 3.0016316471118616,
  "45": 3.014379397850819,
  "46": 3.0274136148985167,
  "47": 3.040734298254955,
  "48": 3.054341447920134,
  "49": 3.0682350638940536,
  "50": 3.0824151461767135,
  "51": 3.0968816947681144,
  "52": 3.111634709668256,
  "53": 3.126674190877138,
  "54": 3.142000138394761,
  "55": 3.157612552221124,
  "56": 3.1735114323562277,
  "57": 3.1896967788000725,
  "58": 3.2061685915526574,
  "59": 3.2229268706139833,
  "60": 3.2399716159840497,
  "61": 3.2573028276628566,
  "62": 3.274920505650404,
  "63": 3.292824649946692,
  "64": 3.311015260551721,
  "65": 3.3294923374654903,
  "66": 3.3482558806880003,
  "67": 3.3673058902192508,
  "68": 3.386642366059242,
  "69": 3.406265308207974,
  "70": 3.426174716665446,
  "71": 3.4463705914316596,
  "72": 3.466852932506613,
  "73": 3.487621739890307,
  "74": 3.508677013582742,
  "75": 3.5300187535839176,
  "76": 3.5516469598938336,
  "77": 3.5735616325124906,
  "78": 3.5957627714398877,
  "79": 3.6182503766760257,
  "80": 3.641024448220904
}