{
  "19": 10.104636793290586,
  "20": 10.098240290640154,
  "21": 10.091515762212778,
  "22": 10.084463208008456,
  "23": 10.07708262802719,
  "24": 10.069374022268978,
  "25": 10.06133739073382,
  "26": 10.052972733421718,
  "27": 10.04428005033267,
  "28": 10.035259341466677,
  "29": 10.02591060682374,
  "30": 10.016233846403857,
  "31": 10.006229060207028,
  "32": 9.995896248233255,
  "33": 9.985235410482536,
  "34": 9.974246546954872,
  "35": 9.962929657650262,
  "36": 9.951284742568708,
  "37": 9.93931180171021,
  "38": 9.927010835074764,
  "39": 9.914381842662374,
  "40": 9.90142482447304,
  "41": 9.888139780506759,
  "42": 9.874526710763535,
  "43": 9.860585615243364,
  "44": 9.846316493946247,
  "45": 9.831719346872186,
  "46": 9.81679417402118,
  "47": 9.801540975393229,
  "48": 9.785959750988333,
  "49": 9.77005050080649,
  "50": 9.753813224847704,
  "51": 9.73724792311197,
  "52": 9.720354595599295,
  "53": 9.703133242309672,
  "54": 9.685583863243103,
  "55": 9.667706458399591,
  "56": 9.649501027779133,
  "57": 9.63096757138173,
  "58": 9.612106089207382,
  "59": 9.592916581256087,
  "60": 9.573399047527849,
  "61": 9.553553488022665,
  "62": 9.533379902740535,
  "63": 9.51287829168146,
  "64": 9.49204865484544,
  "65": 9.470890992232476,
  "66": 9.449405303842566,
  "67": 9.42759158967571,
  "68": 9.40544984973191,
  "69": 9.382980084011166,
  "70": 9.360182292513475,
  "71": 9.337056475238839,
  "72": 9.313602632187257,
  "73": 9.289820763358732,
  "74": 9.26571086875326,
  "75": 9.241272948370842,
  "76": 9.21650700221148,
  "77": 9.191413030275173,
  "78": 9.165991032561921,
  "79": 9.140241009071724,
  "80": 9.114162959804581
}