{
  "19": 236.7741290179635,
  "20": 236.63048858134465,
  "21": 236.47948196848887,
  "22": 236.32110917939622,
  "23": 236.15537021406675,
  "24": 235.98226507250035,
  "25": 235.80179375469714,
  "26": 235.613956260657,
  "27": 235.41875259038005,
  "28": 235.21618274386623,
  "29": 235.00624672111553,
  "30": 234.78894452212796,
  "31": 234.56427614690352,
  "32": 234.3322415954422,
  "33": 234.0928408677441,
  "34": 233.84607396380903,
  "35": 233.59194088363716,
  "36": 233.33044162722837,
  "37": 233.06157619458276,
  "38": 232.78534458570027,
  "39": 232.50174680058086,
  "40": 232.21078283922463,
  "41": 231.91245270163154,
  "42": 231.60675638780157,
  "43": 231.29369389773478,
  "44": 230.97326523143107,
  "45": 230.6454703888905,
  "46": 230.3103093701131,
  "47": 229.96778217509876,
  "48": 229.61788880384762,
  "49": 229.2606292563596,
  "50": 228.89600353263467,
  "51": 228.5240116326729,
  "52": 228.14465355647428,
  "53": 227.75792930403878,
  "54": 227.3638388753664,
  "55": 226.96238227045717,
  "56": 226.5535594893111,
  "57": 226.13737053192813,
  "58": 225.71381539830833,
  "59": 225.2828940884516,
  "60": 224.84460660235806,
  "61": 224.39895294002764,
  "62": 223.9459331014603,
  "63": 223.48554708665614,
  "64": 223.0177948956151,
  "65": 222.5426765283372,
  "66": 222.06019198482244,
  "67": 221.57034126507085,
  "68": 221.07312436908234,
  "69": 220.56854129685695,
  "70": 220.05659204839475,
  "71": 219.53727662369567,
  "72": 219.01059502275967,
  "73": 218.47654724558686,
  "74": 217.93513329217717,
  "75": 217.3863531625306,
  "76": 216.83020685664718,
  "77": 216.26669437452688,
  "78": 215.6958157161697,
  "79": 215.11757088157566,
  "80": 214.5319598707448
}