{
  "19": 1.2356311988993196,
  "20": 1.236823875257727,
  "21": 1.2380165516161343,
  "22": 1.2392092279745417,
  "23": 1.2404019043329493,
  "24": 1.2415945806913566,
  "25": 1.242787257049764,
  "26": 1.2439799334081714,
  "27": 1.245172609766579,
  "28": 1.2463652861249863,
  "29": 1.2475579624833937,
  "30": 1.248750638841801,
  "31": 1.2499433152002084,
  "32": 1.251135991558616,
  "33": 1.2523286679170234,
  "34": 1.2535213442754307,
  "35": 1.254714020633838,
  "36": 1.2559066969922457,
  "37": 1.257099373350653,
  "38": 1.2582920497090604,
  "39": 1.2594847260674678,
  "40": 1.2606774024258753,
  "41": 1.2618700787842827,
  "42": 1.26306275514269,
  "43": 1.2642554315010974,
  "44": 1.265448107859505,
  "45": 1.2666407842179124,
  "46": 1.2678334605763197,
  "47": 1.269026136934727,
  "48": 1.2702188132931347,
  "49": 1.271411489651542,
  "50": 1.2726041660099494,
  "51": 1.2737968423683568,
  "52": 1.2749895187267644,
  "53": 1.2761821950851717,
  "54": 1.277374871443579,
  "55": 1.2785675478019864,
  "56": 1.279760224160394,
  "57": 1.2809529005188014,
  "58": 1.2821455768772088,
  "59": 1.2833382532356161,
  "60": 1.2845309295940235,
  "61": 1.285723605952431,
  "62": 1.2869162823108384,
  "63": 1.2881089586692458,
  "64": 1.2893016350276532,
  "65": 1.2904943113860607,
  "66": 1.291686987744468,
  "67": 1.2928796641028755,
  "68": 1.2940723404612828,
  "69": 1.2952650168196904,
  "70": 1.2964576931780978,
  "71": 1.2976503695365051,
  "72": 1.2988430458949125,
  "73": 1.30003572225332,
  "74": 1.3012283986117275,
  "75": 1.3024210749701348,
  "76": 1.3036137513285422,
  "77": 1.3048064276869498,
  "78": 1.3059991040453571,
  "79": 1.3071917804037645,
  "80": 1.3083844567621719
}