{
  "19": 2.20508810253339,
  "20": 2.2067052247607157,
  "21": 2.2084052763330324,
  "22": 2.21018825725034,
  "23": 2.212054167512639,
  "24": 2.214003007119929,
  "25": 2.2160347760722097,
  "26": 2.218149474369482,
  "27": 2.2203471020117447,
  "28": 2.222627658998999,
  "29": 2.224991145331244,
  "30": 2.2274375610084802,
  "31": 2.2299669060307075,
  "32": 2.232579180397926,
  "33": 2.2352743841101352,
  "34": 2.2380525171673353,
  "35": 2.240913579569527,
  "36": 2.2438575713167093,
  "37": 2.246884492408883,
  "38": 2.2499943428460476,
  "39": 2.253187122628203,
  "40": 2.25646283175535,
  "41": 2.259821470227488,
  "42": 2.2632630380446166,
  "43": 2.2667875352067366,
  "44": 2.2703949617138477,
  "45": 2.27408531756595,
  "46": 2.2778586027630428,
  "47": 2.281714817305127,
  "48": 2.285653961192202,
  "49": 2.2896760344242684,
  "50": 2.2937810370013256,
  "51": 2.297968968923374,
  "52": 2.3022398301904134,
  "53": 2.306593620802444,
  "54": 2.3110303407594657,
  "55": 2.3155499900614784,
  "56": 2.320152568708482,
  "57": 2.324838076700477,
  "58": 2.3296065140374624,
  "59": 2.334457880719439,
  "60": 2.339392176746407,
  "61": 2.344409402118366,
  "62": 2.349509556835316,
  "63": 2.354692640897257,
  "64": 2.3599586543041893,
  "65": 2.3653075970561126,
  "66": 2.3707394691530266,
  "67": 2.376254270594932,
  "68": 2.3818520013818283,
  "69": 2.3875326615137156,
  "70": 2.3932962509905944,
  "71": 2.399142769812464,
  "72": 2.4050722179793245,
  "73": 2.4110845954911757,
  "74": 2.4171799023480185,
  "75": 2.4233581385498524,
  "76": 2.4296193040966774,
  "77": 2.435963398988493,
  "78": 2.4423904232252998,
  "79": 2.448900376807098,
  "80": 2.455493259733887
}