{
  "19": 191.5768622707672,
  "20": 191.44321660131794,
  "21": 191.30271730779435,
  "22": 191.15536439019644,
  "23": 191.00115784852426,
  "24": 190.8400976827777,
  "25": 190.67218389295687,
  "26": 190.49741647906166,
  "27": 190.31579544109218,
  "28": 190.12732077904832,
  "29": 189.9319924929302,
  "30": 189.72981058273774,
  "31": 189.52077504847097,
  "32": 189.30488589012987,
  "33": 189.0821431077144,
  "34": 188.85254670122464,
  "35": 188.61609667066062,
  "36": 188.37279301602223,
  "37": 188.1226357373095,
  "38": 187.86562483452246,
  "39": 187.6017603076611,
  "40": 187.33104215672546,
  "41": 187.05347038171544,
  "42": 186.76904498263116,
  "43": 186.4777659594725,
  "44": 186.17963331223956,
  "45": 185.8746470409323,
  "46": 185.56280714555066,
  "47": 185.24411362609476,
  "48": 184.91856648256453,
  "49": 184.58616571495998,
  "50": 184.2469113232811,
  "51": 183.9008033075279,
  "52": 183.54784166770037,
  "53": 183.18802640379852,
  "54": 182.82135751582234,
  "55": 182.4478350037719,
  "56": 182.06745886764708,
  "57": 181.68022910744793,
  "58": 181.2861457231745,
  "59": 180.88520871482672,
  "60": 180.47741808240465,
  "61": 180.0627738259082,
  "62": 179.6412759453375,
  "63": 179.21292444069246,
  "64": 178.7777193119731,
  "65": 178.33566055917942,
  "66": 177.8867481823114,
  "67": 177.43098218136907,
  "68": 176.96836255635242,
  "69": 176.49888930726144,
  "70": 176.02256243409613,
  "71": 175.5393819368565,
  "72": 175.04934781554255,
  "73": 174.55246007015432,
  "74": 174.04871870069172,
  "75": 173.53812370715485,
  "76": 173.0206750895436,
  "77": 172.49637284785808,
  "78": 171.96521698209818,
  "79": 171.42720749226402,
  "80": 170.88234437835553
}