{
  "19": 0.7737174921732837,
  "20": 0.7735794316492248,
  "21": 0.773441371125166,
  "22": 0.7733033106011071,
  "23": 0.7731652500770483,
  "24": 0.7730271895529894,
  "25": 0.7728891290289306,
  "26": 0.7727510685048717,
  "27": 0.7726130079808129,
  "28": 0.772474947456754,
  "29": 0.7723368869326952,
  "30": 0.7721988264086364,
  "31": 0.7720607658845775,
  "32": 0.7719227053605187,
  "33": 0.7717846448364598,
  "34": 0.771646584312401,
  "35": 0.7715085237883421,
  "36": 0.7713704632642833,
  "37": 0.7712324027402244,
  "38": 0.7710943422161656,
  "39": 0.7709562816921066,
  "40": 0.7708182211680478,
  "41": 0.7706801606439889,
  "42": 0.7705421001199301,
  "43": 0.7704040395958712,
  "44": 0.7702659790718124,
  "45": 0.7701279185477535,
  "46": 0.7699898580236947,
  "47": 0.7698517974996358,
  "48": 0.769713736975577,
  "49": 0.7695756764515181,
  "50": 0.7694376159274593,
  "51": 0.7692995554034004,
  "52": 0.7691614948793416,
  "53": 0.7690234343552828,
  "54": 0.7688853738312239,
  "55": 0.7687473133071651,
  "56": 0.7686092527831062,
  "57": 0.7684711922590474,
  "58": 0.7683331317349885,
  "59": 0.7681950712109297,
  "60": 0.7680570106868708,
  "61": 0.767918950162812,
  "62": 0.7677808896387531,
  "63": 0.7676428291146943,
  "64": 0.7675047685906353,
  "65": 0.7673667080665765,
  "66": 0.7672286475425176,
  "67": 0.7670905870184588,
  "68": 0.7669525264943999,
  "69": 0.7668144659703411,
  "70": 0.7666764054462822,
  "71": 0.7665383449222234,
  "72": 0.7664002843981645,
  "73": 0.7662622238741057,
  "74": 0.7661241633500468,
  "75": 0.765986102825988,
  "76": 0.7658480423019292,
  "77": 0.7657099817778703,
  "78": 0.7655719212538115,
  "79": 0.7654338607297526,
  "80": 0.7652958002056938
}