{
  "19": 668.167069861772,
  "20": 667.7009507579451,
  "21": 667.2109281103321,
  "22": 666.6970019189332,
  "23": 666.1591721837483,
  "24": 665.5974389047774,
  "25": 665.0118020820205,
  "26": 664.4022617154776,
  "27": 663.7688178051487,
  "28": 663.1114703510339,
  "29": 662.430219353133,
  "30": 661.7250648114459,
  "31": 660.9960067259731,
  "32": 660.2430450967142,
  "33": 659.4661799236694,
  "34": 658.6654112068386,
  "35": 657.8407389462216,
  "36": 656.9921631418188,
  "37": 656.11968379363,
  "38": 655.223300901655,
  "39": 654.3030144658942,
  "40": 653.3588244863474,
  "41": 652.3907309630144,
  "42": 651.3987338958957,
  "43": 650.3828332849907,
  "44": 649.3430291303,
  "45": 648.2793214318233,
  "46": 647.1917101895604,
  "47": 646.0801954035114,
  "48": 644.9447770736767,
  "49": 643.7854552000558,
  "50": 642.6022297826491,
  "51": 641.3951008214563,
  "52": 640.1640683164776,
  "53": 638.9091322677127,
  "54": 637.6302926751619,
  "55": 636.3275495388252,
  "56": 635.0009028587024,
  "57": 633.6503526347935,
  "58": 632.2758988670987,
  "59": 630.8775415556181,
  "60": 629.4552807003513,
  "61": 628.0091163012985,
  "62": 626.5390483584597,
  "63": 625.0450768718349,
  "64": 623.5272018414241,
  "65": 621.9854232672274,
  "66": 620.4197411492446,
  "67": 618.8301554874758,
  "68": 617.2166662819211,
  "69": 615.5792735325804,
  "70": 613.9179772394536,
  "71": 612.2327774025409,
  "72": 610.5236740218422,
  "73": 608.7906670973575,
  "74": 607.0337566290868,
  "75": 605.2529426170302,
  "76": 603.4482250611875,
  "77": 601.6196039615588,
  "78": 599.7670793181439,
  "79": 597.8906511309433,
  "80": 595.9903193999567
}