{
  "19": 13.046951439469028,
  "20": 13.039343379583219,
  "21": 13.031735319697408,
  "22": 13.024127259811596,
  "23": 13.016519199925785,
  "24": 13.008911140039976,
  "25": 13.001303080154164,
  "26": 12.993695020268353,
  "27": 12.986086960382542,
  "28": 12.978478900496732,
  "29": 12.970870840610921,
  "30": 12.96326278072511,
  "31": 12.955654720839298,
  "32": 12.948046660953489,
  "33": 12.940438601067678,
  "34": 12.932830541181866,
  "35": 12.925222481296055,
  "36": 12.917614421410246,
  "37": 12.910006361524434,
  "38": 12.902398301638623,
  "39": 12.894790241752812,
  "40": 12.887182181867,
  "41": 12.879574121981191,
  "42": 12.87196606209538,
  "43": 12.864358002209569,
  "44": 12.856749942323757,
  "45": 12.849141882437948,
  "46": 12.841533822552137,
  "47": 12.833925762666325,
  "48": 12.826317702780514,
  "49": 12.818709642894705,
  "50": 12.811101583008893,
  "51": 12.803493523123082,
  "52": 12.795885463237271,
  "53": 12.788277403351461,
  "54": 12.78066934346565,
  "55": 12.773061283579839,
  "56": 12.765453223694028,
  "57": 12.757845163808216,
  "58": 12.750237103922407,
  "59": 12.742629044036596,
  "60": 12.735020984150784,
  "61": 12.727412924264973,
  "62": 12.719804864379164,
  "63": 12.712196804493352,
  "64": 12.704588744607541,
  "65": 12.69698068472173,
  "66": 12.68937262483592,
  "67": 12.68176456495011,
  "68": 12.674156505064298,
  "69": 12.666548445178487,
  "70": 12.658940385292677,
  "71": 12.651332325406866,
  "72": 12.643724265521055,
  "73": 12.636116205635243,
  "74": 12.628508145749434,
  "75": 12.620900085863623,
  "76": 12.613292025977811,
  "77": 12.605683966092,
  "78": 12.598075906206189,
  "79": 12.59046784632038,
  "80": 12.582859786434568
}