{
  "19": 2.0416191261193286,
  "20": 2.0430409742768756,
  "21": 2.0444628224344226,
  "22": 2.0458846705919695,
  "23": 2.0473065187495165,
  "24": 2.0487283669070635,
  "25": 2.050150215064611,
  "26": 2.051572063222158,
  "27": 2.052993911379705,
  "28": 2.054415759537252,
  "29": 2.055837607694799,
  "30": 2.057259455852346,
  "31": 2.058681304009893,
  "32": 2.0601031521674398,
  "33": 2.0615250003249868,
  "34": 2.0629468484825337,
  "35": 2.0643686966400807,
  "36": 2.0657905447976277,
  "37": 2.0672123929551747,
  "38": 2.0686342411127217,
  "39": 2.0700560892702686,
  "40": 2.0714779374278156,
  "41": 2.072899785585363,
  "42": 2.07432163374291,
  "43": 2.075743481900457,
  "44": 2.077165330058004,
  "45": 2.078587178215551,
  "46": 2.080009026373098,
  "47": 2.081430874530645,
  "48": 2.082852722688192,
  "49": 2.084274570845739,
  "50": 2.085696419003286,
  "51": 2.087118267160833,
  "52": 2.08854011531838,
  "53": 2.0899619634759268,
  "54": 2.0913838116334738,
  "55": 2.0928056597910207,
  "56": 2.0942275079485677,
  "57": 2.0956493561061147,
  "58": 2.097071204263662,
  "59": 2.098493052421209,
  "60": 2.099914900578756,
  "61": 2.101336748736303,
  "62": 2.10275859689385,
  "63": 2.104180445051397,
  "64": 2.105602293208944,
  "65": 2.107024141366491,
  "66": 2.108445989524038,
  "67": 2.109867837681585,
  "68": 2.111289685839132,
  "69": 2.112711533996679,
  "70": 2.114133382154226,
  "71": 2.115555230311773,
  "72": 2.11697707846932,
  "73": 2.118398926626867,
  "74": 2.119820774784414,
  "75": 2.121242622941961,
  "76": 2.122664471099508,
  "77": 2.124086319257055,
  "78": 2.125508167414602,
  "79": 2.126930015572149,
  "80": 2.128351863729696
}