{
  "19": 4.034466370001089,
  "20": 4.036842378898495,
  "21": 4.0393402344060245,
  "22": 4.041959936523678,
  "23": 4.044701485251453,
  "24": 4.047564880589353,
  "25": 4.050550122537376,
  "26": 4.053657211095522,
  "27": 4.056886146263792,
  "28": 4.060236928042185,
  "29": 4.063709556430701,
  "30": 4.067304031429341,
  "31": 4.071020353038104,
  "32": 4.07485852125699,
  "33": 4.0788185360860005,
  "34": 4.082900397525134,
  "35": 4.087104105574391,
  "36": 4.0914296602337705,
  "37": 4.095877061503274,
  "38": 4.100446309382901,
  "39": 4.105137403872652,
  "40": 4.109950344972525,
  "41": 4.114885132682522,
  "42": 4.119941767002643,
  "43": 4.125120247932887,
  "44": 4.130420575473253,
  "45": 4.135842749623744,
  "46": 4.141386770384358,
  "47": 4.147052637755095,
  "48": 4.152840351735956,
  "49": 4.1587499123269405,
  "50": 4.164781319528047,
  "51": 4.170934573339278,
  "52": 4.177209673760633,
  "53": 4.18360662079211,
  "54": 4.1901254144337114,
  "55": 4.196766054685436,
  "56": 4.203528541547283,
  "57": 4.210412875019254,
  "58": 4.217419055101349,
  "59": 4.224547081793567,
  "60": 4.231796955095908,
  "61": 4.239168675008373,
  "62": 4.246662241530961,
  "63": 4.254277654663673,
  "64": 4.262014914406508,
  "65": 4.269874020759466,
  "66": 4.2778549737225475,
  "67": 4.285957773295753,
  "68": 4.29418241947908,
  "69": 4.302528912272532,
  "70": 4.310997251676107,
  "71": 4.319587437689806,
  "72": 4.3282994703136275,
  "73": 4.337133349547573,
  "74": 4.3460890753916415,
  "75": 4.3551666478458335,
  "76": 4.364366066910149,
  "77": 4.373687332584588,
  "78": 4.38313044486915,
  "79": 4.3926954037638355,
  "80": 4.402382209268644
}