{
  "19": 31.51595934789161,
  "20": 31.531330994691064,
  "21": 31.547490931069976,
  "22": 31.56443915702835,
  "23": 31.58217567256618,
  "24": 31.60070047768347,
  "25": 31.62001357238022,
  "26": 31.64011495665643,
  "27": 31.6610046305121,
  "28": 31.682682593947227,
  "29": 31.705148846961812,
  "30": 31.72840338955586,
  "31": 31.752446221729365,
  "32": 31.77727734348233,
  "33": 31.802896754814753,
  "34": 31.829304455726636,
  "35": 31.85650044621798,
  "36": 31.88448472628878,
  "37": 31.91325729593904,
  "38": 31.94281815516876,
  "39": 31.973167303977938,
  "40": 32.00430474236658,
  "41": 32.03623047033467,
  "42": 32.06894448788223,
  "43": 32.10244679500924,
  "44": 32.13673739171572,
  "45": 32.17181627800165,
  "46": 32.20768345386705,
  "47": 32.2443389193119,
  "48": 32.28178267433621,
  "49": 32.32001471893998,
  "50": 32.35903505312321,
  "51": 32.3988436768859,
  "52": 32.439440590228045,
  "53": 32.480825793149656,
  "54": 32.52299928565072,
  "55": 32.565961067731244,
  "56": 32.60971113939123,
  "57": 32.65424950063068,
  "58": 32.69957615144958,
  "59": 32.745691091847945,
  "60": 32.79259432182577,
  "61": 32.84028584138304,
  "62": 32.88876565051979,
  "63": 32.938033749235984,
  "64": 32.98809013753164,
  "65": 33.03893481540676,
  "66": 33.090567782861335,
  "67": 33.142989039895376,
  "68": 33.19619858650887,
  "69": 33.250196422701826,
  "70": 33.304982548474236,
  "71": 33.36055696382611,
  "72": 33.416919668757444,
  "73": 33.474070663268236,
  "74": 33.53200994735848,
  "75": 33.590737521028196,
  "76": 33.65025338427736,
  "77": 33.71055753710599,
  "78": 33.77164997951407,
  "79": 33.83353071150162,
  "80": 33.89619973306863
}