{
  "19": 6.52035166911448,
  "20": 6.53705015634446,
  "21": 6.5546049762529,
  "22": 6.5730161288398,
  "23": 6.5922836141051615,
  "24": 6.6124074320489825,
  "25": 6.633387582671264,
  "26": 6.655224065972007,
  "27": 6.67791688195121,
  "28": 6.701466030608873,
  "29": 6.725871511944996,
  "30": 6.751133325959581,
  "31": 6.777251472652626,
  "32": 6.804225952024131,
  "33": 6.832056764074097,
  "34": 6.860743908802523,
  "35": 6.89028738620941,
  "36": 6.920687196294757,
  "37": 6.951943339058565,
  "38": 6.984055814500833,
  "39": 7.017024622621562,
  "40": 7.050849763420751,
  "41": 7.0855312368984,
  "42": 7.1210690430545105,
  "43": 7.1574631818890815,
  "44": 7.194713653402112,
  "45": 7.232820457593604,
  "46": 7.271783594463556,
  "47": 7.311603064011968,
  "48": 7.352278866238842,
  "49": 7.393811001144175,
  "50": 7.436199468727969,
  "51": 7.479444268990224,
  "52": 7.523545401930939,
  "53": 7.568502867550114,
  "54": 7.61431666584775,
  "55": 7.660986796823846,
  "56": 7.708513260478403,
  "57": 7.756896056811421,
  "58": 7.806135185822899,
  "59": 7.856230647512837,
  "60": 7.907182441881235,
  "61": 7.958990568928095,
  "62": 8.011655028653415,
  "63": 8.065175821057196,
  "64": 8.119552946139436,
  "65": 8.174786403900137,
  "66": 8.230876194339299,
  "67": 8.287822317456921,
  "68": 8.345624773253004,
  "69": 8.404283561727548,
  "70": 8.463798682880551,
  "71": 8.524170136712016,
  "72": 8.58539792322194,
  "73": 8.647482042410324,
  "74": 8.710422494277172,
  "75": 8.774219278822477,
  "76": 8.838872396046243,
  "77": 8.904381845948471,
  "78": 8.970747628529159,
  "79": 9.037969743788306,
  "80": 9.106048191725915
}