{
  "19": 1.7384222814097061,
  "20": 1.7394867606235356,
  "21": 1.7406058285149975,
  "22": 1.7417794850840915,
  "23": 1.743007730330818,
  "24": 1.7442905642551767,
  "25": 1.7456279868571678,
  "26": 1.7470199981367909,
  "27": 1.7484665980940466,
  "28": 1.7499677867289343,
  "29": 1.7515235640414546,
  "30": 1.753133930031607,
  "31": 1.7547988846993916,
  "32": 1.7565184280448085,
  "33": 1.7582925600678578,
  "34": 1.7601212807685394,
  "35": 1.7620045901468533,
  "36": 1.7639424882027994,
  "37": 1.7659349749363777,
  "38": 1.7679820503475885,
  "39": 1.7700837144364314,
  "40": 1.7722399672029066,
  "41": 1.774450808647014,
  "42": 1.776716238768754,
  "43": 1.779036257568126,
  "44": 1.7814108650451306,
  "45": 1.7838400611997671,
  "46": 1.786323846032036,
  "47": 1.7888622195419375,
  "48": 1.7914551817294708,
  "49": 1.7941027325946368,
  "50": 1.7968048721374348,
  "51": 1.7995616003578652,
  "52": 1.802372917255928,
  "53": 1.805238822831623,
  "54": 1.8081593170849501,
  "55": 1.8111344000159098,
  "56": 1.8141640716245016,
  "57": 1.8172483319107255,
  "58": 1.820387180874582,
  "59": 1.8235806185160706,
  "60": 1.8268286448351916,
  "61": 1.8301312598319448,
  "62": 1.8334884635063304,
  "63": 1.8369002558583483,
  "64": 1.8403666368879983,
  "65": 1.8438876065952807,
  "66": 1.8474631649801954,
  "67": 1.8510933120427422,
  "68": 1.8547780477829214,
  "69": 1.858517372200733,
  "70": 1.8623112852961767,
  "71": 1.866159787069253,
  "72": 1.8700628775199613,
  "73": 1.874020556648302,
  "74": 1.8780328244542748,
  "75": 1.88209968093788,
  "76": 1.8862211260991175,
  "77": 1.8903971599379874,
  "78": 1.8946277824544895,
  "79": 1.898912993648624,
  "80": 1.9032527935203905
}