{
  "19": 0.051933964917535214,
  "20": 0.05196116629978822,
  "21": 0.051989762624720874,
  "22": 0.05201975389233316,
  "23": 0.0520511401026251,
  "24": 0.052083921255596674,
  "25": 0.052118097351247894,
  "26": 0.05215366838957875,
  "27": 0.05219063437058925,
  "28": 0.05222899529427939,
  "29": 0.05226875116064918,
  "30": 0.0523099019696986,
  "31": 0.052352447721427664,
  "32": 0.052396388415836374,
  "33": 0.05244172405292472,
  "34": 0.052488454632692715,
  "35": 0.052536580155140344,
  "36": 0.05258610062026762,
  "37": 0.05263701602807454,
  "38": 0.052689326378561094,
  "39": 0.052743031671727295,
  "40": 0.05279813190757313,
  "41": 0.052854627086098616,
  "42": 0.052912517207303736,
  "43": 0.0529718022711885,
  "44": 0.05303248227775291,
  "45": 0.053094557226996957,
  "46": 0.05315802711892065,
  "47": 0.053222891953523976,
  "48": 0.05328915173080695,
  "49": 0.05335680645076956,
  "50": 0.053425856113411815,
  "51": 0.053496300718733715,
  "52": 0.05356814026673525,
  "53": 0.053641374757416434,
  "54": 0.05371600419077725,
  "55": 0.053792028566817716,
  "56": 0.053869447885537824,
  "57": 0.05394826214693757,
  "58": 0.05402847135101695,
  "59": 0.05411007549777598,
  "60": 0.05419307458721465,
  "61": 0.05427746861933297,
  "62": 0.05436325759413092,
  "63": 0.054450441511608515,
  "64": 0.05453902037176575,
  "65": 0.05462899417460263,
  "66": 0.05472036292011915,
  "67": 0.05481312660831531,
  "68": 0.05490728523919111,
  "69": 0.055002838812746556,
  "70": 0.055099787328981645,
  "71": 0.05519813078789637,
  "72": 0.05529786918949074,
  "73": 0.05539900253376475,
  "74": 0.0555015308207184,
  "75": 0.055605454050351694,
  "76": 0.05571077222266463,
  "77": 0.05581748533765721,
  "78": 0.055925593395329425,
  "79": 0.056035096395681286,
  "80": 0.056145994338712785
}