{
  "19": 0.013671467464180676,
  "20": 0.013691369630094196,
  "21": 0.013711271796007715,
  "22": 0.013731173961921236,
  "23": 0.013751076127834756,
  "24": 0.013770978293748275,
  "25": 0.013790880459661795,
  "26": 0.013810782625575316,
  "27": 0.013830684791488836,
  "28": 0.013850586957402355,
  "29": 0.013870489123315876,
  "30": 0.013890391289229396,
  "31": 0.013910293455142915,
  "32": 0.013930195621056435,
  "33": 0.013950097786969956,
  "34": 0.013969999952883476,
  "35": 0.013989902118796995,
  "36": 0.014009804284710515,
  "37": 0.014029706450624036,
  "38": 0.014049608616537555,
  "39": 0.014069510782451075,
  "40": 0.014089412948364594,
  "41": 0.014109315114278115,
  "42": 0.014129217280191635,
  "43": 0.014149119446105154,
  "44": 0.014169021612018674,
  "45": 0.014188923777932195,
  "46": 0.014208825943845715,
  "47": 0.014228728109759234,
  "48": 0.014248630275672754,
  "49": 0.014268532441586275,
  "50": 0.014288434607499794,
  "51": 0.014308336773413314,
  "52": 0.014328238939326835,
  "53": 0.014348141105240355,
  "54": 0.014368043271153874,
  "55": 0.014387945437067394,
  "56": 0.014407847602980915,
  "57": 0.014427749768894434,
  "58": 0.014447651934807954,
  "59": 0.014467554100721473,
  "60": 0.014487456266634995,
  "61": 0.014507358432548514,
  "62": 0.014527260598462034,
  "63": 0.014547162764375553,
  "64": 0.014567064930289074,
  "65": 0.014586967096202594,
  "66": 0.014606869262116113,
  "67": 0.014626771428029633,
  "68": 0.014646673593943154,
  "69": 0.014666575759856674,
  "70": 0.014686477925770193,
  "71": 0.014706380091683713,
  "72": 0.014726282257597234,
  "73": 0.014746184423510753,
  "74": 0.014766086589424273,
  "75": 0.014785988755337792,
  "76": 0.014805890921251313,
  "77": 0.014825793087164833,
  "78": 0.014845695253078352,
  "79": 0.014865597418991874,
  "80": 0.014885499584905393
}