{
  "19": 0.13333539696248642,
  "20": 0.13375234022227186,
  "21": 0.1341692834820573,
  "22": 0.13458622674184276,
  "23": 0.1350031700016282,
  "24": 0.13542011326141365,
  "25": 0.1358370565211991,
  "26": 0.13625399978098454,
  "27": 0.13667094304076996,
  "28": 0.1370878863005554,
  "29": 0.13750482956034085,
  "30": 0.1379217728201263,
  "31": 0.13833871607991174,
  "32": 0.1387556593396972,
  "33": 0.13917260259948264,
  "34": 0.13958954585926805,
  "35": 0.1400064891190535,
  "36": 0.14042343237883895,
  "37": 0.1408403756386244,
  "38": 0.14125731889840984,
  "39": 0.14167426215819529,
  "40": 0.14209120541798073,
  "41": 0.14250814867776618,
  "42": 0.1429250919375516,
  "43": 0.14334203519733704,
  "44": 0.1437589784571225,
  "45": 0.14417592171690793,
  "46": 0.14459286497669338,
  "47": 0.14500980823647883,
  "48": 0.14542675149626427,
  "49": 0.1458436947560497,
  "50": 0.14626063801583514,
  "51": 0.14667758127562058,
  "52": 0.14709452453540603,
  "53": 0.14751146779519148,
  "54": 0.14792841105497692,
  "55": 0.14834535431476237,
  "56": 0.1487622975745478,
  "57": 0.14917924083433323,
  "58": 0.14959618409411868,
  "59": 0.15001312735390412,
  "60": 0.15043007061368957,
  "61": 0.15084701387347502,
  "62": 0.15126395713326046,
  "63": 0.1516809003930459,
  "64": 0.15209784365283135,
  "65": 0.15251478691261677,
  "66": 0.15293173017240222,
  "67": 0.15334867343218767,
  "68": 0.1537656166919731,
  "69": 0.15418255995175856,
  "70": 0.154599503211544,
  "71": 0.15501644647132945,
  "72": 0.15543338973111487,
  "73": 0.15585033299090031,
  "74": 0.15626727625068576,
  "75": 0.1566842195104712,
  "76": 0.15710116277025665,
  "77": 0.1575181060300421,
  "78": 0.15793504928982754,
  "79": 0.158351992549613,
  "80": 0.1587689358093984
}