{
  "19": 13.617372388102247,
  "20": 14.053869947382742,
  "21": 14.47820479583307,
  "22": 14.890376933453233,
  "23": 15.290386360243225,
  "24": 15.678233076203053,
  "25": 16.053917081332713,
  "26": 16.41743837563221,
  "27": 16.768796959101536,
  "28": 17.10799283174069,
  "29": 17.435025993549683,
  "30": 17.74989644452851,
  "31": 18.052604184677165,
  "32": 18.34314921399566,
  "33": 18.621531532483978,
  "34": 18.887751140142132,
  "35": 19.141808036970122,
  "36": 19.383702222967944,
  "37": 19.613433698135598,
  "38": 19.831002462473084,
  "39": 20.036408515980405,
  "40": 20.229651858657558,
  "41": 20.410732490504547,
  "42": 20.579650411521364,
  "43": 20.736405621708013,
  "44": 20.880998121064497,
  "45": 21.013427909590817,
  "46": 21.133694987286965,
  "47": 21.241799354152953,
  "48": 21.337741010188765,
  "49": 21.42151995539441,
  "50": 21.493136189769896,
  "51": 21.552589713315207,
  "52": 21.599880526030358,
  "53": 21.635008627915337,
  "54": 21.657974018970144,
  "55": 21.668776699194794,
  "56": 21.667416668589272,
  "57": 21.653893927153586,
  "58": 21.628208474887728,
  "59": 21.590360311791702,
  "60": 21.540349437865515,
  "61": 21.478175853109157,
  "62": 21.40383955752263,
  "63": 21.317340551105943,
  "64": 21.21867883385908,
  "65": 21.10785440578206,
  "66": 20.98486726687486,
  "67": 20.849717417137498,
  "68": 20.702404856569977,
  "69": 20.542929585172278,
  "70": 20.37129160294442,
  "71": 20.18749090988639,
  "72": 19.991527505998192,
  "73": 19.78340139127983,
  "74": 19.5631125657313,
  "75": 19.330661029352605,
  "76": 19.08604678214374,
  "77": 18.829269824104703,
  "78": 18.56033015523551,
  "79": 18.27922777553614,
  "80": 17.985962685006605
}