{
  "19": 4.205831901466235,
  "20": 4.407452835073929,
  "21": 4.604265068308292,
  "22": 4.796268601169323,
  "23": 4.983463433657022,
  "24": 5.165849565771388,
  "25": 5.343426997512422,
  "26": 5.516195728880125,
  "27": 5.6841557598744945,
  "28": 5.847307090495533,
  "29": 6.005649720743239,
  "30": 6.159183650617614,
  "31": 6.307908880118656,
  "32": 6.451825409246365,
  "33": 6.590933238000742,
  "34": 6.725232366381788,
  "35": 6.8547227943895015,
  "36": 6.979404522023883,
  "37": 7.099277549284932,
  "38": 7.214341876172649,
  "39": 7.324597502687035,
  "40": 7.430044428828087,
  "41": 7.530682654595808,
  "42": 7.626512179990197,
  "43": 7.717533005011254,
  "44": 7.803745129658979,
  "45": 7.885148553933371,
  "46": 7.961743277834431,
  "47": 8.03352930136216,
  "48": 8.100506624516557,
  "49": 8.16267524729762,
  "50": 8.220035169705353,
  "51": 8.272586391739752,
  "52": 8.32032891340082,
  "53": 8.363262734688556,
  "54": 8.40138785560296,
  "55": 8.434704276144032,
  "56": 8.46321199631177,
  "57": 8.486911016106179,
  "58": 8.505801335527254,
  "59": 8.519882954574998,
  "60": 8.529155873249408,
  "61": 8.533620091550487,
  "62": 8.533275609478235,
  "63": 8.528122427032649,
  "64": 8.518160544213732,
  "65": 8.503389961021483,
  "66": 8.483810677455901,
  "67": 8.459422693516988,
  "68": 8.430226009204741,
  "69": 8.396220624519165,
  "70": 8.357406539460255,
  "71": 8.313783754028012,
  "72": 8.265352268222438,
  "73": 8.212112082043532,
  "74": 8.154063195491295,
  "75": 8.091205608565724,
  "76": 8.023539321266822,
  "77": 7.951064333594588,
  "78": 7.873780645549021,
  "79": 7.791688257130122,
  "80": 7.704787168337892
}