{
  "19": 14.58432557545446,
  "20": 14.54200577644438,
  "21": 14.4996859774343,
  "22": 14.45736617842422,
  "23": 14.41504637941414,
  "24": 14.372726580404057,
  "25": 14.330406781393977,
  "26": 14.288086982383897,
  "27": 14.245767183373816,
  "28": 14.203447384363736,
  "29": 14.161127585353654,
  "30": 14.118807786343574,
  "31": 14.076487987333493,
  "32": 14.034168188323413,
  "33": 13.991848389313333,
  "34": 13.94952859030325,
  "35": 13.90720879129317,
  "36": 13.86488899228309,
  "37": 13.82256919327301,
  "38": 13.78024939426293,
  "39": 13.737929595252849,
  "40": 13.695609796242767,
  "41": 13.653289997232687,
  "42": 13.610970198222606,
  "43": 13.568650399212526,
  "44": 13.526330600202446,
  "45": 13.484010801192364,
  "46": 13.441691002182283,
  "47": 13.399371203172203,
  "48": 13.357051404162123,
  "49": 13.314731605152042,
  "50": 13.27241180614196,
  "51": 13.23009200713188,
  "52": 13.1877722081218,
  "53": 13.14545240911172,
  "54": 13.103132610101639,
  "55": 13.060812811091557,
  "56": 13.018493012081477,
  "57": 12.976173213071396,
  "58": 12.933853414061316,
  "59": 12.891533615051236,
  "60": 12.849213816041155,
  "61": 12.806894017031073,
  "62": 12.764574218020993,
  "63": 12.722254419010913,
  "64": 12.679934620000832,
  "65": 12.637614820990752,
  "66": 12.59529502198067,
  "67": 12.55297522297059,
  "68": 12.51065542396051,
  "69": 12.468335624950429,
  "70": 12.426015825940349,
  "71": 12.383696026930266,
  "72": 12.341376227920186,
  "73": 12.299056428910106,
  "74": 12.256736629900026,
  "75": 12.214416830889945,
  "76": 12.172097031879863,
  "77": 12.129777232869783,
  "78": 12.087457433859703,
  "79": 12.045137634849622,
  "80": 12.002817835839542
}