{
  "19": 1.8839982486328746,
  "20": 1.9053039231612385,
  "21": 1.9266095976896023,
  "22": 1.9479152722179662,
  "23": 1.9692209467463302,
  "24": 1.990526621274694,
  "25": 2.0118322958030577,
  "26": 2.033137970331422,
  "27": 2.0544436448597856,
  "28": 2.0757493193881493,
  "29": 2.0970549939165135,
  "30": 2.1183606684448772,
  "31": 2.139666342973241,
  "32": 2.1609720175016047,
  "33": 2.182277692029969,
  "34": 2.2035833665583326,
  "35": 2.2248890410866964,
  "36": 2.2461947156150606,
  "37": 2.2675003901434243,
  "38": 2.288806064671788,
  "39": 2.3101117392001522,
  "40": 2.331417413728516,
  "41": 2.3527230882568797,
  "42": 2.3740287627852434,
  "43": 2.3953344373136076,
  "44": 2.4166401118419714,
  "45": 2.437945786370335,
  "46": 2.4592514608986993,
  "47": 2.480557135427063,
  "48": 2.5018628099554268,
  "49": 2.523168484483791,
  "50": 2.5444741590121547,
  "51": 2.5657798335405184,
  "52": 2.587085508068882,
  "53": 2.6083911825972463,
  "54": 2.62969685712561,
  "55": 2.651002531653974,
  "56": 2.672308206182338,
  "57": 2.6936138807107017,
  "58": 2.7149195552390655,
  "59": 2.7362252297674297,
  "60": 2.7575309042957934,
  "61": 2.778836578824157,
  "62": 2.800142253352521,
  "63": 2.821447927880885,
  "64": 2.842753602409249,
  "65": 2.8640592769376125,
  "66": 2.8853649514659767,
  "67": 2.9066706259943405,
  "68": 2.927976300522704,
  "69": 2.949281975051068,
  "70": 2.970587649579432,
  "71": 2.991893324107796,
  "72": 3.0131989986361596,
  "73": 3.0345046731645238,
  "74": 3.0558103476928875,
  "75": 3.0771160222212512,
  "76": 3.0984216967496154,
  "77": 3.119727371277979,
  "78": 3.141033045806343,
  "79": 3.1623387203347066,
  "80": 3.183644394863071
}