{
  "19": 0.03767536142303856,
  "20": 0.03927183570412029,
  "21": 0.040824404873867515,
  "22": 0.04233306893228026,
  "23": 0.04379782787935851,
  "24": 0.045218681715102266,
  "25": 0.04659563043951155,
  "26": 0.047928674052586336,
  "27": 0.049217812554326626,
  "28": 0.05046304594473243,
  "29": 0.051664374223803745,
  "30": 0.05282179739154058,
  "31": 0.053935315447942916,
  "32": 0.05500492839301076,
  "33": 0.056030636226744125,
  "34": 0.05701243894914299,
  "35": 0.05795033656020737,
  "36": 0.05884432905993726,
  "37": 0.05969441644833267,
  "38": 0.060500598725393574,
  "39": 0.06126287589112,
  "40": 0.06198124794551192,
  "41": 0.06265571488856939,
  "42": 0.06328627672029233,
  "43": 0.0638729334406808,
  "44": 0.06441568504973479,
  "45": 0.06491453154745427,
  "46": 0.06536947293383925,
  "47": 0.06578050920888977,
  "48": 0.0661476403726058,
  "49": 0.06647086642498733,
  "50": 0.06675018736603437,
  "51": 0.06698560319574692,
  "52": 0.06717711391412498,
  "53": 0.06732471952116856,
  "54": 0.06742842001687764,
  "55": 0.06748821540125224,
  "56": 0.06750410567429233,
  "57": 0.06747609083599795,
  "58": 0.06740417088636909,
  "59": 0.0672883458254057,
  "60": 0.06712861565310786,
  "61": 0.06692498036947554,
  "62": 0.06667743997450869,
  "63": 0.06638599446820738,
  "64": 0.06605064385057158,
  "65": 0.06567138812160127,
  "66": 0.06524822728129649,
  "67": 0.06478116132965722,
  "68": 0.06427019026668343,
  "69": 0.06371531409237519,
  "70": 0.06311653280673243,
  "71": 0.0624738464097552,
  "72": 0.06178725490144349,
  "73": 0.06105675828179726,
  "74": 0.06028235655081657,
  "75": 0.05946404970850138,
  "76": 0.058601837754851685,
  "77": 0.05769572068986753,
  "78": 0.056745698513548874,
  "79": 0.05575177122589571,
  "80": 0.05471393882690809
}