{
  "19": 0.1385944647809082,
  "20": 0.14009351763082065,
  "21": 0.14159257048073312,
  "22": 0.1430916233306456,
  "23": 0.14459067618055807,
  "24": 0.14608972903047054,
  "25": 0.14758878188038302,
  "26": 0.14908783473029547,
  "27": 0.15058688758020794,
  "28": 0.15208594043012041,
  "29": 0.1535849932800329,
  "30": 0.15508404612994536,
  "31": 0.1565830989798578,
  "32": 0.15808215182977028,
  "33": 0.15958120467968276,
  "34": 0.16108025752959523,
  "35": 0.1625793103795077,
  "36": 0.16407836322942018,
  "37": 0.16557741607933263,
  "38": 0.1670764689292451,
  "39": 0.16857552177915758,
  "40": 0.17007457462907005,
  "41": 0.17157362747898253,
  "42": 0.17307268032889497,
  "43": 0.17457173317880745,
  "44": 0.17607078602871992,
  "45": 0.1775698388786324,
  "46": 0.17906889172854487,
  "47": 0.18056794457845735,
  "48": 0.1820669974283698,
  "49": 0.18356605027828227,
  "50": 0.18506510312819474,
  "51": 0.18656415597810722,
  "52": 0.1880632088280197,
  "53": 0.18956226167793214,
  "54": 0.1910613145278446,
  "55": 0.19256036737775709,
  "56": 0.19405942022766956,
  "57": 0.19555847307758203,
  "58": 0.1970575259274945,
  "59": 0.19855657877740696,
  "60": 0.20005563162731943,
  "61": 0.2015546844772319,
  "62": 0.20305373732714438,
  "63": 0.20455279017705685,
  "64": 0.20605184302696933,
  "65": 0.20755089587688177,
  "66": 0.20904994872679425,
  "67": 0.21054900157670672,
  "68": 0.2120480544266192,
  "69": 0.21354710727653167,
  "70": 0.21504616012644412,
  "71": 0.2165452129763566,
  "72": 0.21804426582626907,
  "73": 0.21954331867618154,
  "74": 0.22104237152609402,
  "75": 0.2225414243760065,
  "76": 0.22404047722591894,
  "77": 0.2255395300758314,
  "78": 0.2270385829257439,
  "79": 0.22853763577565636,
  "80": 0.23003668862556884
}