{
  "19": 0.021299665449267324,
  "20": 0.022324079644174082,
  "21": 0.02332028641547537,
  "22": 0.024288285763171182,
  "23": 0.02522807768726152,
  "24": 0.02613966218774638,
  "25": 0.027023039264625768,
  "26": 0.027878208917899685,
  "27": 0.02870517114756813,
  "28": 0.029503925953631098,
  "29": 0.03027447333608859,
  "30": 0.031016813294940604,
  "31": 0.03173094583018715,
  "32": 0.03241687094182822,
  "33": 0.03307458862986382,
  "34": 0.033704098894293946,
  "35": 0.03430540173511858,
  "36": 0.03487849715233776,
  "37": 0.03542338514595146,
  "38": 0.03594006571595969,
  "39": 0.03642853886236244,
  "40": 0.036888804585159723,
  "41": 0.03732086288435152,
  "42": 0.037724713759937856,
  "43": 0.0381003572119187,
  "44": 0.038447793240294084,
  "45": 0.03876702184506399,
  "46": 0.03905804302622842,
  "47": 0.039320856783787383,
  "48": 0.03955546311774087,
  "49": 0.03976186202808889,
  "50": 0.039940053514831424,
  "51": 0.04009003757796849,
  "52": 0.04021181421750008,
  "53": 0.04030538343342619,
  "54": 0.04037074522574682,
  "55": 0.040407899594461984,
  "56": 0.04041684653957168,
  "57": 0.0403975860610759,
  "58": 0.04035011815897464,
  "59": 0.040274442833267914,
  "60": 0.04017056008395571,
  "61": 0.04003846991103804,
  "62": 0.03987817231451488,
  "63": 0.039689667294386256,
  "64": 0.039472954850652144,
  "65": 0.03922803498331257,
  "66": 0.03895490769236752,
  "67": 0.038653572977817,
  "68": 0.038324030839661,
  "69": 0.037966281277899534,
  "70": 0.03758032429253259,
  "71": 0.037166159883560174,
  "72": 0.03672378805098228,
  "73": 0.03625320879479891,
  "74": 0.03575442211501007,
  "75": 0.03522742801161574,
  "76": 0.03467222648461595,
  "77": 0.03408881753401069,
  "78": 0.033477201159799956,
  "79": 0.03283737736198374,
  "80": 0.032169346140562056
}