{
  "19": 2.446487223354446,
  "20": 2.4580417043636644,
  "21": 2.4692356968982754,
  "22": 2.480069200958278,
  "23": 2.4905422165436715,
  "24": 2.5006547436544575,
  "25": 2.5104067822906346,
  "26": 2.5197983324522037,
  "27": 2.5288293941391644,
  "28": 2.537499967351517,
  "29": 2.545810052089261,
  "30": 2.5537596483523965,
  "31": 2.561348756140924,
  "32": 2.5685773754548427,
  "33": 2.5754455062941535,
  "34": 2.5819531486588554,
  "35": 2.5881003025489497,
  "36": 2.593886967964435,
  "37": 2.5993131449053126,
  "38": 2.6043788333715816,
  "39": 2.6090840333632426,
  "40": 2.6134287448802946,
  "41": 2.6174129679227387,
  "42": 2.6210367024905743,
  "43": 2.6242999485838014,
  "44": 2.6272027062024206,
  "45": 2.629744975346431,
  "46": 2.6319267560158335,
  "47": 2.6337480482106272,
  "48": 2.635208851930813,
  "49": 2.63630916717639,
  "50": 2.637048993947359,
  "51": 2.6374283322437195,
  "52": 2.637447182065472,
  "53": 2.637105543412616,
  "54": 2.6364034162851513,
  "55": 2.6353408006830787,
  "56": 2.6339176966063973,
  "57": 2.6321341040551083,
  "58": 2.62999002302921,
  "59": 2.6274854535287044,
  "60": 2.6246203955535896,
  "61": 2.621394849103867,
  "62": 2.617808814179536,
  "63": 2.6138622907805966,
  "64": 2.6095552789070484,
  "65": 2.604887778558892,
  "66": 2.599859789736128,
  "67": 2.594471312438755,
  "68": 2.588722346666774,
  "69": 2.5826128924201845,
  "70": 2.576142949698987,
  "71": 2.5693125185031804,
  "72": 2.5621215988327664,
  "73": 2.554570190687743,
  "74": 2.5466582940681124,
  "75": 2.5383859089738725,
  "76": 2.5297530354050246,
  "77": 2.5207596733615687,
  "78": 2.511405822843504,
  "79": 2.501691483850831,
  "80": 2.49161665638355
}