{
  "19": 55.94470748058091,
  "20": 57.05976998535272,
  "21": 58.14408420906699,
  "22": 59.1976501517237,
  "23": 60.22046781332285,
  "24": 61.212537193864456,
  "25": 62.173858293348495,
  "26": 63.10443111177499,
  "27": 64.00425564914393,
  "28": 64.87333190545532,
  "29": 65.71165988070913,
  "30": 66.51923957490541,
  "31": 67.29607098804414,
  "32": 68.0421541201253,
  "33": 68.75748897114893,
  "34": 69.44207554111499,
  "35": 70.0959138300235,
  "36": 70.71900383787445,
  "37": 71.31134556466785,
  "38": 71.8729390104037,
  "39": 72.403784175082,
  "40": 72.90388105870272,
  "41": 73.37322966126591,
  "42": 73.81182998277153,
  "43": 74.21968202321962,
  "44": 74.59678578261014,
  "45": 74.94314126094311,
  "46": 75.25874845821853,
  "47": 75.54360737443639,
  "48": 75.7977180095967,
  "49": 76.02108036369944,
  "50": 76.21369443674465,
  "51": 76.37556022873228,
  "52": 76.5066777396624,
  "53": 76.60704696953492,
  "54": 76.6766679183499,
  "55": 76.71554058610735,
  "56": 76.72366497280721,
  "57": 76.70104107844955,
  "58": 76.64766890303432,
  "59": 76.56354844656153,
  "60": 76.44867970903118,
  "61": 76.30306269044328,
  "62": 76.12669739079786,
  "63": 75.91958381009485,
  "64": 75.68172194833429,
  "65": 75.4131118055162,
  "66": 75.11375338164054,
  "67": 74.7836466767073,
  "68": 74.42279169071652,
  "69": 74.03118842366823,
  "70": 73.60883687556235,
  "71": 73.1557370463989,
  "72": 72.67188893617791,
  "73": 72.15729254489939,
  "74": 71.61194787256329,
  "75": 71.03585491916964,
  "76": 70.42901368471846,
  "77": 69.79142416920969,
  "78": 69.12308637264339,
  "79": 68.42400029501951,
  "80": 67.69416593633811
}