{
  "19": 0.037896988056200925,
  "20": 0.037915372977952104,
  "21": 0.03793470071620335,
  "22": 0.037954971270954645,
  "23": 0.03797618464220601,
  "24": 0.03799834082995743,
  "25": 0.038021439834208914,
  "26": 0.03804548165496045,
  "27": 0.03807046629221206,
  "28": 0.03809639374596372,
  "29": 0.03812326401621544,
  "30": 0.03815107710296723,
  "31": 0.03817983300621907,
  "32": 0.038209531725970976,
  "33": 0.03824017326222294,
  "34": 0.03827175761497497,
  "35": 0.03830428478422706,
  "36": 0.0383377547699792,
  "37": 0.038372167572231414,
  "38": 0.03840752319098368,
  "39": 0.03844382162623601,
  "40": 0.038481062877988394,
  "41": 0.03851924694624085,
  "42": 0.03855837383099336,
  "43": 0.038598443532245924,
  "44": 0.038639456049998556,
  "45": 0.03868141138425125,
  "46": 0.038724309535004005,
  "47": 0.038768150502256814,
  "48": 0.03881293428600969,
  "49": 0.03885866088626262,
  "50": 0.038905330303015614,
  "51": 0.038952942536268666,
  "52": 0.03900149758602178,
  "53": 0.03905099545227496,
  "54": 0.03910143613502819,
  "55": 0.039152819634281494,
  "56": 0.039205145950034846,
  "57": 0.039258415082288264,
  "58": 0.03931262703104174,
  "59": 0.039367781796295284,
  "60": 0.03942387937804888,
  "61": 0.03948091977630254,
  "62": 0.03953890299105626,
  "63": 0.03959782902231004,
  "64": 0.03965769787006388,
  "65": 0.039718509534317784,
  "66": 0.039780264015071745,
  "67": 0.039842961312325766,
  "68": 0.039906601426079845,
  "69": 0.03997118435633399,
  "70": 0.040036710103088194,
  "71": 0.04010317866634246,
  "72": 0.040170590046096785,
  "73": 0.040238944242351166,
  "74": 0.04030824125510561,
  "75": 0.040378481084360124,
  "76": 0.04044966373011469,
  "77": 0.04052178919236931,
  "78": 0.040594857471124,
  "79": 0.040668868566378746,
  "80": 0.04074382247813356
}