{
  "19": 0.9062028030703015,
  "20": 0.9089009899168575,
  "21": 0.9114874373927017,
  "22": 0.9139621454978336,
  "23": 0.9163251142322536,
  "24": 0.9185763435959616,
  "25": 0.9207158335889576,
  "26": 0.9227435842112416,
  "27": 0.9246595954628135,
  "28": 0.9264638673436735,
  "29": 0.9281563998538215,
  "30": 0.9297371929932573,
  "31": 0.9312062467619813,
  "32": 0.9325635611599932,
  "33": 0.9338091361872931,
  "34": 0.934942971843881,
  "35": 0.9359650681297568,
  "36": 0.9368754250449207,
  "37": 0.9376740425893725,
  "38": 0.9383609207631125,
  "39": 0.9389360595661402,
  "40": 0.9393994589984562,
  "41": 0.9397511190600599,
  "42": 0.9399910397509519,
  "43": 0.9401192210711316,
  "44": 0.9401356630205995,
  "45": 0.9400403655993552,
  "46": 0.9398333288073991,
  "47": 0.9395145526447308,
  "48": 0.9390840371113505,
  "49": 0.9385417822072584,
  "50": 0.937887787932454,
  "51": 0.9371220542869378,
  "52": 0.9362445812707094,
  "53": 0.9352553688837693,
  "54": 0.9341544171261169,
  "55": 0.9329417259977527,
  "56": 0.9316172954986763,
  "57": 0.9301811256288881,
  "58": 0.9286332163883877,
  "59": 0.9269735677771752,
  "60": 0.925202179795251,
  "61": 0.9233190524426146,
  "62": 0.9213241857192663,
  "63": 0.9192175796252059,
  "64": 0.9169992341604336,
  "65": 0.9146691493249491,
  "66": 0.9122273251187528,
  "67": 0.9096737615418443,
  "68": 0.907008458594224,
  "69": 0.9042314162758914,
  "70": 0.9013426345868469,
  "71": 0.8983421135270906,
  "72": 0.8952298530966221,
  "73": 0.8920058532954417,
  "74": 0.8886701141235491,
  "75": 0.8852226355809447,
  "76": 0.8816634176676281,
  "77": 0.8779924603835998,
  "78": 0.8742097637288592,
  "79": 0.8703153277034067,
  "80": 0.8663091523072421
}