{
  "19": 12.017312664303393,
  "20": 12.592456579236686,
  "21": 13.155223161329838,
  "22": 13.70561241058285,
  "23": 14.243624326995722,
  "24": 14.76925891056845,
  "25": 15.282516161301038,
  "26": 15.783396079193487,
  "27": 16.271898664245793,
  "28": 16.74802391645796,
  "29": 17.211771835829985,
  "30": 17.663142422361872,
  "31": 18.102135676053614,
  "32": 18.528751596905217,
  "33": 18.942990184916678,
  "34": 19.344851440088,
  "35": 19.73433536241918,
  "36": 20.11144195191022,
  "37": 20.47617120856112,
  "38": 20.828523132371878,
  "39": 21.168497723342494,
  "40": 21.496094981472968,
  "41": 21.811314906763304,
  "42": 22.114157499213498,
  "43": 22.404622758823557,
  "44": 22.682710685593467,
  "45": 22.948421279523238,
  "46": 23.201754540612868,
  "47": 23.442710468862362,
  "48": 23.67128906427171,
  "49": 23.88749032684092,
  "50": 24.091314256569984,
  "51": 24.28276085345891,
  "52": 24.461830117507702,
  "53": 24.628522048716345,
  "54": 24.78283664708485,
  "55": 24.924773912613208,
  "56": 25.054333845301432,
  "57": 25.171516445149518,
  "58": 25.276321712157458,
  "59": 25.368749646325256,
  "60": 25.448800247652915,
  "61": 25.51647351614044,
  "62": 25.571769451787816,
  "63": 25.61468805459505,
  "64": 25.645229324562145,
  "65": 25.663393261689098,
  "66": 25.66917986597592,
  "67": 25.66258913742259,
  "68": 25.64362107602912,
  "69": 25.612275681795513,
  "70": 25.568552954721767,
  "71": 25.512452894807875,
  "72": 25.443975502053846,
  "73": 25.36312077645967,
  "74": 25.269888718025356,
  "75": 25.16427932675091,
  "76": 25.046292602636314,
  "77": 24.915928545681577,
  "78": 24.7731871558867,
  "79": 24.61806843325169,
  "80": 24.45057237777653
}