{
  "19": 4.609205523384836,
  "20": 4.661944437027719,
  "21": 4.712507578291859,
  "22": 4.760894947177258,
  "23": 4.807106543683917,
  "24": 4.851142367811832,
  "25": 4.893002419561006,
  "26": 4.9326866989314375,
  "27": 4.970195205923128,
  "28": 5.0055279405360755,
  "29": 5.038684902770283,
  "30": 5.069666092625748,
  "31": 5.0984715101024705,
  "32": 5.125101155200452,
  "33": 5.149555027919692,
  "34": 5.171833128260189,
  "35": 5.191935456221945,
  "36": 5.20986201180496,
  "37": 5.225612795009232,
  "38": 5.239187805834763,
  "39": 5.250587044281551,
  "40": 5.259810510349598,
  "41": 5.266858204038903,
  "42": 5.2717301253494675,
  "43": 5.274426274281289,
  "44": 5.274946650834369,
  "45": 5.273291255008707,
  "46": 5.269460086804304,
  "47": 5.263453146221158,
  "48": 5.255270433259271,
  "49": 5.244911947918642,
  "50": 5.232377690199272,
  "51": 5.217667660101159,
  "52": 5.200781857624306,
  "53": 5.181720282768709,
  "54": 5.160482935534372,
  "55": 5.137069815921291,
  "56": 5.111480923929471,
  "57": 5.083716259558907,
  "58": 5.053775822809603,
  "59": 5.021659613681557,
  "60": 4.987367632174767,
  "61": 4.9508998782892375,
  "62": 4.912256352024964,
  "63": 4.8714370533819515,
  "64": 4.828441982360195,
  "65": 4.783271138959698,
  "66": 4.73592452318046,
  "67": 4.686402135022478,
  "68": 4.634703974485756,
  "69": 4.58083004157029,
  "70": 4.524780336276085,
  "71": 4.466554858603137,
  "72": 4.406153608551447,
  "73": 4.343576586121016,
  "74": 4.278823791311842,
  "75": 4.211895224123928,
  "76": 4.142790884557269,
  "77": 4.071510772611871,
  "78": 3.9980548882877316,
  "79": 3.9224232315848484,
  "80": 3.8446158025032253
}