{
  "19": 1.4994543957754407,
  "20": 1.5010326890767414,
  "21": 1.5026919204960576,
  "22": 1.504432090033389,
  "23": 1.506253197688736,
  "24": 1.5081552434620984,
  "25": 1.510138227353476,
  "26": 1.5122021493628692,
  "27": 1.5143470094902778,
  "28": 1.516572807735702,
  "29": 1.5188795440991414,
  "30": 1.5212672185805962,
  "31": 1.5237358311800664,
  "32": 1.5262853818975521,
  "33": 1.5289158707330532,
  "34": 1.53162729768657,
  "35": 1.5344196627581017,
  "36": 1.537292965947649,
  "37": 1.540247207255212,
  "38": 1.54328238668079,
  "39": 1.5463985042243837,
  "40": 1.549595559885993,
  "41": 1.5528735536656173,
  "42": 1.5562324855632572,
  "43": 1.5596723555789125,
  "44": 1.5631931637125833,
  "45": 1.5667949099642695,
  "46": 1.570477594333971,
  "47": 1.574241216821688,
  "48": 1.5780857774274204,
  "49": 1.5820112761511682,
  "50": 1.5860177129929316,
  "51": 1.59010508795271,
  "52": 1.5942734010305042,
  "53": 1.5985226522263138,
  "54": 1.6028528415401386,
  "55": 1.607263968971979,
  "56": 1.611756034521835,
  "57": 1.616329038189706,
  "58": 1.6209829799755926,
  "59": 1.6257178598794946,
  "60": 1.6305336779014121,
  "61": 1.6354304340413448,
  "62": 1.6404081282992933,
  "63": 1.6454667606752569,
  "64": 1.650606331169236,
  "65": 1.6558268397812306,
  "66": 1.6611282865112404,
  "67": 1.666510671359266,
  "68": 1.6719739943253067,
  "69": 1.6775182554093628,
  "70": 1.6831434546114346,
  "71": 1.6888495919315216,
  "72": 1.694636667369624,
  "73": 1.7005046809257418,
  "74": 1.7064536325998751,
  "75": 1.7124835223920238,
  "76": 1.718594350302188,
  "77": 1.7247861163303677,
  "78": 1.7310588204765627,
  "79": 1.737412462740773,
  "80": 1.7438470431229989
}