{
  "19": 246.19608285885562,
  "20": 246.13462780470775,
  "21": 246.06252553481391,
  "22": 245.97977604917412,
  "23": 245.88637934778833,
  "24": 245.78233543065653,
  "25": 245.6676442977788,
  "26": 245.54230594915506,
  "27": 245.40632038478537,
  "28": 245.25968760466967,
  "29": 245.102407608808,
  "30": 244.93448039720036,
  "31": 244.75590596984674,
  "32": 244.5666843267471,
  "33": 244.36681546790152,
  "34": 244.15629939330995,
  "35": 243.93513610297242,
  "36": 243.70332559688887,
  "37": 243.46086787505936,
  "38": 243.2077629374839,
  "39": 242.94401078416243,
  "40": 242.66961141509498,
  "41": 242.38456483028153,
  "42": 242.08887102972213,
  "43": 241.78253001341676,
  "44": 241.4655417813654,
  "45": 241.13790633356803,
  "46": 240.79962367002472,
  "47": 240.45069379073541,
  "48": 240.09111669570015,
  "49": 239.72089238491887,
  "50": 239.34002085839163,
  "51": 238.94850211611842,
  "52": 238.54633615809922,
  "53": 238.133522984334,
  "54": 237.71006259482286,
  "55": 237.27595498956572,
  "56": 236.8312001685626,
  "57": 236.3757981318135,
  "58": 235.9097488793184,
  "59": 235.43305241107734,
  "60": 234.9457087270903,
  "61": 234.4477178273573,
  "62": 233.9390797118783,
  "63": 233.41979438065331,
  "64": 232.88986183368235,
  "65": 232.34928207096542,
  "66": 231.7980550925025,
  "67": 231.23618089829358,
  "68": 230.6636594883387,
  "69": 230.08049086263787,
  "70": 229.48667502119102,
  "71": 228.8822119639982,
  "72": 228.26710169105942,
  "73": 227.64134420237465,
  "74": 227.0049394979439,
  "75": 226.35788757776714,
  "76": 225.70018844184443,
  "77": 225.03184209017573,
  "78": 224.35284852276106,
  "79": 223.66320773960038,
  "80": 222.96291974069376
}