{
  "19": 858.6637934530395,
  "20": 858.449455234053,
  "21": 858.1979824735414,
  "22": 857.9093751715053,
  "23": 857.5836333279444,
  "24": 857.2207569428587,
  "25": 856.8207460162482,
  "26": 856.383600548113,
  "27": 855.909320538453,
  "28": 855.3979059872684,
  "29": 854.8493568945587,
  "30": 854.2636732603245,
  "31": 853.6408550845655,
  "32": 852.9809023672817,
  "33": 852.2838151084732,
  "34": 851.5495933081397,
  "35": 850.7782369662817,
  "36": 849.969746082899,
  "37": 849.1241206579913,
  "38": 848.241360691559,
  "39": 847.3214661836018,
  "40": 846.36443713412,
  "41": 845.3702735431133,
  "42": 844.338975410582,
  "43": 843.2705427365257,
  "44": 842.1649755209448,
  "45": 841.022273763839,
  "46": 839.8424374652086,
  "47": 838.6254666250535,
  "48": 837.3713612433734,
  "49": 836.0801213201687,
  "50": 834.7517468554393,
  "51": 833.3862378491849,
  "52": 831.9835943014059,
  "53": 830.543816212102,
  "54": 829.0669035812736,
  "55": 827.5528564089203,
  "56": 826.0016746950421,
  "57": 824.4133584396393,
  "58": 822.7879076427117,
  "59": 821.1253223042594,
  "60": 819.4256024242823,
  "61": 817.6887480027805,
  "62": 815.9147590397537,
  "63": 814.1036355352023,
  "64": 812.2553774891261,
  "65": 810.3699849015252,
  "66": 808.4474577723996,
  "67": 806.487796101749,
  "68": 804.4909998895739,
  "69": 802.4570691358739,
  "70": 800.3860038406491,
  "71": 798.2778040038996,
  "72": 796.1324696256253,
  "73": 793.9500007058264,
  "74": 791.7303972445026,
  "75": 789.473659241654,
  "76": 787.1797866972807,
  "77": 784.8487796113827,
  "78": 782.4806379839598,
  "79": 780.0753618150122,
  "80": 777.6329511045399
}