{
  "19": 8.502590142323859,
  "20": 8.524547283245989,
  "21": 8.546504424168116,
  "22": 8.568461565090244,
  "23": 8.590418706012374,
  "24": 8.612375846934501,
  "25": 8.634332987856629,
  "26": 8.656290128778759,
  "27": 8.678247269700886,
  "28": 8.700204410623014,
  "29": 8.722161551545144,
  "30": 8.744118692467271,
  "31": 8.766075833389399,
  "32": 8.788032974311529,
  "33": 8.809990115233656,
  "34": 8.831947256155784,
  "35": 8.853904397077914,
  "36": 8.875861538000041,
  "37": 8.89781867892217,
  "38": 8.919775819844299,
  "39": 8.941732960766426,
  "40": 8.963690101688554,
  "41": 8.985647242610684,
  "42": 9.007604383532811,
  "43": 9.02956152445494,
  "44": 9.051518665377069,
  "45": 9.073475806299196,
  "46": 9.095432947221324,
  "47": 9.117390088143454,
  "48": 9.139347229065582,
  "49": 9.16130436998771,
  "50": 9.183261510909839,
  "51": 9.205218651831967,
  "52": 9.227175792754094,
  "53": 9.249132933676224,
  "54": 9.271090074598352,
  "55": 9.29304721552048,
  "56": 9.315004356442609,
  "57": 9.336961497364737,
  "58": 9.358918638286864,
  "59": 9.380875779208994,
  "60": 9.402832920131122,
  "61": 9.42479006105325,
  "62": 9.446747201975379,
  "63": 9.468704342897507,
  "64": 9.490661483819634,
  "65": 9.512618624741764,
  "66": 9.534575765663892,
  "67": 9.55653290658602,
  "68": 9.578490047508149,
  "69": 9.600447188430277,
  "70": 9.622404329352404,
  "71": 9.644361470274534,
  "72": 9.666318611196662,
  "73": 9.68827575211879,
  "74": 9.710232893040919,
  "75": 9.732190033963047,
  "76": 9.754147174885174,
  "77": 9.776104315807304,
  "78": 9.798061456729432,
  "79": 9.82001859765156,
  "80": 9.841975738573689
}