{
  "19": 16.93761119546094,
  "20": 17.095401460169473,
  "21": 17.2490249517136,
  "22": 17.398481670093307,
  "23": 17.543771615308604,
  "24": 17.684894787359486,
  "25": 17.821851186245954,
  "26": 17.95464081196801,
  "27": 18.083263664525653,
  "28": 18.20771974391888,
  "29": 18.328009050147692,
  "30": 18.44413158321209,
  "31": 18.55608734311208,
  "32": 18.66387632984765,
  "33": 18.767498543418807,
  "34": 18.866953983825557,
  "35": 18.962242651067886,
  "36": 19.053364545145804,
  "37": 19.140319666059305,
  "38": 19.2231080138084,
  "39": 19.301729588393076,
  "40": 19.376184389813336,
  "41": 19.446472418069188,
  "42": 19.512593673160623,
  "43": 19.574548155087644,
  "44": 19.632335863850255,
  "45": 19.685956799448448,
  "46": 19.73541096188223,
  "47": 19.780698351151596,
  "48": 19.82181896725655,
  "49": 19.85877281019709,
  "50": 19.891559879973215,
  "51": 19.920180176584932,
  "52": 19.944633700032227,
  "53": 19.964920450315113,
  "54": 19.981040427433587,
  "55": 19.992993631387645,
  "56": 20.000780062177288,
  "57": 20.004399719802517,
  "58": 20.003852604263336,
  "59": 19.999138715559738,
  "60": 19.990258053691726,
  "61": 19.977210618659303,
  "62": 19.959996410462466,
  "63": 19.938615429101212,
  "64": 19.913067674575544,
  "65": 19.88335314688547,
  "66": 19.849471846030976,
  "67": 19.811423772012066,
  "68": 19.76920892482875,
  "69": 19.722827304481015,
  "70": 19.672278910968867,
  "71": 19.61756374429231,
  "72": 19.558681804451332,
  "73": 19.495633091445942,
  "74": 19.428417605276138,
  "75": 19.357035345941924,
  "76": 19.281486313443295,
  "77": 19.20177050778025,
  "78": 19.117887928952797,
  "79": 19.02983857696092,
  "80": 18.937622451804643
}