{
  "19": 11.142418738606406,
  "20": 11.142418738606406,
  "21": 11.142418738606406,
  "22": 11.142418738606406,
  "23": 11.142418738606406,
  "24": 11.142418738606406,
  "25": 11.142418738606406,
  "26": 11.142418738606406,
  "27": 11.142418738606406,
  "28": 11.142418738606406,
  "29": 11.142418738606406,
  "30": 11.142418738606406,
  "31": 11.142418738606406,
  "32": 11.142418738606406,
  "33": 11.142418738606406,
  "34": 11.142418738606406,
  "35": 11.142418738606406,
  "36": 11.142418738606406,
  "37": 11.142418738606406,
  "38": 11.142418738606406,
  "39": 11.142418738606406,
  "40": 11.142418738606406,
  "41": 11.142418738606406,
  "42": 11.142418738606406,
  "43": 11.142418738606406,
  "44": 11.142418738606406,
  "45": 11.142418738606406,
  "46": 11.142418738606406,
  "47": 11.142418738606406,
  "48": 11.142418738606406,
  "49": 11.142418738606406,
  "50": 11.142418738606406,
  "51": 11.142418738606406,
  "52": 11.142418738606406,
  "53": 11.142418738606406,
  "54": 11.142418738606406,
  "55": 11.142418738606406,
  "56": 11.142418738606406,
  "57": 11.142418738606406,
  "58": 11.142418738606406,
  "59": 11.142418738606406,
  "60": 11.142418738606406,
  "61": 11.142418738606406,
  "62": 11.142418738606406,
  "63": 11.142418738606406,
  "64": 11.142418738606406,
  "65": 11.142418738606406,
  "66": 11.142418738606406,
  "67": 11.142418738606406,
  "68": 11.142418738606406,
  "69": 11.142418738606406,
  "70": 11.142418738606406,
  "71": 11.142418738606406,
  "72": 11.142418738606406,
  "73": 11.142418738606406,
  "74": 11.142418738606406,
  "75": 11.142418738606406,
  "76": 11.142418738606406,
  "77": 11.142418738606406,
  "78": 11.142418738606406,
  "79": 11.142418738606406,
  "80": 11.142418738606406
}