{
  "19": 2.9312215142573987,
  "20": 2.9468974592015154,
  "21": 2.9625734041456315,
  "22": 2.9782493490897477,
  "23": 2.9939252940338643,
  "24": 3.0096012389779805,
  "25": 3.0252771839220967,
  "26": 3.0409531288662133,
  "27": 3.0566290738103294,
  "28": 3.0723050187544456,
  "29": 3.0879809636985622,
  "30": 3.1036569086426784,
  "31": 3.1193328535867946,
  "32": 3.1350087985309107,
  "33": 3.1506847434750274,
  "34": 3.1663606884191435,
  "35": 3.1820366333632597,
  "36": 3.1977125783073763,
  "37": 3.2133885232514925,
  "38": 3.2290644681956087,
  "39": 3.2447404131397253,
  "40": 3.2604163580838414,
  "41": 3.2760923030279576,
  "42": 3.2917682479720742,
  "43": 3.3074441929161904,
  "44": 3.3231201378603066,
  "45": 3.338796082804423,
  "46": 3.3544720277485394,
  "47": 3.3701479726926555,
  "48": 3.385823917636772,
  "49": 3.4014998625808883,
  "50": 3.4171758075250045,
  "51": 3.432851752469121,
  "52": 3.4485276974132373,
  "53": 3.4642036423573535,
  "54": 3.47987958730147,
  "55": 3.4955555322455862,
  "56": 3.5112314771897024,
  "57": 3.526907422133819,
  "58": 3.542583367077935,
  "59": 3.5582593120220514,
  "60": 3.573935256966168,
  "61": 3.589611201910284,
  "62": 3.6052871468544003,
  "63": 3.620963091798517,
  "64": 3.636639036742633,
  "65": 3.6523149816867493,
  "66": 3.667990926630866,
  "67": 3.683666871574982,
  "68": 3.6993428165190982,
  "69": 3.715018761463215,
  "70": 3.730694706407331,
  "71": 3.746370651351447,
  "72": 3.762046596295564,
  "73": 3.77772254123968,
  "74": 3.793398486183796,
  "75": 3.8090744311279128,
  "76": 3.824750376072029,
  "77": 3.840426321016145,
  "78": 3.8561022659602617,
  "79": 3.871778210904378,
  "80": 3.887454155848494
}