{
  "19": 0.22792812326553963,
  "20": 0.22914697916566948,
  "21": 0.2303658350657993,
  "22": 0.23158469096592912,
  "23": 0.23280354686605895,
  "24": 0.2340224027661888,
  "25": 0.23524125866631862,
  "26": 0.23646011456644844,
  "27": 0.2376789704665783,
  "28": 0.23889782636670812,
  "29": 0.24011668226683794,
  "30": 0.24133553816696776,
  "31": 0.2425543940670976,
  "32": 0.24377324996722743,
  "33": 0.24499210586735726,
  "34": 0.2462109617674871,
  "35": 0.24742981766761693,
  "36": 0.24864867356774675,
  "37": 0.24986752946787658,
  "38": 0.2510863853680064,
  "39": 0.25230524126813625,
  "40": 0.25352409716826607,
  "41": 0.2547429530683959,
  "42": 0.2559618089685257,
  "43": 0.2571806648686556,
  "44": 0.2583995207687854,
  "45": 0.25961837666891524,
  "46": 0.26083723256904506,
  "47": 0.2620560884691749,
  "48": 0.2632749443693047,
  "49": 0.26449380026943453,
  "50": 0.2657126561695644,
  "51": 0.26693151206969423,
  "52": 0.26815036796982405,
  "53": 0.2693692238699539,
  "54": 0.2705880797700837,
  "55": 0.2718069356702135,
  "56": 0.27302579157034335,
  "57": 0.2742446474704732,
  "58": 0.27546350337060305,
  "59": 0.27668235927073287,
  "60": 0.2779012151708627,
  "61": 0.2791200710709925,
  "62": 0.28033892697112234,
  "63": 0.28155778287125216,
  "64": 0.28277663877138204,
  "65": 0.28399549467151186,
  "66": 0.2852143505716417,
  "67": 0.2864332064717715,
  "68": 0.28765206237190133,
  "69": 0.28887091827203115,
  "70": 0.290089774172161,
  "71": 0.2913086300722908,
  "72": 0.2925274859724207,
  "73": 0.2937463418725505,
  "74": 0.2949651977726803,
  "75": 0.29618405367281014,
  "76": 0.29740290957293997,
  "77": 0.2986217654730698,
  "78": 0.2998406213731996,
  "79": 0.3010594772733295,
  "80": 0.3022783331734593
}