{
  "19": 0.05471214346870173,
  "20": 0.0548286820025721,
  "21": 0.05494522053644247,
  "22": 0.05506175907031284,
  "23": 0.05517829760418321,
  "24": 0.05529483613805358,
  "25": 0.05541137467192395,
  "26": 0.055527913205794324,
  "27": 0.055644451739664695,
  "28": 0.055760990273535066,
  "29": 0.05587752880740544,
  "30": 0.05599406734127581,
  "31": 0.05611060587514618,
  "32": 0.05622714440901655,
  "33": 0.05634368294288692,
  "34": 0.05646022147675729,
  "35": 0.05657676001062766,
  "36": 0.05669329854449803,
  "37": 0.056809837078368404,
  "38": 0.056926375612238775,
  "39": 0.05704291414610915,
  "40": 0.057159452679979524,
  "41": 0.057275991213849894,
  "42": 0.057392529747720265,
  "43": 0.057509068281590636,
  "44": 0.05762560681546101,
  "45": 0.05774214534933138,
  "46": 0.05785868388320175,
  "47": 0.05797522241707212,
  "48": 0.05809176095094249,
  "49": 0.05820829948481286,
  "50": 0.05832483801868323,
  "51": 0.0584413765525536,
  "52": 0.058557915086423974,
  "53": 0.058674453620294345,
  "54": 0.058790992154164716,
  "55": 0.05890753068803509,
  "56": 0.05902406922190546,
  "57": 0.05914060775577583,
  "58": 0.0592571462896462,
  "59": 0.05937368482351657,
  "60": 0.05949022335738694,
  "61": 0.05960676189125731,
  "62": 0.05972330042512768,
  "63": 0.059839838958998054,
  "64": 0.05995637749286843,
  "65": 0.0600729160267388,
  "66": 0.060189454560609174,
  "67": 0.060305993094479544,
  "68": 0.060422531628349915,
  "69": 0.060539070162220286,
  "70": 0.06065560869609066,
  "71": 0.06077214722996103,
  "72": 0.0608886857638314,
  "73": 0.06100522429770177,
  "74": 0.06112176283157214,
  "75": 0.06123830136544251,
  "76": 0.06135483989931288,
  "77": 0.06147137843318325,
  "78": 0.061587916967053624,
  "79": 0.061704455500923995,
  "80": 0.061820994034794366
}