{
  "19": 0.039298408280376645,
  "20": 0.03941464664224115,
  "21": 0.03953088500410564,
  "22": 0.039647123365970136,
  "23": 0.03976336172783464,
  "24": 0.03987960008969913,
  "25": 0.039995838451563626,
  "26": 0.04011207681342812,
  "27": 0.04022831517529262,
  "28": 0.040344553537157116,
  "29": 0.04046079189902161,
  "30": 0.04057703026088611,
  "31": 0.040693268622750606,
  "32": 0.0408095069846151,
  "33": 0.040925745346479594,
  "34": 0.041041983708344096,
  "35": 0.04115822207020859,
  "36": 0.041274460432073085,
  "37": 0.041390698793937586,
  "38": 0.04150693715580208,
  "39": 0.041623175517666575,
  "40": 0.04173941387953107,
  "41": 0.04185565224139557,
  "42": 0.041971890603260065,
  "43": 0.04208812896512456,
  "44": 0.04220436732698906,
  "45": 0.042320605688853555,
  "46": 0.04243684405071805,
  "47": 0.042553082412582544,
  "48": 0.042669320774447045,
  "49": 0.04278555913631154,
  "50": 0.042901797498176034,
  "51": 0.043018035860040535,
  "52": 0.04313427422190503,
  "53": 0.043250512583769524,
  "54": 0.043366750945634025,
  "55": 0.04348298930749852,
  "56": 0.043599227669363014,
  "57": 0.04371546603122751,
  "58": 0.04383170439309201,
  "59": 0.043947942754956504,
  "60": 0.044064181116821,
  "61": 0.0441804194786855,
  "62": 0.044296657840549994,
  "63": 0.04441289620241449,
  "64": 0.04452913456427898,
  "65": 0.044645372926143484,
  "66": 0.04476161128800798,
  "67": 0.04487784964987247,
  "68": 0.044994088011736974,
  "69": 0.04511032637360147,
  "70": 0.04522656473546596,
  "71": 0.04534280309733046,
  "72": 0.04545904145919496,
  "73": 0.04557527982105945,
  "74": 0.04569151818292395,
  "75": 0.04580775654478845,
  "76": 0.04592399490665294,
  "77": 0.04604023326851744,
  "78": 0.04615647163038193,
  "79": 0.04627270999224643,
  "80": 0.04638894835411093
}