{
  "19": 24.52383583489036,
  "20": 24.62286680260509,
  "21": 24.721897770319817,
  "22": 24.820928738034546,
  "23": 24.91995970574927,
  "24": 25.018990673464,
  "25": 25.11802164117873,
  "26": 25.217052608893457,
  "27": 25.316083576608186,
  "28": 25.41511454432291,
  "29": 25.51414551203764,
  "30": 25.61317647975237,
  "31": 25.712207447467097,
  "32": 25.811238415181826,
  "33": 25.91026938289655,
  "34": 26.00930035061128,
  "35": 26.10833131832601,
  "36": 26.207362286040738,
  "37": 26.306393253755463,
  "38": 26.40542422147019,
  "39": 26.50445518918492,
  "40": 26.60348615689965,
  "41": 26.702517124614378,
  "42": 26.801548092329103,
  "43": 26.90057906004383,
  "44": 26.99961002775856,
  "45": 27.09864099547329,
  "46": 27.197671963188018,
  "47": 27.296702930902743,
  "48": 27.395733898617472,
  "49": 27.4947648663322,
  "50": 27.59379583404693,
  "51": 27.692826801761658,
  "52": 27.791857769476383,
  "53": 27.890888737191112,
  "54": 27.98991970490584,
  "55": 28.08895067262057,
  "56": 28.1879816403353,
  "57": 28.287012608050023,
  "58": 28.386043575764752,
  "59": 28.48507454347948,
  "60": 28.58410551119421,
  "61": 28.68313647890894,
  "62": 28.782167446623664,
  "63": 28.881198414338392,
  "64": 28.98022938205312,
  "65": 29.07926034976785,
  "66": 29.17829131748258,
  "67": 29.277322285197304,
  "68": 29.376353252912033,
  "69": 29.47538422062676,
  "70": 29.57441518834149,
  "71": 29.67344615605622,
  "72": 29.772477123770944,
  "73": 29.871508091485673,
  "74": 29.9705390592004,
  "75": 30.06957002691513,
  "76": 30.16860099462986,
  "77": 30.267631962344584,
  "78": 30.366662930059313,
  "79": 30.46569389777404,
  "80": 30.56472486548877
}