{
  "19": 0.8194223346619119,
  "20": 0.8223270495535113,
  "21": 0.8251415036614554,
  "22": 0.8278656969857442,
  "23": 0.8304996295263778,
  "24": 0.8330433012833559,
  "25": 0.8354967122566788,
  "26": 0.8378598624463464,
  "27": 0.8401327518523585,
  "28": 0.8423153804747154,
  "29": 0.8444077483134171,
  "30": 0.8464098553684634,
  "31": 0.8483217016398543,
  "32": 0.85014328712759,
  "33": 0.8518746118316703,
  "34": 0.8535156757520954,
  "35": 0.8550664788888651,
  "36": 0.8565270212419795,
  "37": 0.8578973028114386,
  "38": 0.8591773235972424,
  "39": 0.8603670835993908,
  "40": 0.861466582817884,
  "41": 0.8624758212527219,
  "42": 0.8633947989039045,
  "43": 0.8642235157714316,
  "44": 0.8649619718553035,
  "45": 0.8656101671555201,
  "46": 0.8661681016720814,
  "47": 0.8666357754049874,
  "48": 0.867013188354238,
  "49": 0.8673003405198334,
  "50": 0.8674972319017733,
  "51": 0.867603862500058,
  "52": 0.8676202323146875,
  "53": 0.8675463413456616,
  "54": 0.8673821895929803,
  "55": 0.8671277770566439,
  "56": 0.866783103736652,
  "57": 0.8663481696330048,
  "58": 0.8658229747457025,
  "59": 0.8652075190747446,
  "60": 0.8645018026201314,
  "61": 0.8637058253818631,
  "62": 0.8628195873599394,
  "63": 0.8618430885543602,
  "64": 0.8607763289651258,
  "65": 0.8596193085922362,
  "66": 0.8583720274356912,
  "67": 0.8570344854954909,
  "68": 0.8556066827716354,
  "69": 0.8540886192641244,
  "70": 0.8524802949729581,
  "71": 0.8507817098981367,
  "72": 0.8489928640396598,
  "73": 0.8471137573975276,
  "74": 0.8451443899717402,
  "75": 0.8430847617622974,
  "76": 0.8409348727691992,
  "77": 0.8386947229924456,
  "78": 0.8363643124320371,
  "79": 0.833943641087973,
  "80": 0.8314327089602536
}