{
  "19": 62.654029791258104,
  "20": 63.24666680312413,
  "21": 63.82287418229482,
  "22": 64.38265192877014,
  "23": 64.92600004255011,
  "24": 65.45291852363474,
  "25": 65.96340737202402,
  "26": 66.45746658771793,
  "27": 66.93509617071649,
  "28": 67.3962961210197,
  "29": 67.84106643862755,
  "30": 68.26940712354005,
  "31": 68.6813181757572,
  "32": 69.076799595279,
  "33": 69.45585138210542,
  "34": 69.81847353623651,
  "35": 70.16466605767225,
  "36": 70.49442894641264,
  "37": 70.80776220245765,
  "38": 71.10466582580733,
  "39": 71.38513981646165,
  "40": 71.6491841744206,
  "41": 71.89679889968421,
  "42": 72.12798399225248,
  "43": 72.34273945212537,
  "44": 72.54106527930293,
  "45": 72.72296147378512,
  "46": 72.88842803557195,
  "47": 73.03746496466344,
  "48": 73.17007226105959,
  "49": 73.28624992476037,
  "50": 73.38599795576579,
  "51": 73.46931635407587,
  "52": 73.53620511969059,
  "53": 73.58666425260995,
  "54": 73.62069375283397,
  "55": 73.63829362036263,
  "56": 73.63946385519593,
  "57": 73.62420445733389,
  "58": 73.59251542677649,
  "59": 73.54439676352374,
  "60": 73.47984846757562,
  "61": 73.39887053893216,
  "62": 73.30146297759335,
  "63": 73.18762578355917,
  "64": 73.05735895682965,
  "65": 72.91066249740477,
  "66": 72.74753640528454,
  "67": 72.56798068046895,
  "68": 72.37199532295801,
  "69": 72.15958033275172,
  "70": 71.93073570985007,
  "71": 71.68546145425309,
  "72": 71.42375756596073,
  "73": 71.14562404497302,
  "74": 70.85106089128996,
  "75": 70.54006810491155,
  "76": 70.21264568583777,
  "77": 69.86879363406865,
  "78": 69.50851194960418,
  "79": 69.13180063244435,
  "80": 68.73865968258917
}