{
  "19": 0.07660299333464388,
  "20": 0.07686363817865427,
  "21": 0.07712646117800516,
  "22": 0.07739146233269653,
  "23": 0.0776586416427284,
  "24": 0.07792799910810076,
  "25": 0.07819953472881362,
  "26": 0.07847324850486696,
  "27": 0.0787491404362608,
  "28": 0.07902721052299513,
  "29": 0.07930745876506995,
  "30": 0.07958988516248526,
  "31": 0.07987448971524107,
  "32": 0.08016127242333737,
  "33": 0.08045023328677416,
  "34": 0.08074137230555144,
  "35": 0.08103468947966921,
  "36": 0.08133018480912747,
  "37": 0.08162785829392623,
  "38": 0.08192770993406548,
  "39": 0.0822297397295452,
  "40": 0.08253394768036544,
  "41": 0.08284033378652617,
  "42": 0.08314889804802737,
  "43": 0.08345964046486909,
  "44": 0.08377256103705129,
  "45": 0.08408765976457398,
  "46": 0.08440493664743716,
  "47": 0.08472439168564085,
  "48": 0.08504602487918501,
  "49": 0.08536983622806966,
  "50": 0.08569582573229483,
  "51": 0.08602399339186047,
  "52": 0.0863543392067666,
  "53": 0.08668686317701324,
  "54": 0.08702156530260036,
  "55": 0.08735844558352797,
  "56": 0.08769750401979608,
  "57": 0.08803874061140467,
  "58": 0.08838215535835375,
  "59": 0.08872774826064334,
  "60": 0.08907551931827341,
  "61": 0.08942546853124397,
  "62": 0.08977759589955503,
  "63": 0.09013190142320658,
  "64": 0.09048838510219862,
  "65": 0.09084704693653113,
  "66": 0.09120788692620416,
  "67": 0.09157090507121768,
  "68": 0.09193610137157168,
  "69": 0.09230347582726618,
  "70": 0.09267302843830118,
  "71": 0.09304475920467667,
  "72": 0.09341866812639264,
  "73": 0.09379475520344911,
  "74": 0.09417302043584606,
  "75": 0.09455346382358353,
  "76": 0.09493608536666147,
  "77": 0.0953208850650799,
  "78": 0.09570786291883883,
  "79": 0.09609701892793825,
  "80": 0.09648835309237816
}