{
  "19": 1.1561801529665248,
  "20": 1.1586218477579255,
  "21": 1.1610635425493265,
  "22": 1.1635052373407273,
  "23": 1.1659469321321283,
  "24": 1.168388626923529,
  "25": 1.17083032171493,
  "26": 1.1732720165063308,
  "27": 1.1757137112977316,
  "28": 1.1781554060891326,
  "29": 1.1805971008805334,
  "30": 1.1830387956719344,
  "31": 1.1854804904633351,
  "32": 1.187922185254736,
  "33": 1.190363880046137,
  "34": 1.1928055748375377,
  "35": 1.1952472696289387,
  "36": 1.1976889644203395,
  "37": 1.2001306592117404,
  "38": 1.2025723540031412,
  "39": 1.205014048794542,
  "40": 1.207455743585943,
  "41": 1.2098974383773438,
  "42": 1.2123391331687448,
  "43": 1.2147808279601455,
  "44": 1.2172225227515465,
  "45": 1.2196642175429473,
  "46": 1.222105912334348,
  "47": 1.224547607125749,
  "48": 1.2269893019171498,
  "49": 1.2294309967085508,
  "50": 1.2318726914999516,
  "51": 1.2343143862913526,
  "52": 1.2367560810827534,
  "53": 1.2391977758741541,
  "54": 1.2416394706655551,
  "55": 1.244081165456956,
  "56": 1.246522860248357,
  "57": 1.2489645550397577,
  "58": 1.2514062498311584,
  "59": 1.2538479446225594,
  "60": 1.2562896394139602,
  "61": 1.2587313342053612,
  "62": 1.261173028996762,
  "63": 1.263614723788163,
  "64": 1.2660564185795637,
  "65": 1.2684981133709645,
  "66": 1.2709398081623655,
  "67": 1.2733815029537663,
  "68": 1.2758231977451673,
  "69": 1.278264892536568,
  "70": 1.280706587327969,
  "71": 1.2831482821193698,
  "72": 1.2855899769107706,
  "73": 1.2880316717021716,
  "74": 1.2904733664935724,
  "75": 1.2929150612849734,
  "76": 1.2953567560763741,
  "77": 1.297798450867775,
  "78": 1.300240145659176,
  "79": 1.3026818404505767,
  "80": 1.3051235352419777
}