{
  "19": 1792.1236111111111,
  "20": 1792.1236111111111,
  "21": 1792.1236111111111,
  "22": 1792.1236111111111,
  "23": 1792.1236111111111,
  "24": 1792.1236111111111,
  "25": 1792.1236111111111,
  "26": 1792.1236111111111,
  "27": 1792.1236111111111,
  "28": 1792.1236111111111,
  "29": 1792.1236111111111,
  "30": 1792.1236111111111,
  "31": 1792.1236111111111,
  "32": 1792.1236111111111,
  "33": 1792.1236111111111,
  "34": 1792.1236111111111,
  "35": 1792.1236111111111,
  "36": 1792.1236111111111,
  "37": 1792.1236111111111,
  "38": 1792.1236111111111,
  "39": 1792.1236111111111,
  "40": 1792.1236111111111,
  "41": 1792.1236111111111,
  "42": 1792.1236111111111,
  "43": 1792.1236111111111,
  "44": 1792.1236111111111,
  "45": 1792.1236111111111,
  "46": 1792.1236111111111,
  "47": 1792.1236111111111,
  "48": 1792.1236111111111,
  "49": 1792.1236111111111,
  "50": 1792.1236111111111,
  "51": 1792.1236111111111,
  "52": 1792.1236111111111,
  "53": 1792.1236111111111,
  "54": 1792.1236111111111,
  "55": 1792.1236111111111,
  "56": 1792.1236111111111,
  "57": 1792.1236111111111,
  "58": 1792.1236111111111,
  "59": 1792.1236111111111,
  "60": 1792.1236111111111,
  "61": 1792.1236111111111,
  "62": 1792.1236111111111,
  "63": 1792.1236111111111,
  "64": 1792.1236111111111,
  "65": 1792.1236111111111,
  "66": 1792.1236111111111,
  "67": 1792.1236111111111,
  "68": 1792.1236111111111,
  "69": 1792.1236111111111,
  "70": 1792.1236111111111,
  "71": 1792.1236111111111,
  "72": 1792.1236111111111,
  "73": 1792.1236111111111,
  "74": 1792.1236111111111,
  "75": 1792.1236111111111,
  "76": 1792.1236111111111,
  "77": 1792.1236111111111,
  "78": 1792.1236111111111,
  "79": 1792.1236111111111,
  "80": 1792.1236111111111
}