{
  "19": 513.8376817777778,
  "20": 513.8376817777778,
  "21": 513.8376817777778,
  "22": 513.8376817777778,
  "23": 513.8376817777778,
  "24": 513.8376817777778,
  "25": 513.8376817777778,
  "26": 513.8376817777778,
  "27": 513.8376817777778,
  "28": 513.8376817777778,
  "29": 513.8376817777778,
  "30": 513.8376817777778,
  "31": 513.8376817777778,
  "32": 513.8376817777778,
  "33": 513.8376817777778,
  "34": 513.8376817777778,
  "35": 513.8376817777778,
  "36": 513.8376817777778,
  "37": 513.8376817777778,
  "38": 513.8376817777778,
  "39": 513.8376817777778,
  "40": 513.8376817777778,
  "41": 513.8376817777778,
  "42": 513.8376817777778,
  "43": 513.8376817777778,
  "44": 513.8376817777778,
  "45": 513.8376817777778,
  "46": 513.8376817777778,
  "47": 513.8376817777778,
  "48": 513.8376817777778,
  "49": 513.8376817777778,
  "50": 513.8376817777778,
  "51": 513.8376817777778,
  "52": 513.8376817777778,
  "53": 513.8376817777778,
  "54": 513.8376817777778,
  "55": 513.8376817777778,
  "56": 513.8376817777778,
  "57": 513.8376817777778,
  "58": 513.8376817777778,
  "59": 513.8376817777778,
  "60": 513.8376817777778,
  "61": 513.8376817777778,
  "62": 513.8376817777778,
  "63": 513.8376817777778,
  "64": 513.8376817777778,
  "65": 513.8376817777778,
  "66": 513.8376817777778,
  "67": 513.8376817777778,
  "68": 513.8376817777778,
  "69": 513.8376817777778,
  "70": 513.8376817777778,
  "71": 513.8376817777778,
  "72": 513.8376817777778,
  "73": 513.8376817777778,
  "74": 513.8376817777778,
  "75": 513.8376817777778,
  "76": 513.8376817777778,
  "77": 513.8376817777778,
  "78": 513.8376817777778,
  "79": 513.8376817777778,
  "80": 513.8376817777778
}