{
  "19": 0.04051705388716149,
  "20": 0.04079302098844536,
  "21": 0.041068988089729225,
  "22": 0.0413449551910131,
  "23": 0.04162092229229696,
  "24": 0.041896889393580834,
  "25": 0.0421728564948647,
  "26": 0.04244882359614857,
  "27": 0.042724790697432444,
  "28": 0.04300075779871631,
  "29": 0.04327672490000018,
  "30": 0.043552692001284046,
  "31": 0.04382865910256792,
  "32": 0.04410462620385179,
  "33": 0.044380593305135656,
  "34": 0.04465656040641953,
  "35": 0.04493252750770339,
  "36": 0.045208494608987265,
  "37": 0.04548446171027113,
  "38": 0.045760428811555,
  "39": 0.046036395912838875,
  "40": 0.04631236301412274,
  "41": 0.04658833011540661,
  "42": 0.04686429721669048,
  "43": 0.04714026431797435,
  "44": 0.047416231419258215,
  "45": 0.04769219852054209,
  "46": 0.04796816562182596,
  "47": 0.048244132723109824,
  "48": 0.048520099824393696,
  "49": 0.04879606692567756,
  "50": 0.049072034026961434,
  "51": 0.0493480011282453,
  "52": 0.04962396822952917,
  "53": 0.04989993533081304,
  "54": 0.05017590243209691,
  "55": 0.05045186953338078,
  "56": 0.050727836634664646,
  "57": 0.05100380373594852,
  "58": 0.05127977083723239,
  "59": 0.051555737938516255,
  "60": 0.05183170503980013,
  "61": 0.05210767214108399,
  "62": 0.052383639242367865,
  "63": 0.05265960634365173,
  "64": 0.0529355734449356,
  "65": 0.053211540546219474,
  "66": 0.05348750764750334,
  "67": 0.05376347474878721,
  "68": 0.05403944185007108,
  "69": 0.05431540895135495,
  "70": 0.054591376052638814,
  "71": 0.054867343153922686,
  "72": 0.05514331025520656,
  "73": 0.05541927735649042,
  "74": 0.055695244457774296,
  "75": 0.05597121155905816,
  "76": 0.05624717866034203,
  "77": 0.056523145761625905,
  "78": 0.05679911286290977,
  "79": 0.05707507996419364,
  "80": 0.05735104706547751
}