{
  "19": 67.25431066474479,
  "20": 67.48845258142579,
  "21": 67.72259449810677,
  "22": 67.95673641478777,
  "23": 68.19087833146877,
  "24": 68.42502024814976,
  "25": 68.65916216483076,
  "26": 68.89330408151176,
  "27": 69.12744599819274,
  "28": 69.36158791487374,
  "29": 69.59572983155473,
  "30": 69.82987174823573,
  "31": 70.06401366491673,
  "32": 70.29815558159771,
  "33": 70.53229749827871,
  "34": 70.7664394149597,
  "35": 71.0005813316407,
  "36": 71.2347232483217,
  "37": 71.4688651650027,
  "38": 71.70300708168368,
  "39": 71.93714899836468,
  "40": 72.17129091504567,
  "41": 72.40543283172667,
  "42": 72.63957474840767,
  "43": 72.87371666508866,
  "44": 73.10785858176965,
  "45": 73.34200049845064,
  "46": 73.57614241513164,
  "47": 73.81028433181264,
  "48": 74.04442624849364,
  "49": 74.27856816517463,
  "50": 74.51271008185562,
  "51": 74.74685199853661,
  "52": 74.98099391521761,
  "53": 75.2151358318986,
  "54": 75.4492777485796,
  "55": 75.6834196652606,
  "56": 75.91756158194158,
  "57": 76.15170349862258,
  "58": 76.38584541530358,
  "59": 76.61998733198458,
  "60": 76.85412924866557,
  "61": 77.08827116534657,
  "62": 77.32241308202755,
  "63": 77.55655499870855,
  "64": 77.79069691538955,
  "65": 78.02483883207054,
  "66": 78.25898074875154,
  "67": 78.49312266543252,
  "68": 78.72726458211352,
  "69": 78.96140649879452,
  "70": 79.19554841547551,
  "71": 79.42969033215651,
  "72": 79.66383224883751,
  "73": 79.89797416551849,
  "74": 80.13211608219949,
  "75": 80.36625799888049,
  "76": 80.60039991556148,
  "77": 80.83454183224248,
  "78": 81.06868374892348,
  "79": 81.30282566560446,
  "80": 81.53696758228546
}