{
  "19": 0.1409983632118359,
  "20": 0.1415332926993927,
  "21": 0.14209565446836264,
  "22": 0.1426854485187458,
  "23": 0.14330267485054207,
  "24": 0.14394733346375155,
  "25": 0.14461942435837416,
  "26": 0.14531894753440996,
  "27": 0.14604590299185893,
  "28": 0.1468002907307211,
  "29": 0.1475821107509964,
  "30": 0.14839136305268485,
  "31": 0.1492280476357865,
  "32": 0.15009216450030133,
  "33": 0.1509837136462293,
  "34": 0.15190269507357046,
  "35": 0.15284910878232477,
  "36": 0.15382295477249225,
  "37": 0.15482423304407292,
  "38": 0.15585294359706675,
  "39": 0.15690908643147372,
  "40": 0.15799266154729388,
  "41": 0.15910366894452724,
  "42": 0.16024210862317373,
  "43": 0.16140798058323338,
  "44": 0.16260128482470623,
  "45": 0.16382202134759224,
  "46": 0.16507019015189142,
  "47": 0.16634579123760376,
  "48": 0.16764882460472927,
  "49": 0.16897929025326794,
  "50": 0.1703371881832198,
  "51": 0.1717225183945848,
  "52": 0.173135280887363,
  "53": 0.17457547566155435,
  "54": 0.17604310271715887,
  "55": 0.17753816205417658,
  "56": 0.17906065367260743,
  "57": 0.18061057757245147,
  "58": 0.18218793375370865,
  "59": 0.18379272221637902,
  "60": 0.18542494296046255,
  "61": 0.18708459598595928,
  "62": 0.18877168129286914,
  "63": 0.19048619888119217,
  "64": 0.1922281487509284,
  "65": 0.19399753090207777,
  "66": 0.19579434533464032,
  "67": 0.19761859204861604,
  "68": 0.19947027104400492,
  "69": 0.20134938232080696,
  "70": 0.2032559258790222,
  "71": 0.2051899017186506,
  "72": 0.20715130983969215,
  "73": 0.20914015024214688,
  "74": 0.21115642292601478,
  "75": 0.21320012789129583,
  "76": 0.21527126513799008,
  "77": 0.21736983466609747,
  "78": 0.21949583647561804,
  "79": 0.2216492705665518,
  "80": 0.2238301369388987
}