{
  "19": 316.9903846153846,
  "20": 316.9903846153846,
  "21": 316.9903846153846,
  "22": 316.9903846153846,
  "23": 316.9903846153846,
  "24": 316.9903846153846,
  "25": 316.9903846153846,
  "26": 316.9903846153846,
  "27": 316.9903846153846,
  "28": 316.9903846153846,
  "29": 316.9903846153846,
  "30": 316.9903846153846,
  "31": 316.9903846153846,
  "32": 316.9903846153846,
  "33": 316.9903846153846,
  "34": 316.9903846153846,
  "35": 316.9903846153846,
  "36": 316.9903846153846,
  "37": 316.9903846153846,
  "38": 316.9903846153846,
  "39": 316.9903846153846,
  "40": 316.9903846153846,
  "41": 316.9903846153846,
  "42": 316.9903846153846,
  "43": 316.9903846153846,
  "44": 316.9903846153846,
  "45": 316.9903846153846,
  "46": 316.9903846153846,
  "47": 316.9903846153846,
  "48": 316.9903846153846,
  "49": 316.9903846153846,
  "50": 316.9903846153846,
  "51": 316.9903846153846,
  "52": 316.9903846153846,
  "53": 316.9903846153846,
  "54": 316.9903846153846,
  "55": 316.9903846153846,
  "56": 316.9903846153846,
  "57": 316.9903846153846,
  "58": 316.9903846153846,
  "59": 316.9903846153846,
  "60": 316.9903846153846,
  "61": 316.9903846153846,
  "62": 316.9903846153846,
  "63": 316.9903846153846,
  "64": 316.9903846153846,
  "65": 316.9903846153846,
  "66": 316.9903846153846,
  "67": 316.9903846153846,
  "68": 316.9903846153846,
  "69": 316.9903846153846,
  "70": 316.9903846153846,
  "71": 316.9903846153846,
  "72": 316.9903846153846,
  "73": 316.9903846153846,
  "74": 316.9903846153846,
  "75": 316.9903846153846,
  "76": 316.9903846153846,
  "77": 316.9903846153846,
  "78": 316.9903846153846,
  "79": 316.9903846153846,
  "80": 316.9903846153846
}