{
  "19": 16.80411070843388,
  "20": 16.860711583343242,
  "21": 16.920215067222315,
  "22": 16.9826211600711,
  "23": 17.047929861889596,
  "24": 17.116141172677803,
  "25": 17.18725509243572,
  "26": 17.26127162116335,
  "27": 17.338190758860687,
  "28": 17.418012505527738,
  "29": 17.500736861164498,
  "30": 17.58636382577097,
  "31": 17.674893399347155,
  "32": 17.76632558189305,
  "33": 17.860660373408653,
  "34": 17.95789777389397,
  "35": 18.058037783348993,
  "36": 18.16108040177373,
  "37": 18.26702562916818,
  "38": 18.37587346553234,
  "39": 18.48762391086621,
  "40": 18.602276965169793,
  "41": 18.719832628443083,
  "42": 18.840290900686085,
  "43": 18.9636517818988,
  "44": 19.089915272081225,
  "45": 19.21908137123336,
  "46": 19.351150079355207,
  "47": 19.486121396446766,
  "48": 19.623995322508033,
  "49": 19.764771857539014,
  "50": 19.908451001539703,
  "51": 20.055032754510105,
  "52": 20.204517116450216,
  "53": 20.35690408736004,
  "54": 20.512193667239572,
  "55": 20.670385856088817,
  "56": 20.83148065390777,
  "57": 20.99547806069644,
  "58": 21.162378076454818,
  "59": 21.332180701182907,
  "60": 21.504885934880704,
  "61": 21.680493777548214,
  "62": 21.859004229185437,
  "63": 22.04041728979237,
  "64": 22.22473295936901,
  "65": 22.411951237915364,
  "66": 22.60207212543143,
  "67": 22.795095621917206,
  "68": 22.991021727372694,
  "69": 23.18985044179789,
  "70": 23.3915817651928,
  "71": 23.59621569755742,
  "72": 23.803752238891747,
  "73": 24.01419138919579,
  "74": 24.22753314846954,
  "75": 24.443777516713006,
  "76": 24.66292449392618,
  "77": 24.884974080109064,
  "78": 25.10992627526166,
  "79": 25.337781079383966,
  "80": 25.568538492475984
}