{
  "19": 2.0791326788393714,
  "20": 2.086406820159797,
  "21": 2.0940539943684495,
  "22": 2.1020742014653293,
  "23": 2.110467441450436,
  "24": 2.11923371432377,
  "25": 2.1283730200853306,
  "26": 2.137885358735118,
  "27": 2.1477707302731326,
  "28": 2.158029134699374,
  "29": 2.1686605720138425,
  "30": 2.179665042216538,
  "31": 2.1910425453074605,
  "32": 2.2027930812866097,
  "33": 2.214916650153986,
  "34": 2.2274132519095895,
  "35": 2.2402828865534197,
  "36": 2.253525554085477,
  "37": 2.267141254505761,
  "38": 2.281129987814272,
  "39": 2.2954917540110102,
  "40": 2.3102265530959754,
  "41": 2.3253343850691675,
  "42": 2.3408152499305865,
  "43": 2.356669147680232,
  "44": 2.3728960783181052,
  "45": 2.3894960418442053,
  "46": 2.406469038258532,
  "47": 2.423815067561086,
  "48": 2.441534129751867,
  "49": 2.4596262248308745,
  "50": 2.478091352798109,
  "51": 2.496929513653571,
  "52": 2.5161407073972595,
  "53": 2.535724934029175,
  "54": 2.5556821935493175,
  "55": 2.5760124859576874,
  "56": 2.596715811254284,
  "57": 2.6177921694391073,
  "58": 2.6392415605121577,
  "59": 2.661063984473435,
  "60": 2.6832594413229396,
  "61": 2.7058279310606705,
  "62": 2.728769453686629,
  "63": 2.7520840092008143,
  "64": 2.7757715976032262,
  "65": 2.7998322188938656,
  "66": 2.824265873072732,
  "67": 2.849072560139825,
  "68": 2.874252280095145,
  "69": 2.899805032938692,
  "70": 2.925730818670466,
  "71": 2.952029637290467,
  "72": 2.978701488798695,
  "73": 3.0057463731951497,
  "74": 3.0331642904798315,
  "75": 3.0609552406527403,
  "76": 3.089119223713876,
  "77": 3.117656239663239,
  "78": 3.1465662885008285,
  "79": 3.1758493702266453,
  "80": 3.205505484840689
}