{
  "19": 16.539177484252388,
  "20": 16.782622037961783,
  "21": 17.019464156788523,
  "22": 17.24970384073259,
  "23": 17.473341089793998,
  "24": 17.690375903972736,
  "25": 17.900808283268812,
  "26": 18.104638227682226,
  "27": 18.301865737212978,
  "28": 18.49249081186106,
  "29": 18.67651345162648,
  "30": 18.853933656509234,
  "31": 19.024751426509326,
  "32": 19.18896676162676,
  "33": 19.34657966186152,
  "34": 19.497590127213616,
  "35": 19.64199815768305,
  "36": 19.77980375326982,
  "37": 19.911006913973925,
  "38": 20.03560763979537,
  "39": 20.153605930734148,
  "40": 20.26500178679026,
  "41": 20.36979520796371,
  "42": 20.467986194254493,
  "43": 20.559574745662612,
  "44": 20.644560862188072,
  "45": 20.722944543830863,
  "46": 20.794725790590988,
  "47": 20.85990460246845,
  "48": 20.91848097946325,
  "49": 20.970454921575385,
  "50": 21.015826428804857,
  "51": 21.054595501151663,
  "52": 21.086762138615804,
  "53": 21.11232634119728,
  "54": 21.131288108896094,
  "55": 21.143647441712243,
  "56": 21.14940433964573,
  "57": 21.148558802696552,
  "58": 21.141110830864708,
  "59": 21.127060424150198,
  "60": 21.106407582553025,
  "61": 21.079152306073187,
  "62": 21.045294594710686,
  "63": 21.00483444846552,
  "64": 20.95777186733769,
  "65": 20.904106851327203,
  "66": 20.843839400434046,
  "67": 20.776969514658223,
  "68": 20.703497193999734,
  "69": 20.623422438458583,
  "70": 20.53674524803477,
  "71": 20.44346562272829,
  "72": 20.343583562539145,
  "73": 20.237099067467337,
  "74": 20.124012137512864,
  "75": 20.004322772675728,
  "76": 19.878030972955933,
  "77": 19.745136738353466,
  "78": 19.605640068868336,
  "79": 19.459540964500544,
  "80": 19.306839425250086
}