{
  "19": 0.04358111753909557,
  "20": 0.04480520915944107,
  "21": 0.04599027482622215,
  "22": 0.04713631453943881,
  "23": 0.04824332829909106,
  "24": 0.04931131610517889,
  "25": 0.0503402779577023,
  "26": 0.051330213856661304,
  "27": 0.05228112380205588,
  "28": 0.05319300779388604,
  "29": 0.054065865832151776,
  "30": 0.0548996979168531,
  "31": 0.05569450404799001,
  "32": 0.05645028422556249,
  "33": 0.057167038449570565,
  "34": 0.057844766720014214,
  "35": 0.058483469036893464,
  "36": 0.05908314540020828,
  "37": 0.059643795809958676,
  "38": 0.06016542026614466,
  "39": 0.06064801876876622,
  "40": 0.06109159131782337,
  "41": 0.061496137913316096,
  "42": 0.06186165855524443,
  "43": 0.06218815324360832,
  "44": 0.062475621978407794,
  "45": 0.06272406475964286,
  "46": 0.06293348158731349,
  "47": 0.06310387246141971,
  "48": 0.06323523738196152,
  "49": 0.06332757634893892,
  "50": 0.06338088936235188,
  "51": 0.06339517642220045,
  "52": 0.06337043752848458,
  "53": 0.0633066726812043,
  "54": 0.0632038818803596,
  "55": 0.06306206512595049,
  "56": 0.06288122241797695,
  "57": 0.06266135375643901,
  "58": 0.06240245914133664,
  "59": 0.06210453857266985,
  "60": 0.06176759205043864,
  "61": 0.06139161957464302,
  "62": 0.06097662114528298,
  "63": 0.06052259676235852,
  "64": 0.06002954642586965,
  "65": 0.059497470135816355,
  "66": 0.05892636789219864,
  "67": 0.058316239695016515,
  "68": 0.05766708554426997,
  "69": 0.056978905439959,
  "70": 0.05625169938208365,
  "71": 0.05548546737064385,
  "72": 0.05468020940563963,
  "73": 0.053835925487071,
  "74": 0.05295261561493795,
  "75": 0.052030279789240484,
  "76": 0.05106891800997859,
  "77": 0.05006853027715229,
  "78": 0.04902911659076157,
  "79": 0.04795067695080643,
  "80": 0.04683321135728687
}