{
  "19": 5.83336652951168,
  "20": 5.8620852203360165,
  "21": 5.890803911160353,
  "22": 5.91952260198469,
  "23": 5.948241292809027,
  "24": 5.976959983633364,
  "25": 6.005678674457701,
  "26": 6.034397365282038,
  "27": 6.063116056106375,
  "28": 6.0918347469307115,
  "29": 6.120553437755048,
  "30": 6.149272128579385,
  "31": 6.177990819403722,
  "32": 6.206709510228059,
  "33": 6.235428201052396,
  "34": 6.264146891876733,
  "35": 6.2928655827010695,
  "36": 6.321584273525406,
  "37": 6.350302964349743,
  "38": 6.37902165517408,
  "39": 6.407740345998417,
  "40": 6.436459036822754,
  "41": 6.465177727647091,
  "42": 6.493896418471428,
  "43": 6.5226151092957645,
  "44": 6.551333800120101,
  "45": 6.580052490944438,
  "46": 6.608771181768775,
  "47": 6.637489872593112,
  "48": 6.666208563417449,
  "49": 6.694927254241787,
  "50": 6.7236459450661235,
  "51": 6.75236463589046,
  "52": 6.781083326714797,
  "53": 6.809802017539134,
  "54": 6.838520708363471,
  "55": 6.867239399187808,
  "56": 6.895958090012145,
  "57": 6.9246767808364815,
  "58": 6.953395471660818,
  "59": 6.982114162485155,
  "60": 7.010832853309492,
  "61": 7.039551544133829,
  "62": 7.068270234958166,
  "63": 7.096988925782503,
  "64": 7.12570761660684,
  "65": 7.1544263074311765,
  "66": 7.183144998255513,
  "67": 7.21186368907985,
  "68": 7.240582379904187,
  "69": 7.269301070728524,
  "70": 7.298019761552861,
  "71": 7.326738452377198,
  "72": 7.3554571432015345,
  "73": 7.384175834025871,
  "74": 7.412894524850208,
  "75": 7.441613215674545,
  "76": 7.470331906498882,
  "77": 7.499050597323219,
  "78": 7.527769288147556,
  "79": 7.556487978971893,
  "80": 7.58520666979623
}