{
  "19": 90.88748307692308,
  "20": 90.88748307692308,
  "21": 90.88748307692308,
  "22": 90.88748307692308,
  "23": 90.88748307692308,
  "24": 90.88748307692308,
  "25": 90.88748307692308,
  "26": 90.88748307692308,
  "27": 90.88748307692308,
  "28": 90.88748307692308,
  "29": 90.88748307692308,
  "30": 90.88748307692308,
  "31": 90.88748307692308,
  "32": 90.88748307692308,
  "33": 90.88748307692308,
  "34": 90.88748307692308,
  "35": 90.88748307692308,
  "36": 90.88748307692308,
  "37": 90.88748307692308,
  "38": 90.88748307692308,
  "39": 90.88748307692308,
  "40": 90.88748307692308,
  "41": 90.88748307692308,
  "42": 90.88748307692308,
  "43": 90.88748307692308,
  "44": 90.88748307692308,
  "45": 90.88748307692308,
  "46": 90.88748307692308,
  "47": 90.88748307692308,
  "48": 90.88748307692308,
  "49": 90.88748307692308,
  "50": 90.88748307692308,
  "51": 90.88748307692308,
  "52": 90.88748307692308,
  "53": 90.88748307692308,
  "54": 90.88748307692308,
  "55": 90.88748307692308,
  "56": 90.88748307692308,
  "57": 90.88748307692308,
  "58": 90.88748307692308,
  "59": 90.88748307692308,
  "60": 90.88748307692308,
  "61": 90.88748307692308,
  "62": 90.88748307692308,
  "63": 90.88748307692308,
  "64": 90.88748307692308,
  "65": 90.88748307692308,
  "66": 90.88748307692308,
  "67": 90.88748307692308,
  "68": 90.88748307692308,
  "69": 90.88748307692308,
  "70": 90.88748307692308,
  "71": 90.88748307692308,
  "72": 90.88748307692308,
  "73": 90.88748307692308,
  "74": 90.88748307692308,
  "75": 90.88748307692308,
  "76": 90.88748307692308,
  "77": 90.88748307692308,
  "78": 90.88748307692308,
  "79": 90.88748307692308,
  "80": 90.88748307692308
}