{
  "19": 14.277692976526119,
  "20": 14.26830717449902,
  "21": 14.258440049291044,
  "22": 14.24809160090219,
  "23": 14.23726182933246,
  "24": 14.225950734581854,
  "25": 14.21415831665037,
  "26": 14.201884575538008,
  "27": 14.18912951124477,
  "28": 14.175893123770656,
  "29": 14.162175413115666,
  "30": 14.147976379279797,
  "31": 14.133296022263051,
  "32": 14.11813434206543,
  "33": 14.10249133868693,
  "34": 14.086367012127555,
  "35": 14.069761362387302,
  "36": 14.052674389466173,
  "37": 14.035106093364165,
  "38": 14.017056474081281,
  "39": 13.998525531617522,
  "40": 13.979513265972884,
  "41": 13.96001967714737,
  "42": 13.940044765140978,
  "43": 13.91958852995371,
  "44": 13.898650971585566,
  "45": 13.877232090036545,
  "46": 13.855331885306645,
  "47": 13.83295035739587,
  "48": 13.810087506304217,
  "49": 13.786743332031689,
  "50": 13.762917834578282,
  "51": 13.738611013943999,
  "52": 13.713822870128839,
  "53": 13.688553403132802,
  "54": 13.662802612955888,
  "55": 13.636570499598099,
  "56": 13.609857063059431,
  "57": 13.582662303339886,
  "58": 13.554986220439465,
  "59": 13.526828814358167,
  "60": 13.498190085095992,
  "61": 13.469070032652938,
  "62": 13.43946865702901,
  "63": 13.409385958224204,
  "64": 13.378821936238522,
  "65": 13.347776591071963,
  "66": 13.316249922724525,
  "67": 13.284241931196213,
  "68": 13.251752616487023,
  "69": 13.218781978596954,
  "70": 13.185330017526011,
  "71": 13.15139673327419,
  "72": 13.116982125841492,
  "73": 13.082086195227918,
  "74": 13.046708941433465,
  "75": 13.010850364458138,
  "76": 12.974510464301932,
  "77": 12.937689240964849,
  "78": 12.90038669444689,
  "79": 12.862602824748054,
  "80": 12.82433763186834
}