{
  "19": 1.8936073293501943,
  "20": 1.8892579672042846,
  "21": 1.884908605058375,
  "22": 1.8805592429124656,
  "23": 1.876209880766556,
  "24": 1.8718605186206463,
  "25": 1.8675111564747366,
  "26": 1.863161794328827,
  "27": 1.8588124321829174,
  "28": 1.8544630700370077,
  "29": 1.850113707891098,
  "30": 1.8457643457451887,
  "31": 1.841414983599279,
  "32": 1.8370656214533694,
  "33": 1.8327162593074597,
  "34": 1.82836689716155,
  "35": 1.8240175350156405,
  "36": 1.8196681728697308,
  "37": 1.8153188107238212,
  "38": 1.8109694485779115,
  "39": 1.8066200864320021,
  "40": 1.8022707242860925,
  "41": 1.7979213621401828,
  "42": 1.7935719999942732,
  "43": 1.7892226378483636,
  "44": 1.784873275702454,
  "45": 1.7805239135565443,
  "46": 1.7761745514106346,
  "47": 1.7718251892647252,
  "48": 1.7674758271188156,
  "49": 1.763126464972906,
  "50": 1.7587771028269963,
  "51": 1.7544277406810866,
  "52": 1.750078378535177,
  "53": 1.7457290163892674,
  "54": 1.7413796542433577,
  "55": 1.737030292097448,
  "56": 1.7326809299515387,
  "57": 1.728331567805629,
  "58": 1.7239822056597194,
  "59": 1.7196328435138097,
  "60": 1.7152834813679,
  "61": 1.7109341192219905,
  "62": 1.7065847570760808,
  "63": 1.7022353949301712,
  "64": 1.6978860327842615,
  "65": 1.6935366706383521,
  "66": 1.6891873084924425,
  "67": 1.6848379463465328,
  "68": 1.6804885842006232,
  "69": 1.6761392220547136,
  "70": 1.671789859908804,
  "71": 1.6674404977628943,
  "72": 1.6630911356169846,
  "73": 1.6587417734710752,
  "74": 1.6543924113251656,
  "75": 1.650043049179256,
  "76": 1.6456936870333463,
  "77": 1.6413443248874366,
  "78": 1.636994962741527,
  "79": 1.6326456005956174,
  "80": 1.6282962384497077
}