{
  "19": 0.9271361002063074,
  "20": 0.929369685671414,
  "21": 0.9315240684407818,
  "22": 0.9335992485144109,
  "23": 0.9355952258923009,
  "24": 0.9375120005744523,
  "25": 0.9393495725608648,
  "26": 0.9411079418515385,
  "27": 0.9427871084464733,
  "28": 0.9443870723456692,
  "29": 0.9459078335491263,
  "30": 0.9473493920568447,
  "31": 0.9487117478688241,
  "32": 0.9499949009850647,
  "33": 0.9511988514055665,
  "34": 0.9523235991303294,
  "35": 0.9533691441593536,
  "36": 0.9543354864926389,
  "37": 0.955222626130185,
  "38": 0.9560305630719927,
  "39": 0.9567592973180614,
  "40": 0.9574088288683914,
  "41": 0.9579791577229825,
  "42": 0.9584702838818348,
  "43": 0.958882207344948,
  "44": 0.9592149281123226,
  "45": 0.9594684461839583,
  "46": 0.9596427615598553,
  "47": 0.9597378742400133,
  "48": 0.9597537842244326,
  "49": 0.9596904915131127,
  "50": 0.9595479961060543,
  "51": 0.9593262980032571,
  "52": 0.9590253972047209,
  "53": 0.9586452937104459,
  "54": 0.9581859875204322,
  "55": 0.9576474786346794,
  "56": 0.9570297670531879,
  "57": 0.9563328527759576,
  "58": 0.9555567358029884,
  "59": 0.9547014161342805,
  "60": 0.9537668937698336,
  "61": 0.9527531687096478,
  "62": 0.9516602409537233,
  "63": 0.95048811050206,
  "64": 0.9492367773546577,
  "65": 0.9479062415115168,
  "66": 0.9464965029726369,
  "67": 0.9450075617380183,
  "68": 0.9434394178076605,
  "69": 0.9417920711815642,
  "70": 0.9400655218597289,
  "71": 0.938259769842155,
  "72": 0.936374815128842,
  "73": 0.9344106577197904,
  "74": 0.9323672976149996,
  "75": 0.9302447348144702,
  "76": 0.928042969318202,
  "77": 0.9257620011261949,
  "78": 0.923401830238449,
  "79": 0.9209624566549642,
  "80": 0.9184438803757404
}