{
  "19": 2.1917262172033714,
  "20": 2.2162100145192736,
  "21": 2.240693811835176,
  "22": 2.2651776091510776,
  "23": 2.28966140646698,
  "24": 2.314145203782882,
  "25": 2.3386290010987842,
  "26": 2.3631127984146865,
  "27": 2.3875965957305887,
  "28": 2.412080393046491,
  "29": 2.436564190362393,
  "30": 2.4610479876782954,
  "31": 2.4855317849941976,
  "32": 2.5100155823101,
  "33": 2.534499379626002,
  "34": 2.5589831769419042,
  "35": 2.5834669742578065,
  "36": 2.6079507715737087,
  "37": 2.632434568889611,
  "38": 2.656918366205513,
  "39": 2.6814021635214154,
  "40": 2.7058859608373176,
  "41": 2.73036975815322,
  "42": 2.754853555469122,
  "43": 2.779337352785024,
  "44": 2.803821150100926,
  "45": 2.8283049474168283,
  "46": 2.8527887447327305,
  "47": 2.8772725420486327,
  "48": 2.901756339364535,
  "49": 2.926240136680437,
  "50": 2.9507239339963394,
  "51": 2.9752077313122416,
  "52": 2.999691528628144,
  "53": 3.024175325944046,
  "54": 3.0486591232599483,
  "55": 3.0731429205758505,
  "56": 3.0976267178917527,
  "57": 3.122110515207655,
  "58": 3.146594312523557,
  "59": 3.1710781098394594,
  "60": 3.1955619071553616,
  "61": 3.220045704471264,
  "62": 3.244529501787166,
  "63": 3.2690132991030683,
  "64": 3.29349709641897,
  "65": 3.3179808937348723,
  "66": 3.3424646910507745,
  "67": 3.3669484883666767,
  "68": 3.391432285682579,
  "69": 3.415916082998481,
  "70": 3.4403998803143834,
  "71": 3.4648836776302856,
  "72": 3.489367474946188,
  "73": 3.51385127226209,
  "74": 3.5383350695779923,
  "75": 3.5628188668938945,
  "76": 3.5873026642097967,
  "77": 3.611786461525699,
  "78": 3.636270258841601,
  "79": 3.6607540561575034,
  "80": 3.6852378534734056
}