{
  "19": 10721.858818892013,
  "20": 10705.240581580125,
  "21": 10688.622344268237,
  "22": 10672.00410695635,
  "23": 10655.385869644462,
  "24": 10638.767632332576,
  "25": 10622.149395020686,
  "26": 10605.531157708798,
  "27": 10588.912920396911,
  "28": 10572.294683085023,
  "29": 10555.676445773137,
  "30": 10539.058208461249,
  "31": 10522.43997114936,
  "32": 10505.821733837472,
  "33": 10489.203496525584,
  "34": 10472.585259213698,
  "35": 10455.96702190181,
  "36": 10439.348784589922,
  "37": 10422.730547278034,
  "38": 10406.112309966147,
  "39": 10389.494072654259,
  "40": 10372.875835342371,
  "41": 10356.257598030485,
  "42": 10339.639360718595,
  "43": 10323.021123406708,
  "44": 10306.40288609482,
  "45": 10289.784648782934,
  "46": 10273.166411471046,
  "47": 10256.548174159157,
  "48": 10239.92993684727,
  "49": 10223.311699535381,
  "50": 10206.693462223495,
  "51": 10190.075224911607,
  "52": 10173.45698759972,
  "53": 10156.83875028783,
  "54": 10140.220512975944,
  "55": 10123.602275664056,
  "56": 10106.98403835217,
  "57": 10090.365801040281,
  "58": 10073.747563728391,
  "59": 10057.129326416505,
  "60": 10040.511089104617,
  "61": 10023.89285179273,
  "62": 10007.274614480843,
  "63": 9990.656377168956,
  "64": 9974.038139857066,
  "65": 9957.419902545178,
  "66": 9940.801665233292,
  "67": 9924.183427921404,
  "68": 9907.565190609517,
  "69": 9890.946953297627,
  "70": 9874.328715985741,
  "71": 9857.710478673853,
  "72": 9841.092241361965,
  "73": 9824.474004050078,
  "74": 9807.85576673819,
  "75": 9791.237529426302,
  "76": 9774.619292114414,
  "77": 9758.001054802528,
  "78": 9741.38281749064,
  "79": 9724.764580178753,
  "80": 9708.146342866863
}