{
  "19": 6.423417467454634,
  "20": 6.403973051964092,
  "21": 6.384576427429711,
  "22": 6.365227593851492,
  "23": 6.345926551229432,
  "24": 6.326673299563534,
  "25": 6.307467838853796,
  "26": 6.288310169100219,
  "27": 6.269200290302803,
  "28": 6.250138202461548,
  "29": 6.231123905576452,
  "30": 6.212157399647518,
  "31": 6.1932386846747445,
  "32": 6.174367760658132,
  "33": 6.1555446275976795,
  "34": 6.136769285493388,
  "35": 6.118041734345257,
  "36": 6.099361974153288,
  "37": 6.080730004917478,
  "38": 6.06214582663783,
  "39": 6.043609439314342,
  "40": 6.0251208429470156,
  "41": 6.0066800375358484,
  "42": 5.988287023080844,
  "43": 5.969941799581997,
  "44": 5.951644367039314,
  "45": 5.93339472545279,
  "46": 5.915192874822428,
  "47": 5.897038815148226,
  "48": 5.8789325464301845,
  "49": 5.860874068668303,
  "50": 5.842863381862584,
  "51": 5.824900486013024,
  "52": 5.806985381119626,
  "53": 5.789118067182388,
  "54": 5.771298544201311,
  "55": 5.7535268121763945,
  "56": 5.735802871107639,
  "57": 5.718126720995043,
  "58": 5.700498361838609,
  "59": 5.682917793638335,
  "60": 5.665385016394223,
  "61": 5.647900030106271,
  "62": 5.630462834774479,
  "63": 5.613073430398849,
  "64": 5.595731816979379,
  "65": 5.57843799451607,
  "66": 5.5611919630089215,
  "67": 5.543993722457933,
  "68": 5.526843272863107,
  "69": 5.509740614224439,
  "70": 5.492685746541935,
  "71": 5.475678669815589,
  "72": 5.458719384045405,
  "73": 5.441807889231381,
  "74": 5.424944185373518,
  "75": 5.408128272471816,
  "76": 5.391360150526276,
  "77": 5.374639819536894,
  "78": 5.357967279503675,
  "79": 5.341342530426615,
  "80": 5.324765572305717
}