{
  "19": 0.07309668023507224,
  "20": 0.07403853684094504,
  "21": 0.07495432265639856,
  "22": 0.07584403768143286,
  "23": 0.0767076819160479,
  "24": 0.07754525536024372,
  "25": 0.07835675801402027,
  "26": 0.07914218987737759,
  "27": 0.07990155095031566,
  "28": 0.08063484123283447,
  "29": 0.08134206072493405,
  "30": 0.08202320942661437,
  "31": 0.08267828733787547,
  "32": 0.0833072944587173,
  "33": 0.0839102307891399,
  "34": 0.08448709632914325,
  "35": 0.08503789107872735,
  "36": 0.0855626150378922,
  "37": 0.0860612682066378,
  "38": 0.08653385058496417,
  "39": 0.08698036217287129,
  "40": 0.08740080297035915,
  "41": 0.0877951729774278,
  "42": 0.08816347219407716,
  "43": 0.0885057006203073,
  "44": 0.08882185825611819,
  "45": 0.08911194510150984,
  "46": 0.08937596115648223,
  "47": 0.08961390642103538,
  "48": 0.08982578089516928,
  "49": 0.09001158457888395,
  "50": 0.09017131747217937,
  "51": 0.09030497957505552,
  "52": 0.09041257088751245,
  "53": 0.09049409140955011,
  "54": 0.09054954114116856,
  "55": 0.09057892008236776,
  "56": 0.09058222823314767,
  "57": 0.09055946559350837,
  "58": 0.09051063216344983,
  "59": 0.09043572794297203,
  "60": 0.09033475293207499,
  "61": 0.09020770713075871,
  "62": 0.09005459053902315,
  "63": 0.08987540315686839,
  "64": 0.08967014498429438,
  "65": 0.08943881602130108,
  "66": 0.08918141626788857,
  "67": 0.08889794572405679,
  "68": 0.0885884043898058,
  "69": 0.08825279226513555,
  "70": 0.08789110935004603,
  "71": 0.08750335564453729,
  "72": 0.0870895311486093,
  "73": 0.08664963586226206,
  "74": 0.08618366978549558,
  "75": 0.08569163291830986,
  "76": 0.08517352526070486,
  "77": 0.08462934681268065,
  "78": 0.08405909757423717,
  "79": 0.08346277754537447,
  "80": 0.08284038672609251
}