{
  "19": 0.008852347872270227,
  "20": 0.009060553982499452,
  "21": 0.009263818465851989,
  "22": 0.009462141322327838,
  "23": 0.009655522551926999,
  "24": 0.009843962154649472,
  "25": 0.010027460130495257,
  "26": 0.010206016479464354,
  "27": 0.010379631201556763,
  "28": 0.010548304296772485,
  "29": 0.010712035765111516,
  "30": 0.010870825606573861,
  "31": 0.01102467382115952,
  "32": 0.011173580408868488,
  "33": 0.01131754536970077,
  "34": 0.011456568703656363,
  "35": 0.011590650410735268,
  "36": 0.011719790490937484,
  "37": 0.011843988944263013,
  "38": 0.011963245770711855,
  "39": 0.012077560970284005,
  "40": 0.012186934542979474,
  "41": 0.012291366488798248,
  "42": 0.01239085680774034,
  "43": 0.01248540549980574,
  "44": 0.012575012564994456,
  "45": 0.012659678003306479,
  "46": 0.012739401814741815,
  "47": 0.012814183999300465,
  "48": 0.012884024556982425,
  "49": 0.0129489234877877,
  "50": 0.013008880791716285,
  "51": 0.013063896468768184,
  "52": 0.01311397051894339,
  "53": 0.013159102942241912,
  "54": 0.013199293738663747,
  "55": 0.01323454290820889,
  "56": 0.01326485045087735,
  "57": 0.013290216366669117,
  "58": 0.013310640655584197,
  "59": 0.013326123317622592,
  "60": 0.013336664352784296,
  "61": 0.013342263761069315,
  "62": 0.013342921542477643,
  "63": 0.013338637697009288,
  "64": 0.01332941222466424,
  "65": 0.013315245125442503,
  "66": 0.013296136399344082,
  "67": 0.01327208604636897,
  "68": 0.013243094066517174,
  "69": 0.013209160459788686,
  "70": 0.013170285226183513,
  "71": 0.01312646836570165,
  "72": 0.013077709878343098,
  "73": 0.013024009764107862,
  "74": 0.012965368022995933,
  "75": 0.01290178465500732,
  "76": 0.012833259660142017,
  "77": 0.012759793038400025,
  "78": 0.012681384789781348,
  "79": 0.01259803491428598,
  "80": 0.012509743411913927
}