{
  "19": 13.316822307591961,
  "20": 13.603238365224488,
  "21": 13.889654422857017,
  "22": 14.176070480489546,
  "23": 14.462486538122073,
  "24": 14.748902595754602,
  "25": 15.035318653387131,
  "26": 15.321734711019658,
  "27": 15.608150768652187,
  "28": 15.894566826284716,
  "29": 16.180982883917245,
  "30": 16.467398941549774,
  "31": 16.7538149991823,
  "32": 17.04023105681483,
  "33": 17.326647114447358,
  "34": 17.613063172079887,
  "35": 17.899479229712416,
  "36": 18.185895287344945,
  "37": 18.47231134497747,
  "38": 18.75872740261,
  "39": 19.045143460242528,
  "40": 19.331559517875057,
  "41": 19.617975575507586,
  "42": 19.904391633140115,
  "43": 20.190807690772644,
  "44": 20.47722374840517,
  "45": 20.7636398060377,
  "46": 21.050055863670227,
  "47": 21.336471921302756,
  "48": 21.622887978935285,
  "49": 21.909304036567814,
  "50": 22.19572009420034,
  "51": 22.48213615183287,
  "52": 22.768552209465398,
  "53": 23.054968267097927,
  "54": 23.341384324730456,
  "55": 23.627800382362985,
  "56": 23.914216439995513,
  "57": 24.20063249762804,
  "58": 24.487048555260568,
  "59": 24.773464612893097,
  "60": 25.059880670525626,
  "61": 25.346296728158155,
  "62": 25.632712785790684,
  "63": 25.91912884342321,
  "64": 26.205544901055738,
  "65": 26.491960958688267,
  "66": 26.778377016320796,
  "67": 27.064793073953325,
  "68": 27.351209131585854,
  "69": 27.63762518921838,
  "70": 27.92404124685091,
  "71": 28.210457304483437,
  "72": 28.496873362115966,
  "73": 28.783289419748495,
  "74": 29.069705477381024,
  "75": 29.356121535013553,
  "76": 29.64253759264608,
  "77": 29.928953650278608,
  "78": 30.215369707911137,
  "79": 30.501785765543666,
  "80": 30.788201823176195
}