{
  "19": 7.767326748243416,
  "20": 7.758530198780249,
  "21": 7.749282544216406,
  "22": 7.739583784551887,
  "23": 7.729433919786694,
  "24": 7.7188329499208255,
  "25": 7.707780874954281,
  "26": 7.696277694887062,
  "27": 7.684323409719167,
  "28": 7.671918019450597,
  "29": 7.659061524081352,
  "30": 7.645753923611431,
  "31": 7.631995218040836,
  "32": 7.617785407369564,
  "33": 7.603124491597618,
  "34": 7.588012470724997,
  "35": 7.5724493447517,
  "36": 7.556435113677728,
  "37": 7.539969777503081,
  "38": 7.523053336227758,
  "39": 7.50568578985176,
  "40": 7.487867138375087,
  "41": 7.469597381797739,
  "42": 7.4508765201197145,
  "43": 7.4317045533410155,
  "44": 7.412081481461642,
  "45": 7.392007304481592,
  "46": 7.371482022400867,
  "47": 7.350505635219467,
  "48": 7.329078142937392,
  "49": 7.307199545554641,
  "50": 7.284869843071215,
  "51": 7.262089035487114,
  "52": 7.2388571228023375,
  "53": 7.215174105016886,
  "54": 7.191039982130759,
  "55": 7.166454754143957,
  "56": 7.141418421056479,
  "57": 7.115930982868327,
  "58": 7.089992439579499,
  "59": 7.063602791189996,
  "60": 7.036762037699817,
  "61": 7.0094701791089635,
  "62": 6.981727215417434,
  "63": 6.9535331466252295,
  "64": 6.92488797273235,
  "65": 6.895791693738795,
  "66": 6.866244309644565,
  "67": 6.836245820449659,
  "68": 6.8057962261540785,
  "69": 6.774895526757823,
  "70": 6.743543722260892,
  "71": 6.711740812663285,
  "72": 6.679486797965003,
  "73": 6.646781678166046,
  "74": 6.613625453266414,
  "75": 6.580018123266107,
  "76": 6.545959688165123,
  "77": 6.511450147963465,
  "78": 6.476489502661131,
  "79": 6.441077752258123,
  "80": 6.405214896754439
}