{
  "19": 6.388195675490664,
  "20": 6.516392613447782,
  "21": 6.642193926471053,
  "22": 6.765599614560474,
  "23": 6.886609677716047,
  "24": 7.0052241159377715,
  "25": 7.121442929225648,
  "26": 7.235266117579676,
  "27": 7.346693680999855,
  "28": 7.455725619486185,
  "29": 7.562361933038667,
  "30": 7.6666026216573,
  "31": 7.768447685342085,
  "32": 7.867897124093023,
  "33": 7.964950937910111,
  "34": 8.059609126793351,
  "35": 8.151871690742741,
  "36": 8.241738629758284,
  "37": 8.329209943839977,
  "38": 8.414285632987824,
  "39": 8.496965697201821,
  "40": 8.57725013648197,
  "41": 8.65513895082827,
  "42": 8.73063214024072,
  "43": 8.803729704719323,
  "44": 8.874431644264078,
  "45": 8.942737958874986,
  "46": 9.008648648552043,
  "47": 9.072163713295252,
  "48": 9.133283153104612,
  "49": 9.192006967980124,
  "50": 9.248335157921789,
  "51": 9.302267722929603,
  "52": 9.35380466300357,
  "53": 9.40294597814369,
  "54": 9.449691668349958,
  "55": 9.49404173362238,
  "56": 9.535996173960951,
  "57": 9.575554989365676,
  "58": 9.612718179836552,
  "59": 9.64748574537358,
  "60": 9.679857685976758,
  "61": 9.709834001646088,
  "62": 9.73741469238157,
  "63": 9.762599758183203,
  "64": 9.785389199050986,
  "65": 9.805783014984925,
  "66": 9.823781205985012,
  "67": 9.839383772051251,
  "68": 9.852590713183641,
  "69": 9.863402029382183,
  "70": 9.871817720646877,
  "71": 9.877837786977723,
  "72": 9.881462228374719,
  "73": 9.882691044837866,
  "74": 9.881524236367166,
  "75": 9.87796180296262,
  "76": 9.872003744624221,
  "77": 9.863650061351976,
  "78": 9.85290075314588,
  "79": 9.839755820005939,
  "80": 9.824215261932146
}