{
  "19": 38.62599888236667,
  "20": 39.07357802493741,
  "21": 39.51261732252858,
  "22": 39.94311677514017,
  "23": 40.3650763827722,
  "24": 40.77849614542465,
  "25": 41.18337606309753,
  "26": 41.57971613579084,
  "27": 41.96751636350458,
  "28": 42.34677674623874,
  "29": 42.71749728399334,
  "30": 43.07967797676836,
  "31": 43.43331882456381,
  "32": 43.77841982737969,
  "33": 44.11498098521599,
  "34": 44.443002298072734,
  "35": 44.7624837659499,
  "36": 45.0734253888475,
  "37": 45.37582716676552,
  "38": 45.66968909970397,
  "39": 45.95501118766285,
  "40": 46.23179343064216,
  "41": 46.50003582864189,
  "42": 46.75973838166207,
  "43": 47.01090108970266,
  "44": 47.25352395276368,
  "45": 47.48760697084513,
  "46": 47.71315014394701,
  "47": 47.930153472069314,
  "48": 48.13861695521206,
  "49": 48.33854059337522,
  "50": 48.52992438655881,
  "51": 48.712768334762835,
  "52": 48.887072437987285,
  "53": 49.05283669623216,
  "54": 49.21006110949747,
  "55": 49.35874567778321,
  "56": 49.49889040108937,
  "57": 49.63049527941597,
  "58": 49.753560312762986,
  "59": 49.868085501130444,
  "60": 49.97407084451832,
  "61": 50.07151634292662,
  "62": 50.16042199635536,
  "63": 50.240787804804526,
  "64": 50.312613768274126,
  "65": 50.37589988676414,
  "66": 50.43064616027459,
  "67": 50.47685258880547,
  "68": 50.51451917235677,
  "69": 50.54364591092851,
  "70": 50.56423280452068,
  "71": 50.57627985313327,
  "72": 50.579787056766286,
  "73": 50.57475441541974,
  "74": 50.56118192909362,
  "75": 50.53906959778793,
  "76": 50.50841742150266,
  "77": 50.469225400237825,
  "78": 50.42149353399342,
  "79": 50.36522182276944,
  "80": 50.30041026656588
}