{
  "19": 0.15510139138310783,
  "20": 0.1564863856316491,
  "21": 0.15787137988019037,
  "22": 0.15925637412873164,
  "23": 0.16064136837727291,
  "24": 0.16202636262581419,
  "25": 0.16341135687435546,
  "26": 0.16479635112289673,
  "27": 0.16618134537143803,
  "28": 0.1675663396199793,
  "29": 0.16895133386852057,
  "30": 0.17033632811706184,
  "31": 0.1717213223656031,
  "32": 0.17310631661414438,
  "33": 0.17449131086268566,
  "34": 0.17587630511122693,
  "35": 0.1772612993597682,
  "36": 0.17864629360830947,
  "37": 0.18003128785685074,
  "38": 0.18141628210539204,
  "39": 0.1828012763539333,
  "40": 0.18418627060247458,
  "41": 0.18557126485101585,
  "42": 0.18695625909955713,
  "43": 0.1883412533480984,
  "44": 0.18972624759663967,
  "45": 0.19111124184518094,
  "46": 0.1924962360937222,
  "47": 0.19388123034226348,
  "48": 0.19526622459080478,
  "49": 0.19665121883934605,
  "50": 0.19803621308788733,
  "51": 0.1994212073364286,
  "52": 0.20080620158496987,
  "53": 0.20219119583351114,
  "54": 0.2035761900820524,
  "55": 0.20496118433059368,
  "56": 0.20634617857913495,
  "57": 0.20773117282767622,
  "58": 0.2091161670762175,
  "59": 0.2105011613247588,
  "60": 0.21188615557330007,
  "61": 0.21327114982184134,
  "62": 0.2146561440703826,
  "63": 0.21604113831892388,
  "64": 0.21742613256746515,
  "65": 0.21881112681600642,
  "66": 0.2201961210645477,
  "67": 0.22158111531308897,
  "68": 0.22296610956163024,
  "69": 0.2243511038101715,
  "70": 0.2257360980587128,
  "71": 0.22712109230725408,
  "72": 0.22850608655579535,
  "73": 0.22989108080433662,
  "74": 0.2312760750528779,
  "75": 0.23266106930141917,
  "76": 0.23404606354996044,
  "77": 0.2354310577985017,
  "78": 0.23681605204704298,
  "79": 0.23820104629558425,
  "80": 0.23958604054412552
}