{
  "19": 37394.8759029437,
  "20": 37336.916090890525,
  "21": 37278.95627883734,
  "22": 37220.99646678416,
  "23": 37163.03665473098,
  "24": 37105.0768426778,
  "25": 37047.11703062462,
  "26": 36989.15721857145,
  "27": 36931.19740651826,
  "28": 36873.237594465085,
  "29": 36815.27778241191,
  "30": 36757.31797035872,
  "31": 36699.35815830555,
  "32": 36641.39834625236,
  "33": 36583.43853419919,
  "34": 36525.47872214601,
  "35": 36467.518910092826,
  "36": 36409.559098039645,
  "37": 36351.59928598647,
  "38": 36293.63947393328,
  "39": 36235.67966188011,
  "40": 36177.71984982693,
  "41": 36119.76003777375,
  "42": 36061.80022572057,
  "43": 36003.840413667385,
  "44": 35945.88060161421,
  "45": 35887.92078956103,
  "46": 35829.96097750785,
  "47": 35772.00116545467,
  "48": 35714.041353401495,
  "49": 35656.08154134831,
  "50": 35598.12172929513,
  "51": 35540.16191724195,
  "52": 35482.20210518877,
  "53": 35424.24229313559,
  "54": 35366.28248108241,
  "55": 35308.32266902923,
  "56": 35250.362856976055,
  "57": 35192.403044922874,
  "58": 35134.44323286969,
  "59": 35076.48342081652,
  "60": 35018.52360876333,
  "61": 34960.56379671016,
  "62": 34902.60398465698,
  "63": 34844.644172603796,
  "64": 34786.684360550615,
  "65": 34728.724548497434,
  "66": 34670.76473644425,
  "67": 34612.80492439108,
  "68": 34554.8451123379,
  "69": 34496.88530028472,
  "70": 34438.925488231536,
  "71": 34380.96567617836,
  "72": 34323.00586412518,
  "73": 34265.046052072,
  "74": 34207.08624001882,
  "75": 34149.12642796564,
  "76": 34091.16661591246,
  "77": 34033.20680385928,
  "78": 33975.2469918061,
  "79": 33917.28717975292,
  "80": 33859.32736769974
}