{
  "19": 3.6336365917138984,
  "20": 3.629262414913309,
  "21": 3.624888238112719,
  "22": 3.620514061312129,
  "23": 3.6161398845115396,
  "24": 3.61176570771095,
  "25": 3.6073915309103604,
  "26": 3.6030173541097703,
  "27": 3.5986431773091807,
  "28": 3.594269000508591,
  "29": 3.589894823708001,
  "30": 3.5855206469074115,
  "31": 3.581146470106822,
  "32": 3.576772293306232,
  "33": 3.572398116505642,
  "34": 3.5680239397050526,
  "35": 3.563649762904463,
  "36": 3.559275586103873,
  "37": 3.5549014093032834,
  "38": 3.5505272325026938,
  "39": 3.5461530557021037,
  "40": 3.541778878901514,
  "41": 3.5374047021009245,
  "42": 3.5330305253003345,
  "43": 3.528656348499745,
  "44": 3.5242821716991553,
  "45": 3.5199079948985657,
  "46": 3.5155338180979756,
  "47": 3.511159641297386,
  "48": 3.5067854644967964,
  "49": 3.5024112876962064,
  "50": 3.4980371108956168,
  "51": 3.493662934095027,
  "52": 3.489288757294437,
  "53": 3.4849145804938475,
  "54": 3.480540403693258,
  "55": 3.4761662268926683,
  "56": 3.4717920500920783,
  "57": 3.4674178732914887,
  "58": 3.463043696490899,
  "59": 3.458669519690309,
  "60": 3.4542953428897194,
  "61": 3.44992116608913,
  "62": 3.4455469892885398,
  "63": 3.44117281248795,
  "64": 3.4367986356873605,
  "65": 3.432424458886771,
  "66": 3.428050282086181,
  "67": 3.4236761052855913,
  "68": 3.4193019284850017,
  "69": 3.4149277516844116,
  "70": 3.410553574883822,
  "71": 3.4061793980832324,
  "72": 3.4018052212826424,
  "73": 3.397431044482053,
  "74": 3.393056867681463,
  "75": 3.3886826908808736,
  "76": 3.3843085140802835,
  "77": 3.379934337279694,
  "78": 3.3755601604791043,
  "79": 3.3711859836785143,
  "80": 3.3668118068779247
}