{
  "19": 0.025064524265437593,
  "20": 0.025452765187225643,
  "21": 0.025841006109013697,
  "22": 0.026229247030801747,
  "23": 0.0266174879525898,
  "24": 0.027005728874377855,
  "25": 0.027393969796165905,
  "26": 0.02778221071795396,
  "27": 0.02817045163974201,
  "28": 0.028558692561530062,
  "29": 0.028946933483318112,
  "30": 0.029335174405106166,
  "31": 0.029723415326894216,
  "32": 0.03011165624868227,
  "33": 0.030499897170470323,
  "34": 0.030888138092258374,
  "35": 0.031276379014046424,
  "36": 0.03166461993583448,
  "37": 0.03205286085762253,
  "38": 0.032441101779410585,
  "39": 0.03282934270119863,
  "40": 0.033217583622986685,
  "41": 0.03360582454477474,
  "42": 0.03399406546656279,
  "43": 0.034382306388350846,
  "44": 0.03477054731013889,
  "45": 0.035158788231926946,
  "46": 0.035547029153715,
  "47": 0.035935270075503054,
  "48": 0.0363235109972911,
  "49": 0.036711751919079154,
  "50": 0.03709999284086721,
  "51": 0.03748823376265526,
  "52": 0.037876474684443315,
  "53": 0.03826471560623136,
  "54": 0.038652956528019415,
  "55": 0.03904119744980747,
  "56": 0.03942943837159552,
  "57": 0.039817679293383576,
  "58": 0.04020592021517162,
  "59": 0.040594161136959676,
  "60": 0.04098240205874773,
  "61": 0.041370642980535784,
  "62": 0.04175888390232383,
  "63": 0.042147124824111884,
  "64": 0.04253536574589994,
  "65": 0.04292360666768799,
  "66": 0.043311847589476045,
  "67": 0.04370008851126409,
  "68": 0.044088329433052145,
  "69": 0.0444765703548402,
  "70": 0.04486481127662825,
  "71": 0.0452530521984163,
  "72": 0.04564129312020435,
  "73": 0.046029534041992407,
  "74": 0.04641777496378046,
  "75": 0.046806015885568514,
  "76": 0.04719425680735656,
  "77": 0.047582497729144614,
  "78": 0.04797073865093267,
  "79": 0.04835897957272072,
  "80": 0.048747220494508775
}