{
  "19": 0.633079176868167,
  "20": 0.6346318341591723,
  "21": 0.6361356748806668,
  "22": 0.6375906990326505,
  "23": 0.6389969066151233,
  "24": 0.6403542976280854,
  "25": 0.6416628720715366,
  "26": 0.6429226299454769,
  "27": 0.6441335712499064,
  "28": 0.6452956959848251,
  "29": 0.646409004150233,
  "30": 0.6474734957461299,
  "31": 0.6484891707725161,
  "32": 0.6494560292293915,
  "33": 0.6503740711167559,
  "34": 0.6512432964346097,
  "35": 0.6520637051829525,
  "36": 0.6528352973617845,
  "37": 0.6535580729711057,
  "38": 0.654232032010916,
  "39": 0.6548571744812154,
  "40": 0.6554335003820041,
  "41": 0.6559610097132819,
  "42": 0.6564397024750489,
  "43": 0.6568695786673051,
  "44": 0.6572506382900504,
  "45": 0.6575828813432849,
  "46": 0.6578663078270085,
  "47": 0.6581009177412214,
  "48": 0.6582867110859234,
  "49": 0.6584236878611145,
  "50": 0.6585118480667949,
  "51": 0.6585511917029644,
  "52": 0.658541718769623,
  "53": 0.6584834292667708,
  "54": 0.6583763231944079,
  "55": 0.658220400552534,
  "56": 0.6580156613411493,
  "57": 0.6577621055602538,
  "58": 0.6574597332098475,
  "59": 0.6571085442899303,
  "60": 0.6567085388005023,
  "61": 0.6562597167415635,
  "62": 0.6557620781131137,
  "63": 0.6552156229151532,
  "64": 0.6546203511476819,
  "65": 0.6539762628106995,
  "66": 0.6532833579042066,
  "67": 0.6525416364282027,
  "68": 0.6517510983826881,
  "69": 0.6509117437676625,
  "70": 0.6500235725831262,
  "71": 0.649086584829079,
  "72": 0.648100780505521,
  "73": 0.6470661596124521,
  "74": 0.6459827221498724,
  "75": 0.6448504681177819,
  "76": 0.6436693975161806,
  "77": 0.6424395103450683,
  "78": 0.6411608066044453,
  "79": 0.6398332862943115,
  "80": 0.6384569494146668
}