{
  "19": 4.115395562914132,
  "20": 4.216748122415981,
  "21": 4.318100681917831,
  "22": 4.4194532414196805,
  "23": 4.52080580092153,
  "24": 4.622158360423379,
  "25": 4.7235109199252285,
  "26": 4.824863479427078,
  "27": 4.926216038928928,
  "28": 5.027568598430777,
  "29": 5.128921157932627,
  "30": 5.230273717434476,
  "31": 5.331626276936325,
  "32": 5.432978836438175,
  "33": 5.534331395940025,
  "34": 5.635683955441874,
  "35": 5.737036514943723,
  "36": 5.838389074445573,
  "37": 5.939741633947422,
  "38": 6.041094193449272,
  "39": 6.1424467529511215,
  "40": 6.243799312452971,
  "41": 6.34515187195482,
  "42": 6.4465044314566695,
  "43": 6.547856990958519,
  "44": 6.649209550460369,
  "45": 6.750562109962218,
  "46": 6.851914669464068,
  "47": 6.953267228965917,
  "48": 7.054619788467766,
  "49": 7.155972347969616,
  "50": 7.257324907471466,
  "51": 7.358677466973315,
  "52": 7.460030026475165,
  "53": 7.561382585977014,
  "54": 7.662735145478863,
  "55": 7.764087704980713,
  "56": 7.8654402644825625,
  "57": 7.966792823984412,
  "58": 8.06814538348626,
  "59": 8.16949794298811,
  "60": 8.27085050248996,
  "61": 8.37220306199181,
  "62": 8.47355562149366,
  "63": 8.574908180995509,
  "64": 8.676260740497359,
  "65": 8.777613299999208,
  "66": 8.878965859501058,
  "67": 8.980318419002906,
  "68": 9.081670978504755,
  "69": 9.183023538006605,
  "70": 9.284376097508455,
  "71": 9.385728657010304,
  "72": 9.487081216512154,
  "73": 9.588433776014003,
  "74": 9.689786335515853,
  "75": 9.791138895017703,
  "76": 9.892491454519552,
  "77": 9.993844014021402,
  "78": 10.095196573523252,
  "79": 10.1965491330251,
  "80": 10.297901692526949
}