{
  "19": 6.831204758532031,
  "20": 6.823476649501752,
  "21": 6.815748540471473,
  "22": 6.808020431441195,
  "23": 6.8002923224109155,
  "24": 6.792564213380637,
  "25": 6.784836104350358,
  "26": 6.77710799532008,
  "27": 6.7693798862898005,
  "28": 6.761651777259522,
  "29": 6.753923668229243,
  "30": 6.746195559198964,
  "31": 6.7384674501686845,
  "32": 6.730739341138406,
  "33": 6.723011232108128,
  "34": 6.715283123077849,
  "35": 6.70755501404757,
  "36": 6.699826905017291,
  "37": 6.692098795987013,
  "38": 6.684370686956734,
  "39": 6.676642577926455,
  "40": 6.668914468896176,
  "41": 6.661186359865898,
  "42": 6.653458250835618,
  "43": 6.645730141805339,
  "44": 6.63800203277506,
  "45": 6.630273923744782,
  "46": 6.622545814714503,
  "47": 6.614817705684224,
  "48": 6.607089596653946,
  "49": 6.599361487623667,
  "50": 6.5916333785933885,
  "51": 6.583905269563109,
  "52": 6.576177160532831,
  "53": 6.568449051502552,
  "54": 6.5607209424722726,
  "55": 6.552992833441993,
  "56": 6.545264724411715,
  "57": 6.537536615381436,
  "58": 6.5298085063511575,
  "59": 6.522080397320878,
  "60": 6.5143522882906,
  "61": 6.506624179260321,
  "62": 6.4988960702300425,
  "63": 6.491167961199763,
  "64": 6.483439852169485,
  "65": 6.475711743139207,
  "66": 6.4679836341089265,
  "67": 6.460255525078648,
  "68": 6.452527416048369,
  "69": 6.444799307018091,
  "70": 6.4370711979878115,
  "71": 6.429343088957533,
  "72": 6.421614979927254,
  "73": 6.413886870896976,
  "74": 6.406158761866696,
  "75": 6.398430652836418,
  "76": 6.390702543806139,
  "77": 6.382974434775861,
  "78": 6.3752463257455805,
  "79": 6.367518216715302,
  "80": 6.359790107685024
}