{
  "19": 7832.091314861433,
  "20": 7806.572237902541,
  "21": 7781.053160943648,
  "22": 7755.534083984757,
  "23": 7730.015007025865,
  "24": 7704.4959300669725,
  "25": 7678.976853108081,
  "26": 7653.457776149189,
  "27": 7627.938699190297,
  "28": 7602.419622231405,
  "29": 7576.900545272513,
  "30": 7551.381468313621,
  "31": 7525.862391354729,
  "32": 7500.343314395837,
  "33": 7474.824237436945,
  "34": 7449.305160478053,
  "35": 7423.786083519161,
  "36": 7398.267006560269,
  "37": 7372.747929601377,
  "38": 7347.228852642485,
  "39": 7321.709775683594,
  "40": 7296.190698724701,
  "41": 7270.6716217658095,
  "42": 7245.152544806918,
  "43": 7219.633467848025,
  "44": 7194.114390889134,
  "45": 7168.595313930242,
  "46": 7143.076236971349,
  "47": 7117.557160012458,
  "48": 7092.038083053566,
  "49": 7066.519006094673,
  "50": 7040.999929135782,
  "51": 7015.48085217689,
  "52": 6989.9617752179975,
  "53": 6964.442698259106,
  "54": 6938.923621300214,
  "55": 6913.4045443413215,
  "56": 6887.88546738243,
  "57": 6862.366390423538,
  "58": 6836.847313464646,
  "59": 6811.328236505754,
  "60": 6785.809159546862,
  "61": 6760.29008258797,
  "62": 6734.771005629078,
  "63": 6709.251928670186,
  "64": 6683.732851711295,
  "65": 6658.213774752402,
  "66": 6632.69469779351,
  "67": 6607.175620834619,
  "68": 6581.656543875726,
  "69": 6556.1374669168345,
  "70": 6530.618389957943,
  "71": 6505.09931299905,
  "72": 6479.5802360401585,
  "73": 6454.061159081267,
  "74": 6428.542082122374,
  "75": 6403.023005163483,
  "76": 6377.503928204591,
  "77": 6351.984851245698,
  "78": 6326.465774286807,
  "79": 6300.946697327915,
  "80": 6275.427620369022
}