{
  "19": 2.780491108143424,
  "20": 2.7817672454668547,
  "21": 2.7831088257299488,
  "22": 2.7845158489327058,
  "23": 2.7859883150751257,
  "24": 2.787526224157209,
  "25": 2.789129576178955,
  "26": 2.7907983711403643,
  "27": 2.792532609041437,
  "28": 2.7943322898821727,
  "29": 2.7961974136625716,
  "30": 2.7981279803826333,
  "31": 2.8001239900423585,
  "32": 2.8021854426417465,
  "33": 2.8043123381807975,
  "34": 2.806504676659512,
  "35": 2.808762458077889,
  "36": 2.81108568243593,
  "37": 2.8134743497336334,
  "38": 2.8159284599710004,
  "39": 2.8184480131480303,
  "40": 2.821033009264723,
  "41": 2.8236834483210793,
  "42": 2.8263993303170984,
  "43": 2.829180655252781,
  "44": 2.8320274231281264,
  "45": 2.834939633943135,
  "46": 2.8379172876978065,
  "47": 2.8409603843921416,
  "48": 2.8440689240261396,
  "49": 2.8472429065998006,
  "50": 2.8504823321131245,
  "51": 2.853787200566112,
  "52": 2.8571575119587624,
  "53": 2.8605932662910756,
  "54": 2.8640944635630525,
  "55": 2.867661103774692,
  "56": 2.871293186925995,
  "57": 2.874990713016961,
  "58": 2.87875368204759,
  "59": 2.882582094017882,
  "60": 2.8864759489278375,
  "61": 2.890435246777456,
  "62": 2.894459987566737,
  "63": 2.898550171295682,
  "64": 2.90270579796429,
  "65": 2.9069268675725604,
  "66": 2.9112133801204947,
  "67": 2.9155653356080915,
  "68": 2.9199827340353517,
  "69": 2.9244655754022753,
  "70": 2.9290138597088617,
  "71": 2.933627586955111,
  "72": 2.938306757141024,
  "73": 2.9430513702665997,
  "74": 2.9478614263318383,
  "75": 2.9527369253367404,
  "76": 2.9576778672813058,
  "77": 2.9626842521655337,
  "78": 2.9677560799894254,
  "79": 2.9728933507529796,
  "80": 2.978096064456197
}