{
  "19": 35.92403376514697,
  "20": 36.09470097263267,
  "21": 36.25995017031933,
  "22": 36.41978135820692,
  "23": 36.57419453629546,
  "24": 36.72318970458494,
  "25": 36.86676686307537,
  "26": 37.00492601176674,
  "27": 37.13766715065906,
  "28": 37.264990279752325,
  "29": 37.38689539904653,
  "30": 37.503382508541684,
  "31": 37.61445160823778,
  "32": 37.72010269813482,
  "33": 37.82033577823281,
  "34": 37.915150848531745,
  "35": 38.004547909031615,
  "36": 38.08852695973244,
  "37": 38.16708800063421,
  "38": 38.24023103173691,
  "39": 38.30795605304058,
  "40": 38.37026306454517,
  "41": 38.42715206625072,
  "42": 38.47862305815721,
  "43": 38.524676040264644,
  "44": 38.56531101257303,
  "45": 38.60052797508235,
  "46": 38.63032692779262,
  "47": 38.65470787070383,
  "48": 38.673670803815995,
  "49": 38.68721572712909,
  "50": 38.69534264064315,
  "51": 38.69805154435814,
  "52": 38.69534243827408,
  "53": 38.68721532239096,
  "54": 38.6736701967088,
  "55": 38.65470706122757,
  "56": 38.63032591594728,
  "57": 38.60052676086795,
  "58": 38.565309595989554,
  "59": 38.524674421312106,
  "60": 38.4786212368356,
  "61": 38.42715004256005,
  "62": 38.370260838485436,
  "63": 38.30795362461177,
  "64": 38.240228400939046,
  "65": 38.16708516746726,
  "66": 38.08852392419643,
  "67": 38.00454467112654,
  "68": 37.915147408257596,
  "69": 37.820332135589595,
  "70": 37.72009885312254,
  "71": 37.61444756085643,
  "72": 37.50337825879127,
  "73": 37.38689094692705,
  "74": 37.26498562526377,
  "75": 37.13766229380145,
  "76": 37.004920952540054,
  "77": 36.866761601479624,
  "78": 36.72318424062012,
  "79": 36.574188869961574,
  "80": 36.41977548950397
}