{
  "19": 11.90802688052728,
  "20": 11.90370961247854,
  "21": 11.899170946068324,
  "22": 11.894410881296634,
  "23": 11.889429418163472,
  "24": 11.884226556668834,
  "25": 11.878802296812722,
  "26": 11.873156638595137,
  "27": 11.86728958201608,
  "28": 11.861201127075546,
  "29": 11.85489127377354,
  "30": 11.848360022110057,
  "31": 11.841607372085104,
  "32": 11.834633323698675,
  "33": 11.827437876950771,
  "34": 11.820021031841396,
  "35": 11.812382788370545,
  "36": 11.804523146538221,
  "37": 11.796442106344422,
  "38": 11.78813966778915,
  "39": 11.779615830872403,
  "40": 11.770870595594184,
  "41": 11.76190396195449,
  "42": 11.752715929953322,
  "43": 11.74330649959068,
  "44": 11.733675670866564,
  "45": 11.723823443780974,
  "46": 11.71374981833391,
  "47": 11.703454794525374,
  "48": 11.692938372355362,
  "49": 11.682200551823877,
  "50": 11.671241332930917,
  "51": 11.660060715676483,
  "52": 11.648658700060576,
  "53": 11.637035286083195,
  "54": 11.62519047374434,
  "55": 11.613124263044012,
  "56": 11.600836653982208,
  "57": 11.588327646558932,
  "58": 11.575597240774181,
  "59": 11.562645436627957,
  "60": 11.549472234120257,
  "61": 11.536077633251086,
  "62": 11.52246163402044,
  "63": 11.508624236428318,
  "64": 11.494565440474725,
  "65": 11.480285246159657,
  "66": 11.465783653483113,
  "67": 11.451060662445098,
  "68": 11.436116273045608,
  "69": 11.420950485284644,
  "70": 11.405563299162205,
  "71": 11.389954714678295,
  "72": 11.374124731832909,
  "73": 11.358073350626048,
  "74": 11.341800571057716,
  "75": 11.325306393127908,
  "76": 11.308590816836626,
  "77": 11.291653842183871,
  "78": 11.274495469169642,
  "79": 11.257115697793939,
  "80": 11.23951452805676
}