{
  "19": 3.6458001765351424,
  "20": 3.7043888018564903,
  "21": 3.7616061739005793,
  "22": 3.8174522926674097,
  "23": 3.8719271581569807,
  "24": 3.925030770369293,
  "25": 3.9767631293043464,
  "26": 4.027124234962141,
  "27": 4.0761140873426775,
  "28": 4.123732686445955,
  "29": 4.1699800322719724,
  "30": 4.214856124820732,
  "31": 4.2583609640922315,
  "32": 4.300494550086473,
  "33": 4.341256882803457,
  "34": 4.380647962243181,
  "35": 4.418667788405645,
  "36": 4.455316361290851,
  "37": 4.490593680898798,
  "38": 4.524499747229488,
  "39": 4.557034560282917,
  "40": 4.588198120059087,
  "41": 4.617990426557999,
  "42": 4.646411479779652,
  "43": 4.673461279724046,
  "44": 4.699139826391182,
  "45": 4.723447119781058,
  "46": 4.746383159893676,
  "47": 4.767947946729034,
  "48": 4.788141480287134,
  "49": 4.8069637605679745,
  "50": 4.824414787571557,
  "51": 4.840494561297881,
  "52": 4.855203081746945,
  "53": 4.86854034891875,
  "54": 4.880506362813296,
  "55": 4.891101123430584,
  "56": 4.900324630770614,
  "57": 4.9081768848333835,
  "58": 4.914657885618895,
  "59": 4.919767633127147,
  "60": 4.923506127358141,
  "61": 4.9258733683118745,
  "62": 4.926869355988352,
  "63": 4.926494090387568,
  "64": 4.924747571509526,
  "65": 4.921629799354225,
  "66": 4.917140773921665,
  "67": 4.911280495211847,
  "68": 4.904048963224769,
  "69": 4.895446177960434,
  "70": 4.885472139418839,
  "71": 4.874126847599984,
  "72": 4.861410302503872,
  "73": 4.847322504130499,
  "74": 4.831863452479869,
  "75": 4.815033147551979,
  "76": 4.796831589346831,
  "77": 4.777258777864425,
  "78": 4.756314713104758,
  "79": 4.733999395067833,
  "80": 4.710312823753649
}