{
  "19": 5.022424469377984,
  "20": 5.079939786472106,
  "21": 5.135497534239435,
  "22": 5.189097712679971,
  "23": 5.240740321793715,
  "24": 5.290425361580667,
  "25": 5.338152832040826,
  "26": 5.383922733174192,
  "27": 5.427735064980765,
  "28": 5.4695898274605455,
  "29": 5.509487020613534,
  "30": 5.547426644439729,
  "31": 5.583408698939132,
  "32": 5.617433184111743,
  "33": 5.649500099957559,
  "34": 5.679609446476584,
  "35": 5.707761223668816,
  "36": 5.733955431534256,
  "37": 5.758192070072903,
  "38": 5.780471139284757,
  "39": 5.80079263916982,
  "40": 5.819156569728088,
  "41": 5.835562930959565,
  "42": 5.850011722864249,
  "43": 5.862502945442141,
  "44": 5.873036598693239,
  "45": 5.881612682617545,
  "46": 5.888231197215059,
  "47": 5.892892142485779,
  "48": 5.895595518429708,
  "49": 5.896341325046842,
  "50": 5.895129562337185,
  "51": 5.891960230300736,
  "52": 5.886833328937493,
  "53": 5.879748858247458,
  "54": 5.870706818230629,
  "55": 5.85970720888701,
  "56": 5.8467500302165964,
  "57": 5.831835282219392,
  "58": 5.814962964895392,
  "59": 5.796133078244602,
  "60": 5.775345622267018,
  "61": 5.752600596962643,
  "62": 5.727898002331473,
  "63": 5.701237838373513,
  "64": 5.6726201050887575,
  "65": 5.642044802477212,
  "66": 5.609511930538871,
  "67": 5.57502148927374,
  "68": 5.538573478681815,
  "69": 5.500167898763099,
  "70": 5.459804749517588,
  "71": 5.417484030945286,
  "72": 5.37320574304619,
  "73": 5.326969885820303,
  "74": 5.278776459267622,
  "75": 5.22862546338815,
  "76": 5.176516898181883,
  "77": 5.122450763648826,
  "78": 5.066427059788974,
  "79": 5.008445786602331,
  "80": 4.948506944088894
}