{
  "19": 0.09469170237871781,
  "20": 0.09462696749686597,
  "21": 0.09455891287748329,
  "22": 0.09448753852056972,
  "23": 0.0944128444261253,
  "24": 0.09433483059415002,
  "25": 0.09425349702464388,
  "26": 0.09416884371760686,
  "27": 0.09408087067303898,
  "28": 0.09398957789094024,
  "29": 0.09389496537131065,
  "30": 0.09379703311415018,
  "31": 0.09369578111945885,
  "32": 0.09359120938723667,
  "33": 0.09348331791748361,
  "34": 0.09337210671019969,
  "35": 0.09325757576538492,
  "36": 0.09313972508303928,
  "37": 0.09301855466316276,
  "38": 0.0928940645057554,
  "39": 0.09276625461081717,
  "40": 0.09263512497834807,
  "41": 0.09250067560834811,
  "42": 0.09236290650081729,
  "43": 0.0922218176557556,
  "44": 0.09207740907316306,
  "45": 0.09192968075303964,
  "46": 0.09177863269538536,
  "47": 0.09162426490020023,
  "48": 0.09146657736748423,
  "49": 0.09130557009723736,
  "50": 0.09114124308945963,
  "51": 0.09097359634415104,
  "52": 0.09080262986131159,
  "53": 0.09062834364094127,
  "54": 0.09045073768304009,
  "55": 0.09026981198760804,
  "56": 0.09008556655464514,
  "57": 0.08989800138415137,
  "58": 0.08970711647612674,
  "59": 0.08951291183057124,
  "60": 0.08931538744748488,
  "61": 0.08911454332686766,
  "62": 0.08891037946871957,
  "63": 0.08870289587304063,
  "64": 0.08849209253983081,
  "65": 0.08827796946909014,
  "66": 0.0880605266608186,
  "67": 0.08783976411501619,
  "68": 0.08761568183168293,
  "69": 0.0873882798108188,
  "70": 0.08715755805242381,
  "71": 0.08692351655649795,
  "72": 0.08668615532304123,
  "73": 0.08644547435205366,
  "74": 0.08620147364353521,
  "75": 0.08595415319748591,
  "76": 0.08570351301390573,
  "77": 0.0854495530927947,
  "78": 0.08519227343415281,
  "79": 0.08493167403798005,
  "80": 0.08466775490427642
}