{
  "19": 9.118689079203751,
  "20": 9.108608485488263,
  "21": 9.098527891772774,
  "22": 9.088447298057286,
  "23": 9.078366704341796,
  "24": 9.068286110626309,
  "25": 9.058205516910819,
  "26": 9.048124923195331,
  "27": 9.038044329479842,
  "28": 9.027963735764354,
  "29": 9.017883142048865,
  "30": 9.007802548333377,
  "31": 8.997721954617887,
  "32": 8.9876413609024,
  "33": 8.97756076718691,
  "34": 8.967480173471422,
  "35": 8.957399579755933,
  "36": 8.947318986040445,
  "37": 8.937238392324955,
  "38": 8.927157798609468,
  "39": 8.917077204893978,
  "40": 8.90699661117849,
  "41": 8.896916017463,
  "42": 8.886835423747513,
  "43": 8.876754830032024,
  "44": 8.866674236316536,
  "45": 8.856593642601046,
  "46": 8.846513048885559,
  "47": 8.836432455170069,
  "48": 8.826351861454581,
  "49": 8.816271267739092,
  "50": 8.806190674023604,
  "51": 8.796110080308114,
  "52": 8.786029486592627,
  "53": 8.775948892877137,
  "54": 8.76586829916165,
  "55": 8.75578770544616,
  "56": 8.745707111730672,
  "57": 8.735626518015183,
  "58": 8.725545924299695,
  "59": 8.715465330584205,
  "60": 8.705384736868718,
  "61": 8.695304143153228,
  "62": 8.68522354943774,
  "63": 8.67514295572225,
  "64": 8.665062362006761,
  "65": 8.654981768291274,
  "66": 8.644901174575784,
  "67": 8.634820580860296,
  "68": 8.624739987144807,
  "69": 8.614659393429319,
  "70": 8.60457879971383,
  "71": 8.594498205998342,
  "72": 8.584417612282852,
  "73": 8.574337018567364,
  "74": 8.564256424851875,
  "75": 8.554175831136387,
  "76": 8.544095237420898,
  "77": 8.53401464370541,
  "78": 8.52393404998992,
  "79": 8.513853456274433,
  "80": 8.503772862558943
}