{
  "19": 0.0025368146614036927,
  "20": 0.002623766683300226,
  "21": 0.002706847067669944,
  "22": 0.002786055814512847,
  "23": 0.0028613929238289343,
  "24": 0.0029328583956182066,
  "25": 0.003000452229880664,
  "26": 0.0030641744266163063,
  "27": 0.0031240249858251333,
  "28": 0.003180003907507145,
  "29": 0.0032321111916623407,
  "30": 0.0032803468382907224,
  "31": 0.0033247108473922885,
  "32": 0.0033652032189670396,
  "33": 0.0034018239530149747,
  "34": 0.003434573049536095,
  "35": 0.003463450508530401,
  "36": 0.003488456329997891,
  "37": 0.003509590513938566,
  "38": 0.003526853060352425,
  "39": 0.0035402439692394697,
  "40": 0.003549763240599699,
  "41": 0.0035554108744331133,
  "42": 0.0035571868707397116,
  "43": 0.0035550912295194952,
  "44": 0.0035491239507724637,
  "45": 0.0035392850344986176,
  "46": 0.0035255744806979555,
  "47": 0.003507992289370478,
  "48": 0.0034865384605161868,
  "49": 0.0034612129941350785,
  "50": 0.003432015890227155,
  "51": 0.003398947148792418,
  "52": 0.0033620067698308643,
  "53": 0.003321194753342497,
  "54": 0.0032765110993273126,
  "55": 0.0032279558077853133,
  "56": 0.0031755288787165005,
  "57": 0.0031192303121208706,
  "58": 0.0030590601079984255,
  "59": 0.002995018266349167,
  "60": 0.0029271047871730917,
  "61": 0.002855319670470203,
  "62": 0.002779662916240497,
  "63": 0.002700134524483976,
  "64": 0.0026167344952006417,
  "65": 0.0025294628283904904,
  "66": 0.0024383195240535254,
  "67": 0.0023433045821897435,
  "68": 0.0022444180027991465,
  "69": 0.002141659785881736,
  "70": 0.0020350299314375086,
  "71": 0.001924528439466468,
  "72": 0.0018101553099686102,
  "73": 0.001691910542943937,
  "74": 0.0015697941383924507,
  "75": 0.0014438060963141474,
  "76": 0.0013139464167090304,
  "77": 0.0011802150995770967,
  "78": 0.0010426121449183476,
  "79": 0.0009011375527327852,
  "80": 0.0007557913230204058
}