{
  "19": 9.201595014145692,
  "20": 9.291738172491819,
  "21": 9.381881330837945,
  "22": 9.47202448918407,
  "23": 9.562167647530197,
  "24": 9.652310805876324,
  "25": 9.74245396422245,
  "26": 9.832597122568577,
  "27": 9.922740280914704,
  "28": 10.01288343926083,
  "29": 10.103026597606958,
  "30": 10.193169755953084,
  "31": 10.283312914299211,
  "32": 10.373456072645338,
  "33": 10.463599230991464,
  "34": 10.553742389337591,
  "35": 10.643885547683718,
  "36": 10.734028706029845,
  "37": 10.824171864375971,
  "38": 10.914315022722098,
  "39": 11.004458181068225,
  "40": 11.094601339414352,
  "41": 11.184744497760478,
  "42": 11.274887656106605,
  "43": 11.365030814452732,
  "44": 11.455173972798859,
  "45": 11.545317131144985,
  "46": 11.635460289491112,
  "47": 11.725603447837239,
  "48": 11.815746606183366,
  "49": 11.905889764529492,
  "50": 11.996032922875619,
  "51": 12.086176081221746,
  "52": 12.176319239567873,
  "53": 12.266462397914,
  "54": 12.356605556260126,
  "55": 12.446748714606253,
  "56": 12.53689187295238,
  "57": 12.627035031298506,
  "58": 12.717178189644633,
  "59": 12.80732134799076,
  "60": 12.897464506336886,
  "61": 12.987607664683013,
  "62": 13.07775082302914,
  "63": 13.167893981375267,
  "64": 13.258037139721392,
  "65": 13.348180298067518,
  "66": 13.438323456413645,
  "67": 13.528466614759772,
  "68": 13.618609773105899,
  "69": 13.708752931452025,
  "70": 13.798896089798152,
  "71": 13.889039248144279,
  "72": 13.979182406490406,
  "73": 14.069325564836532,
  "74": 14.159468723182659,
  "75": 14.249611881528786,
  "76": 14.339755039874913,
  "77": 14.42989819822104,
  "78": 14.520041356567166,
  "79": 14.610184514913293,
  "80": 14.70032767325942
}