{
  "19": 0.7507396267096254,
  "20": 0.7518743875489937,
  "21": 0.7529600090330685,
  "22": 0.7539964911618497,
  "23": 0.7549838339353375,
  "24": 0.7559220373535318,
  "25": 0.7568111014164325,
  "26": 0.7576510261240398,
  "27": 0.7584418114763534,
  "28": 0.7591834574733737,
  "29": 0.7598759641151004,
  "30": 0.7605193314015335,
  "31": 0.7611135593326731,
  "32": 0.7616586479085192,
  "33": 0.7621545971290719,
  "34": 0.762601406994331,
  "35": 0.7629990775042965,
  "36": 0.7633476086589686,
  "37": 0.7636470004583471,
  "38": 0.7638972529024322,
  "39": 0.7640983659912237,
  "40": 0.7642503397247217,
  "41": 0.7643531741029262,
  "42": 0.7644068691258372,
  "43": 0.7644114247934546,
  "44": 0.7643668411057786,
  "45": 0.764273118062809,
  "46": 0.7641302556645458,
  "47": 0.7639382539109892,
  "48": 0.7636971128021391,
  "49": 0.7634068323379954,
  "50": 0.7630674125185584,
  "51": 0.7626788533438277,
  "52": 0.7622411548138034,
  "53": 0.7617543169284857,
  "54": 0.7612183396878746,
  "55": 0.7606332230919697,
  "56": 0.7599989671407715,
  "57": 0.7593155718342798,
  "58": 0.7585830371724944,
  "59": 0.7578013631554157,
  "60": 0.7569705497830433,
  "61": 0.7560905970553774,
  "62": 0.7551615049724181,
  "63": 0.7541832735341653,
  "64": 0.7531559027406189,
  "65": 0.7520793925917789,
  "66": 0.7509537430876456,
  "67": 0.7497789542282187,
  "68": 0.7485550260134982,
  "69": 0.7472819584434842,
  "70": 0.7459597515181768,
  "71": 0.7445884052375757,
  "72": 0.7431679196016813,
  "73": 0.7416982946104933,
  "74": 0.7401795302640116,
  "75": 0.7386116265622366,
  "76": 0.7369945835051681,
  "77": 0.735328401092806,
  "78": 0.7336130793251503,
  "79": 0.7318486182022013,
  "80": 0.7300350177239585
}