{
  "19": 0.021877838228486518,
  "20": 0.022242498539684123,
  "21": 0.022597335935694116,
  "22": 0.022942350416516495,
  "23": 0.023277541982151262,
  "24": 0.023602910632598416,
  "25": 0.023918456367857954,
  "26": 0.024224179187929885,
  "27": 0.024520079092814194,
  "28": 0.024806156082510893,
  "29": 0.025082410157019983,
  "30": 0.025348841316341453,
  "31": 0.025605449560475318,
  "32": 0.025852234889421562,
  "33": 0.026089197303180194,
  "34": 0.026316336801751217,
  "35": 0.026533653385134626,
  "36": 0.026741147053330413,
  "37": 0.026938817806338597,
  "38": 0.027126665644159165,
  "39": 0.027304690566792113,
  "40": 0.027472892574237455,
  "41": 0.027631271666495184,
  "42": 0.0277798278435653,
  "43": 0.027918561105447794,
  "44": 0.028047471452142685,
  "45": 0.02816655888364996,
  "46": 0.028275823399969615,
  "47": 0.028375265001101664,
  "48": 0.028464883687046097,
  "49": 0.028544679457802914,
  "50": 0.028614652313372124,
  "51": 0.02867480225375372,
  "52": 0.0287251292789477,
  "53": 0.028765633388954062,
  "54": 0.028796314583772818,
  "55": 0.02881717286340396,
  "56": 0.02882820822784748,
  "57": 0.0288294206771034,
  "58": 0.0288208102111717,
  "59": 0.028802376830052382,
  "60": 0.028774120533745458,
  "61": 0.02873604132225092,
  "62": 0.028688139195568767,
  "63": 0.028630414153698998,
  "64": 0.02856286619664162,
  "65": 0.028485495324396627,
  "66": 0.028398301536964016,
  "67": 0.0283012848343438,
  "68": 0.028194445216535968,
  "69": 0.028077782683540522,
  "70": 0.02795129723535746,
  "71": 0.027814988871986787,
  "72": 0.027668857593428502,
  "73": 0.027512903399682598,
  "74": 0.027347126290749087,
  "75": 0.027171526266627964,
  "76": 0.026986103327319218,
  "77": 0.026790857472822865,
  "78": 0.026585788703138904,
  "79": 0.026370897018267326,
  "80": 0.026146182418208125
}