{
  "19": 0.1648763499813988,
  "20": 0.165335736711396,
  "21": 0.1657951234413932,
  "22": 0.1662545101713904,
  "23": 0.1667138969013876,
  "24": 0.16717328363138478,
  "25": 0.167632670361382,
  "26": 0.16809205709137917,
  "27": 0.16855144382137638,
  "28": 0.16901083055137356,
  "29": 0.16947021728137077,
  "30": 0.16992960401136797,
  "31": 0.17038899074136515,
  "32": 0.17084837747136236,
  "33": 0.17130776420135954,
  "34": 0.17176715093135675,
  "35": 0.17222653766135396,
  "36": 0.17268592439135114,
  "37": 0.17314531112134834,
  "38": 0.17360469785134552,
  "39": 0.17406408458134273,
  "40": 0.17452347131133994,
  "41": 0.17498285804133712,
  "42": 0.17544224477133433,
  "43": 0.1759016315013315,
  "44": 0.17636101823132871,
  "45": 0.1768204049613259,
  "46": 0.1772797916913231,
  "47": 0.1777391784213203,
  "48": 0.1781985651513175,
  "49": 0.1786579518813147,
  "50": 0.17911733861131188,
  "51": 0.17957672534130908,
  "52": 0.1800361120713063,
  "53": 0.18049549880130347,
  "54": 0.18095488553130068,
  "55": 0.18141427226129786,
  "56": 0.18187365899129507,
  "57": 0.18233304572129228,
  "58": 0.18279243245128945,
  "59": 0.18325181918128666,
  "60": 0.18371120591128384,
  "61": 0.18417059264128105,
  "62": 0.18462997937127823,
  "63": 0.18508936610127544,
  "64": 0.18554875283127265,
  "65": 0.18600813956126983,
  "66": 0.18646752629126703,
  "67": 0.1869269130212642,
  "68": 0.18738629975126142,
  "69": 0.18784568648125863,
  "70": 0.1883050732112558,
  "71": 0.18876445994125302,
  "72": 0.1892238466712502,
  "73": 0.1896832334012474,
  "74": 0.1901426201312446,
  "75": 0.1906020068612418,
  "76": 0.191061393591239,
  "77": 0.19152078032123618,
  "78": 0.19198016705123339,
  "79": 0.19243955378123057,
  "80": 0.19289894051122777
}