{
  "19": 27316.16669524774,
  "20": 27227.163218131067,
  "21": 27138.159741014395,
  "22": 27049.156263897723,
  "23": 26960.15278678105,
  "24": 26871.14930966438,
  "25": 26782.14583254771,
  "26": 26693.14235543104,
  "27": 26604.138878314367,
  "28": 26515.135401197695,
  "29": 26426.131924081023,
  "30": 26337.128446964354,
  "31": 26248.124969847682,
  "32": 26159.12149273101,
  "33": 26070.11801561434,
  "34": 25981.114538497666,
  "35": 25892.111061380998,
  "36": 25803.107584264326,
  "37": 25714.104107147654,
  "38": 25625.100630030982,
  "39": 25536.09715291431,
  "40": 25447.09367579764,
  "41": 25358.09019868097,
  "42": 25269.086721564297,
  "43": 25180.083244447625,
  "44": 25091.079767330953,
  "45": 25002.07629021428,
  "46": 24913.072813097613,
  "47": 24824.06933598094,
  "48": 24735.06585886427,
  "49": 24646.062381747597,
  "50": 24557.058904630925,
  "51": 24468.055427514257,
  "52": 24379.051950397585,
  "53": 24290.048473280913,
  "54": 24201.04499616424,
  "55": 24112.04151904757,
  "56": 24023.038041930897,
  "57": 23934.03456481423,
  "58": 23845.031087697556,
  "59": 23756.027610580884,
  "60": 23667.024133464212,
  "61": 23578.02065634754,
  "62": 23489.017179230872,
  "63": 23400.0137021142,
  "64": 23311.010224997528,
  "65": 23222.006747880856,
  "66": 23133.003270764184,
  "67": 23043.999793647516,
  "68": 22954.996316530844,
  "69": 22865.99283941417,
  "70": 22776.9893622975,
  "71": 22687.985885180828,
  "72": 22598.98240806416,
  "73": 22509.978930947487,
  "74": 22420.975453830815,
  "75": 22331.971976714143,
  "76": 22242.96849959747,
  "77": 22153.9650224808,
  "78": 22064.96154536413,
  "79": 21975.95806824746,
  "80": 21886.954591130787
}