{
  "19": 0.10313270675482472,
  "20": 0.10277850289908622,
  "21": 0.10242685983521832,
  "22": 0.102077777563221,
  "23": 0.10173125608309427,
  "24": 0.10138729539483815,
  "25": 0.10104589549845261,
  "26": 0.10070705639393768,
  "27": 0.10037077808129333,
  "28": 0.10003706056051959,
  "29": 0.09970590383161644,
  "30": 0.09937730789458388,
  "31": 0.09905127274942191,
  "32": 0.09872779839613054,
  "33": 0.09840688483470976,
  "34": 0.09808853206515958,
  "35": 0.09777274008747998,
  "36": 0.09745950890167099,
  "37": 0.0971488385077326,
  "38": 0.0968407289056648,
  "39": 0.09653518009546758,
  "40": 0.09623219207714097,
  "41": 0.09593176485068494,
  "42": 0.09563389841609951,
  "43": 0.09533859277338468,
  "44": 0.09504584792254045,
  "45": 0.0947556638635668,
  "46": 0.09446804059646376,
  "47": 0.0941829781212313,
  "48": 0.09390047643786943,
  "49": 0.09362053554637817,
  "50": 0.09334315544675749,
  "51": 0.09306833613900742,
  "52": 0.09279607762312793,
  "53": 0.09252637989911906,
  "54": 0.09225924296698076,
  "55": 0.09199466682671306,
  "56": 0.09173265147831595,
  "57": 0.09147319692178944,
  "58": 0.09121630315713353,
  "59": 0.09096197018434819,
  "60": 0.09071019800343348,
  "61": 0.09046098661438935,
  "62": 0.0902143360172158,
  "63": 0.08997024621191287,
  "64": 0.08972871719848051,
  "65": 0.08948974897691876,
  "66": 0.0892533415472276,
  "67": 0.08901949490940703,
  "68": 0.08878820906345705,
  "69": 0.08855948400937769,
  "70": 0.0883333197471689,
  "71": 0.08810971627683072,
  "72": 0.08788867359836311,
  "73": 0.08767019171176611,
  "74": 0.08745427061703971,
  "75": 0.08724091031418389,
  "76": 0.0870301108031987,
  "77": 0.08682187208408407,
  "78": 0.08661619415684003,
  "79": 0.0864130770214666,
  "80": 0.08621252067796377
}