{
  "19": 1.565304761774562,
  "20": 1.566651676450167,
  "21": 1.567998591125772,
  "22": 1.5693455058013768,
  "23": 1.5706924204769817,
  "24": 1.5720393351525868,
  "25": 1.5733862498281916,
  "26": 1.5747331645037965,
  "27": 1.5760800791794014,
  "28": 1.5774269938550063,
  "29": 1.5787739085306114,
  "30": 1.5801208232062163,
  "31": 1.5814677378818212,
  "32": 1.582814652557426,
  "33": 1.5841615672330311,
  "34": 1.585508481908636,
  "35": 1.586855396584241,
  "36": 1.5882023112598458,
  "37": 1.5895492259354507,
  "38": 1.5908961406110558,
  "39": 1.5922430552866607,
  "40": 1.5935899699622655,
  "41": 1.5949368846378704,
  "42": 1.5962837993134755,
  "43": 1.5976307139890804,
  "44": 1.5989776286646853,
  "45": 1.6003245433402902,
  "46": 1.6016714580158953,
  "47": 1.6030183726915002,
  "48": 1.604365287367105,
  "49": 1.60571220204271,
  "50": 1.6070591167183148,
  "51": 1.60840603139392,
  "52": 1.6097529460695248,
  "53": 1.6110998607451297,
  "54": 1.6124467754207346,
  "55": 1.6137936900963397,
  "56": 1.6151406047719445,
  "57": 1.6164875194475494,
  "58": 1.6178344341231543,
  "59": 1.6191813487987594,
  "60": 1.6205282634743643,
  "61": 1.6218751781499692,
  "62": 1.623222092825574,
  "63": 1.624569007501179,
  "64": 1.625915922176784,
  "65": 1.627262836852389,
  "66": 1.6286097515279938,
  "67": 1.6299566662035987,
  "68": 1.6313035808792038,
  "69": 1.6326504955548087,
  "70": 1.6339974102304136,
  "71": 1.6353443249060184,
  "72": 1.6366912395816235,
  "73": 1.6380381542572284,
  "74": 1.6393850689328333,
  "75": 1.6407319836084382,
  "76": 1.642078898284043,
  "77": 1.6434258129596482,
  "78": 1.644772727635253,
  "79": 1.646119642310858,
  "80": 1.6474665569864628
}