{
  "19": 13.830081517402439,
  "20": 13.876340528755607,
  "21": 13.920297260261327,
  "22": 13.961951711919598,
  "23": 14.00130388373042,
  "24": 14.038353775693794,
  "25": 14.073101387809722,
  "26": 14.1055467200782,
  "27": 14.135689772499228,
  "28": 14.16353054507281,
  "29": 14.189069037798944,
  "30": 14.212305250677629,
  "31": 14.233239183708864,
  "32": 14.251870836892653,
  "33": 14.268200210228994,
  "34": 14.282227303717885,
  "35": 14.293952117359328,
  "36": 14.303374651153325,
  "37": 14.310494905099873,
  "38": 14.31531287919897,
  "39": 14.31782857345062,
  "40": 14.318041987854823,
  "41": 14.315953122411576,
  "42": 14.311561977120885,
  "43": 14.304868551982741,
  "44": 14.29587284699715,
  "45": 14.284574862164112,
  "46": 14.270974597483622,
  "47": 14.255072052955686,
  "48": 14.236867228580303,
  "49": 14.216360124357474,
  "50": 14.193550740287193,
  "51": 14.168439076369463,
  "52": 14.141025132604286,
  "53": 14.11130890899166,
  "54": 14.079290405531587,
  "55": 14.044969622224064,
  "56": 14.008346559069095,
  "57": 13.96942121606668,
  "58": 13.928193593216813,
  "59": 13.884663690519497,
  "60": 13.838831507974733,
  "61": 13.79069704558252,
  "62": 13.740260303342861,
  "63": 13.687521281255753,
  "64": 13.632479979321197,
  "65": 13.575136397539195,
  "66": 13.515490535909743,
  "67": 13.45354239443284,
  "68": 13.389291973108492,
  "69": 13.322739271936694,
  "70": 13.253884290917448,
  "71": 13.182727030050753,
  "72": 13.109267489336613,
  "73": 13.033505668775023,
  "74": 12.955441568365984,
  "75": 12.875075188109497,
  "76": 12.79240652800556,
  "77": 12.707435588054176,
  "78": 12.620162368255343,
  "79": 12.530586868609063,
  "80": 12.438709089115338
}