{
  "19": 0.22090301076412328,
  "20": 0.22116405805382694,
  "21": 0.2214251053435306,
  "22": 0.22168615263323427,
  "23": 0.22194719992293793,
  "24": 0.2222082472126416,
  "25": 0.22246929450234526,
  "26": 0.22273034179204892,
  "27": 0.2229913890817526,
  "28": 0.22325243637145625,
  "29": 0.22351348366115992,
  "30": 0.22377453095086358,
  "31": 0.22403557824056725,
  "32": 0.2242966255302709,
  "33": 0.22455767281997455,
  "34": 0.2248187201096782,
  "35": 0.22507976739938187,
  "36": 0.22534081468908554,
  "37": 0.2256018619787892,
  "38": 0.22586290926849287,
  "39": 0.22612395655819653,
  "40": 0.2263850038479002,
  "41": 0.22664605113760386,
  "42": 0.22690709842730752,
  "43": 0.2271681457170112,
  "44": 0.22742919300671485,
  "45": 0.22769024029641852,
  "46": 0.22795128758612218,
  "47": 0.22821233487582585,
  "48": 0.2284733821655295,
  "49": 0.22873442945523317,
  "50": 0.22899547674493684,
  "51": 0.2292565240346405,
  "52": 0.22951757132434417,
  "53": 0.22977861861404783,
  "54": 0.2300396659037515,
  "55": 0.23030071319345516,
  "56": 0.23056176048315882,
  "57": 0.2308228077728625,
  "58": 0.23108385506256615,
  "59": 0.23134490235226982,
  "60": 0.23160594964197348,
  "61": 0.23186699693167714,
  "62": 0.2321280442213808,
  "63": 0.23238909151108447,
  "64": 0.23265013880078814,
  "65": 0.2329111860904918,
  "66": 0.23317223338019546,
  "67": 0.23343328066989913,
  "68": 0.2336943279596028,
  "69": 0.23395537524930646,
  "70": 0.23421642253901012,
  "71": 0.23447746982871379,
  "72": 0.23473851711841745,
  "73": 0.23499956440812111,
  "74": 0.23526061169782478,
  "75": 0.23552165898752844,
  "76": 0.2357827062772321,
  "77": 0.23604375356693577,
  "78": 0.23630480085663944,
  "79": 0.2365658481463431,
  "80": 0.23682689543604676
}