{
  "19": 5.0697569839135985,
  "20": 5.114696427098376,
  "21": 5.159635870283152,
  "22": 5.204575313467928,
  "23": 5.249514756652705,
  "24": 5.294454199837482,
  "25": 5.339393643022259,
  "26": 5.384333086207035,
  "27": 5.429272529391812,
  "28": 5.4742119725765885,
  "29": 5.519151415761365,
  "30": 5.564090858946142,
  "31": 5.609030302130918,
  "32": 5.653969745315695,
  "33": 5.698909188500472,
  "34": 5.743848631685249,
  "35": 5.788788074870025,
  "36": 5.833727518054801,
  "37": 5.8786669612395785,
  "38": 5.923606404424355,
  "39": 5.968545847609132,
  "40": 6.013485290793908,
  "41": 6.058424733978685,
  "42": 6.103364177163462,
  "43": 6.148303620348238,
  "44": 6.193243063533015,
  "45": 6.238182506717791,
  "46": 6.283121949902569,
  "47": 6.328061393087345,
  "48": 6.373000836272122,
  "49": 6.417940279456898,
  "50": 6.4628797226416745,
  "51": 6.507819165826452,
  "52": 6.552758609011228,
  "53": 6.597698052196005,
  "54": 6.642637495380781,
  "55": 6.687576938565559,
  "56": 6.732516381750335,
  "57": 6.777455824935111,
  "58": 6.822395268119888,
  "59": 6.8673347113046646,
  "60": 6.912274154489442,
  "61": 6.957213597674218,
  "62": 7.002153040858995,
  "63": 7.047092484043771,
  "64": 7.092031927228549,
  "65": 7.136971370413325,
  "66": 7.181910813598101,
  "67": 7.226850256782878,
  "68": 7.271789699967655,
  "69": 7.316729143152432,
  "70": 7.361668586337208,
  "71": 7.406608029521985,
  "72": 7.451547472706761,
  "73": 7.496486915891538,
  "74": 7.541426359076315,
  "75": 7.586365802261091,
  "76": 7.631305245445868,
  "77": 7.676244688630645,
  "78": 7.721184131815422,
  "79": 7.766123575000198,
  "80": 7.811063018184974
}