{
  "19": 0.9932761349651167,
  "20": 0.9932761349651167,
  "21": 0.9932761349651167,
  "22": 0.9932761349651167,
  "23": 0.9932761349651167,
  "24": 0.9932761349651167,
  "25": 0.9932761349651167,
  "26": 0.9932761349651167,
  "27": 0.9932761349651167,
  "28": 0.9932761349651167,
  "29": 0.9932761349651167,
  "30": 0.9932761349651167,
  "31": 0.9932761349651167,
  "32": 0.9932761349651167,
  "33": 0.9932761349651167,
  "34": 0.9932761349651167,
  "35": 0.9932761349651167,
  "36": 0.9932761349651167,
  "37": 0.9932761349651167,
  "38": 0.9932761349651167,
  "39": 0.9932761349651167,
  "40": 0.9932761349651167,
  "41": 0.9932761349651167,
  "42": 0.9932761349651167,
  "43": 0.9932761349651167,
  "44": 0.9932761349651167,
  "45": 0.9932761349651167,
  "46": 0.9932761349651167,
  "47": 0.9932761349651167,
  "48": 0.9932761349651167,
  "49": 0.9932761349651167,
  "50": 0.9932761349651167,
  "51": 0.9932761349651167,
  "52": 0.9932761349651167,
  "53": 0.9932761349651167,
  "54": 0.9932761349651167,
  "55": 0.9932761349651167,
  "56": 0.9932761349651167,
  "57": 0.9932761349651167,
  "58": 0.9932761349651167,
  "59": 0.9932761349651167,
  "60": 0.9932761349651167,
  "61": 0.9932761349651167,
  "62": 0.9932761349651167,
  "63": 0.9932761349651167,
  "64": 0.9932761349651167,
  "65": 0.9932761349651167,
  "66": 0.9932761349651167,
  "67": 0.9932761349651167,
  "68": 0.9932761349651167,
  "69": 0.9932761349651167,
  "70": 0.9932761349651167,
  "71": 0.9932761349651167,
  "72": 0.9932761349651167,
  "73": 0.9932761349651167,
  "74": 0.9932761349651167,
  "75": 0.9932761349651167,
  "76": 0.9932761349651167,
  "77": 0.9932761349651167,
  "78": 0.9932761349651167,
  "79": 0.9932761349651167,
  "80": 0.9932761349651167
}