{
  "19": 4.533335080357989,
  "20": 4.548705554200826,
  "21": 4.564864257471499,
  "22": 4.5818111901700105,
  "23": 4.59954635229636,
  "24": 4.618069743850548,
  "25": 4.637381364832573,
  "26": 4.657481215242435,
  "27": 4.678369295080135,
  "28": 4.700045604345673,
  "29": 4.72251014303905,
  "30": 4.745762911160263,
  "31": 4.7698039087093145,
  "32": 4.794633135686204,
  "33": 4.820250592090931,
  "34": 4.846656277923495,
  "35": 4.873850193183897,
  "36": 4.901832337872138,
  "37": 4.930602711988215,
  "38": 4.960161315532131,
  "39": 4.990508148503885,
  "40": 5.021643210903476,
  "41": 5.053566502730905,
  "42": 5.086278023986171,
  "43": 5.119777774669275,
  "44": 5.154065754780218,
  "45": 5.189141964318997,
  "46": 5.225006403285615,
  "47": 5.261659071680071,
  "48": 5.299099969502364,
  "49": 5.3373290967524945,
  "50": 5.376346453430464,
  "51": 5.41615203953627,
  "52": 5.456745855069914,
  "53": 5.498127900031396,
  "54": 5.540298174420715,
  "55": 5.583256678237873,
  "56": 5.627003411482868,
  "57": 5.671538374155701,
  "58": 5.716861566256371,
  "59": 5.76297298778488,
  "60": 5.8098726387412265,
  "61": 5.8575605191254105,
  "62": 5.906036628937432,
  "63": 5.9553009681772915,
  "64": 6.005353536844988,
  "65": 6.056194334940523,
  "66": 6.107823362463896,
  "67": 6.160240619415107,
  "68": 6.213446105794154,
  "69": 6.26743982160104,
  "70": 6.3222217668357645,
  "71": 6.377791941498326,
  "72": 6.434150345588725,
  "73": 6.491296979106962,
  "74": 6.549231842053036,
  "75": 6.607954934426949,
  "76": 6.667466256228699,
  "77": 6.727765807458287,
  "78": 6.788853588115712,
  "79": 6.850729598200976,
  "80": 6.913393837714077
}