{
  "19": 1185.2572857742175,
  "20": 1181.985402526844,
  "21": 1178.7135192794701,
  "22": 1175.4416360320963,
  "23": 1172.1697527847227,
  "24": 1168.8978695373492,
  "25": 1165.6259862899756,
  "26": 1162.354103042602,
  "27": 1159.0822197952282,
  "28": 1155.8103365478546,
  "29": 1152.538453300481,
  "30": 1149.2665700531074,
  "31": 1145.9946868057339,
  "32": 1142.72280355836,
  "33": 1139.4509203109865,
  "34": 1136.1790370636127,
  "35": 1132.907153816239,
  "36": 1129.6352705688655,
  "37": 1126.3633873214917,
  "38": 1123.0915040741181,
  "39": 1119.8196208267445,
  "40": 1116.547737579371,
  "41": 1113.2758543319974,
  "42": 1110.0039710846236,
  "43": 1106.73208783725,
  "44": 1103.4602045898764,
  "45": 1100.1883213425028,
  "46": 1096.916438095129,
  "47": 1093.6445548477554,
  "48": 1090.3726716003816,
  "49": 1087.100788353008,
  "50": 1083.8289051056345,
  "51": 1080.557021858261,
  "52": 1077.285138610887,
  "53": 1074.0132553635135,
  "54": 1070.74137211614,
  "55": 1067.4694888687661,
  "56": 1064.1976056213925,
  "57": 1060.925722374019,
  "58": 1057.6538391266454,
  "59": 1054.3819558792718,
  "60": 1051.110072631898,
  "61": 1047.8381893845244,
  "62": 1044.5663061371506,
  "63": 1041.294422889777,
  "64": 1038.0225396424034,
  "65": 1034.7506563950299,
  "66": 1031.4787731476563,
  "67": 1028.2068899002825,
  "68": 1024.935006652909,
  "69": 1021.6631234055352,
  "70": 1018.3912401581616,
  "71": 1015.1193569107879,
  "72": 1011.8474736634142,
  "73": 1008.5755904160407,
  "74": 1005.303707168667,
  "75": 1002.0318239212934,
  "76": 998.7599406739198,
  "77": 995.4880574265461,
  "78": 992.2161741791724,
  "79": 988.9442909317987,
  "80": 985.6724076844251
}