{
  "19": 0.03151822159575674,
  "20": 0.03177874231357304,
  "21": 0.03203926303138934,
  "22": 0.032299783749205634,
  "23": 0.03256030446702193,
  "24": 0.03282082518483823,
  "25": 0.03308134590265453,
  "26": 0.033341866620470825,
  "27": 0.033602387338287125,
  "28": 0.033862908056103425,
  "29": 0.03412342877391972,
  "30": 0.03438394949173602,
  "31": 0.03464447020955232,
  "32": 0.03490499092736861,
  "33": 0.03516551164518491,
  "34": 0.03542603236300121,
  "35": 0.03568655308081751,
  "36": 0.0359470737986338,
  "37": 0.0362075945164501,
  "38": 0.0364681152342664,
  "39": 0.03672863595208269,
  "40": 0.03698915666989899,
  "41": 0.03724967738771529,
  "42": 0.03751019810553159,
  "43": 0.037770718823347885,
  "44": 0.038031239541164184,
  "45": 0.038291760258980484,
  "46": 0.03855228097679678,
  "47": 0.038812801694613076,
  "48": 0.039073322412429376,
  "49": 0.03933384313024567,
  "50": 0.03959436384806197,
  "51": 0.03985488456587827,
  "52": 0.04011540528369457,
  "53": 0.04037592600151086,
  "54": 0.04063644671932716,
  "55": 0.04089696743714346,
  "56": 0.04115748815495975,
  "57": 0.04141800887277605,
  "58": 0.04167852959059235,
  "59": 0.041939050308408644,
  "60": 0.042199571026224944,
  "61": 0.042460091744041244,
  "62": 0.04272061246185754,
  "63": 0.042981133179673836,
  "64": 0.043241653897490136,
  "65": 0.043502174615306435,
  "66": 0.04376269533312273,
  "67": 0.04402321605093903,
  "68": 0.04428373676875533,
  "69": 0.04454425748657163,
  "70": 0.04480477820438792,
  "71": 0.04506529892220422,
  "72": 0.04532581964002052,
  "73": 0.04558634035783681,
  "74": 0.04584686107565311,
  "75": 0.04610738179346941,
  "76": 0.046367902511285704,
  "77": 0.046628423229102,
  "78": 0.0468889439469183,
  "79": 0.0471494646647346,
  "80": 0.047409985382550895
}