{
  "19": 12.030852682682452,
  "20": 12.136117593166414,
  "21": 12.241382503650376,
  "22": 12.346647414134338,
  "23": 12.4519123246183,
  "24": 12.557177235102262,
  "25": 12.662442145586224,
  "26": 12.767707056070186,
  "27": 12.872971966554148,
  "28": 12.97823687703811,
  "29": 13.083501787522072,
  "30": 13.188766698006035,
  "31": 13.294031608489997,
  "32": 13.399296518973959,
  "33": 13.504561429457919,
  "34": 13.60982633994188,
  "35": 13.715091250425843,
  "36": 13.820356160909805,
  "37": 13.925621071393767,
  "38": 14.030885981877729,
  "39": 14.136150892361691,
  "40": 14.241415802845653,
  "41": 14.346680713329615,
  "42": 14.451945623813577,
  "43": 14.557210534297539,
  "44": 14.662475444781501,
  "45": 14.767740355265463,
  "46": 14.873005265749425,
  "47": 14.978270176233387,
  "48": 15.08353508671735,
  "49": 15.188799997201311,
  "50": 15.294064907685273,
  "51": 15.399329818169235,
  "52": 15.504594728653197,
  "53": 15.60985963913716,
  "54": 15.715124549621121,
  "55": 15.820389460105083,
  "56": 15.925654370589045,
  "57": 16.030919281073007,
  "58": 16.13618419155697,
  "59": 16.24144910204093,
  "60": 16.346714012524895,
  "61": 16.451978923008856,
  "62": 16.55724383349282,
  "63": 16.66250874397678,
  "64": 16.76777365446074,
  "65": 16.873038564944704,
  "66": 16.978303475428664,
  "67": 17.083568385912628,
  "68": 17.188833296396588,
  "69": 17.29409820688055,
  "70": 17.399363117364512,
  "71": 17.504628027848476,
  "72": 17.609892938332436,
  "73": 17.7151578488164,
  "74": 17.82042275930036,
  "75": 17.925687669784324,
  "76": 18.030952580268284,
  "77": 18.136217490752248,
  "78": 18.24148240123621,
  "79": 18.346747311720172,
  "80": 18.452012222204132
}