{
  "19": 36.11247910081529,
  "20": 36.22792373302914,
  "21": 36.34336836524298,
  "22": 36.45881299745682,
  "23": 36.57425762967066,
  "24": 36.689702261884506,
  "25": 36.80514689409835,
  "26": 36.920591526312194,
  "27": 37.03603615852604,
  "28": 37.15148079073988,
  "29": 37.26692542295372,
  "30": 37.38237005516756,
  "31": 37.49781468738141,
  "32": 37.61325931959525,
  "33": 37.728703951809095,
  "34": 37.84414858402294,
  "35": 37.959593216236776,
  "36": 38.07503784845062,
  "37": 38.190482480664464,
  "38": 38.30592711287831,
  "39": 38.42137174509215,
  "40": 38.536816377305996,
  "41": 38.65226100951983,
  "42": 38.76770564173368,
  "43": 38.88315027394752,
  "44": 38.998594906161365,
  "45": 39.11403953837521,
  "46": 39.22948417058905,
  "47": 39.34492880280289,
  "48": 39.460373435016734,
  "49": 39.57581806723058,
  "50": 39.69126269944442,
  "51": 39.80670733165827,
  "52": 39.92215196387211,
  "53": 40.037596596085955,
  "54": 40.15304122829979,
  "55": 40.268485860513636,
  "56": 40.38393049272748,
  "57": 40.499375124941324,
  "58": 40.61481975715517,
  "59": 40.73026438936901,
  "60": 40.84570902158285,
  "61": 40.96115365379669,
  "62": 41.07659828601054,
  "63": 41.19204291822438,
  "64": 41.307487550438225,
  "65": 41.42293218265207,
  "66": 41.538376814865906,
  "67": 41.65382144707975,
  "68": 41.769266079293594,
  "69": 41.88471071150744,
  "70": 42.00015534372128,
  "71": 42.115599975935126,
  "72": 42.23104460814896,
  "73": 42.34648924036281,
  "74": 42.46193387257665,
  "75": 42.577378504790495,
  "76": 42.69282313700434,
  "77": 42.80826776921818,
  "78": 42.92371240143203,
  "79": 43.039157033645864,
  "80": 43.15460166585971
}