{
  "19": 339.8369689771835,
  "20": 338.89885461249656,
  "21": 337.9607402478096,
  "22": 337.0226258831226,
  "23": 336.08451151843565,
  "24": 335.14639715374864,
  "25": 334.2082827890617,
  "26": 333.27016842437473,
  "27": 332.3320540596878,
  "28": 331.39393969500077,
  "29": 330.4558253303138,
  "30": 329.5177109656268,
  "31": 328.5795966009399,
  "32": 327.6414822362529,
  "33": 326.70336787156594,
  "34": 325.76525350687893,
  "35": 324.827139142192,
  "36": 323.88902477750497,
  "37": 322.9509104128181,
  "38": 322.01279604813107,
  "39": 321.07468168344406,
  "40": 320.1365673187571,
  "41": 319.1984529540701,
  "42": 318.2603385893832,
  "43": 317.3222242246962,
  "44": 316.38410986000923,
  "45": 315.4459954953222,
  "46": 314.50788113063527,
  "47": 313.56976676594826,
  "48": 312.63165240126136,
  "49": 311.69353803657435,
  "50": 310.7554236718874,
  "51": 309.8173093072004,
  "52": 308.87919494251344,
  "53": 307.9410805778265,
  "54": 307.00296621313953,
  "55": 306.0648518484525,
  "56": 305.12673748376557,
  "57": 304.18862311907856,
  "58": 303.25050875439155,
  "59": 302.31239438970465,
  "60": 301.37428002501764,
  "61": 300.4361656603307,
  "62": 299.4980512956437,
  "63": 298.5599369309567,
  "64": 297.62182256626977,
  "65": 296.6837082015828,
  "66": 295.7455938368958,
  "67": 294.80747947220885,
  "68": 293.86936510752184,
  "69": 292.9312507428349,
  "70": 291.99313637814794,
  "71": 291.055022013461,
  "72": 290.116907648774,
  "73": 289.178793284087,
  "74": 288.2406789194,
  "75": 287.30256455471306,
  "76": 286.3644501900261,
  "77": 285.4263358253391,
  "78": 284.48822146065214,
  "79": 283.55010709596513,
  "80": 282.6119927312782
}