{
  "19": -0.0049075385423810345,
  "20": -0.00487411898697751,
  "21": -0.00483898560821996,
  "22": -0.004802138406108382,
  "23": -0.0047635773806427775,
  "24": -0.004723302531823147,
  "25": -0.004681313859649488,
  "26": -0.004637611364121803,
  "27": -0.004592195045240091,
  "28": -0.004545064903004352,
  "29": -0.0044962209374145865,
  "30": -0.004445663148470794,
  "31": -0.004393391536172975,
  "32": -0.004339406100521128,
  "33": -0.004283706841515255,
  "34": -0.004226293759155355,
  "35": -0.004167166853441428,
  "36": -0.004106326124373475,
  "37": -0.004043771571951494,
  "38": -0.003979503196175486,
  "39": -0.003913520997045452,
  "40": -0.0038458249745613906,
  "41": -0.0037764151287233024,
  "42": -0.0037052914595311873,
  "43": -0.0036324539669850458,
  "44": -0.003557902651084877,
  "45": -0.0034816375118306812,
  "46": -0.0034036585492224587,
  "47": -0.0033239657632602097,
  "48": -0.0032425591539439334,
  "49": -0.0031594387212736303,
  "50": -0.0030746044652493003,
  "51": -0.0029880563858709435,
  "52": -0.0028997944831385602,
  "53": -0.0028098187570521497,
  "54": -0.0027181292076117122,
  "55": -0.002624725834817248,
  "56": -0.002529608638668757,
  "57": -0.002432777619166239,
  "58": -0.002334232776309694,
  "59": -0.002233974110099122,
  "60": -0.0021320016205345236,
  "61": -0.002028315307615898,
  "62": -0.0019229151713432459,
  "63": -0.0018158012117165667,
  "64": -0.0017069734287358607,
  "65": -0.0015964318224011278,
  "66": -0.001484176392712368,
  "67": -0.0013702071396695813,
  "68": -0.0012545240632727678,
  "69": -0.0011371271635219275,
  "70": -0.0010180164404170603,
  "71": -0.0008971918939581662,
  "72": -0.0007746535241452451,
  "73": -0.0006504013309782973,
  "74": -0.0005244353144573226,
  "75": -0.00039675547458232097,
  "76": -0.0002673618113532925,
  "77": -0.00013625432477023725,
  "78": -3.4330148331550544e-06,
  "79": 0.000131102118457954,
  "80": 0.0002673510751030899
}