{
  "19": 0.818478846058429,
  "20": 0.8205093631174337,
  "21": 0.8224646922719215,
  "22": 0.8243448335218927,
  "23": 0.826149786867347,
  "24": 0.8278795523082844,
  "25": 0.8295341298447051,
  "26": 0.8311135194766089,
  "27": 0.8326177212039959,
  "28": 0.8340467350268661,
  "29": 0.8354005609452194,
  "30": 0.8366791989590562,
  "31": 0.8378826490683758,
  "32": 0.8390109112731788,
  "33": 0.840063985573465,
  "34": 0.8410418719692342,
  "35": 0.8419445704604868,
  "36": 0.8427720810472225,
  "37": 0.8435244037294414,
  "38": 0.8442015385071434,
  "39": 0.8448034853803286,
  "40": 0.8453302443489972,
  "41": 0.8457818154131487,
  "42": 0.8461581985727835,
  "43": 0.8464593938279015,
  "44": 0.8466854011785027,
  "45": 0.846836220624587,
  "46": 0.8469118521661546,
  "47": 0.8469122958032054,
  "48": 0.8468375515357393,
  "49": 0.8466876193637564,
  "50": 0.8464624992872566,
  "51": 0.8461621913062402,
  "52": 0.8457866954207068,
  "53": 0.8453360116306566,
  "54": 0.8448101399360897,
  "55": 0.8442090803370058,
  "56": 0.8435328328334053,
  "57": 0.8427813974252879,
  "58": 0.8419547741126537,
  "59": 0.8410529628955027,
  "60": 0.8400759637738348,
  "61": 0.83902377674765,
  "62": 0.8378964018169487,
  "63": 0.8366938389817303,
  "64": 0.8354160882419952,
  "65": 0.8340631495977433,
  "66": 0.8326350230489745,
  "67": 0.8311317085956891,
  "68": 0.8295532062378866,
  "69": 0.8278995159755675,
  "70": 0.8261706378087317,
  "71": 0.8243665717373787,
  "72": 0.8224873177615092,
  "73": 0.8205328758811226,
  "74": 0.8185032460962195,
  "75": 0.8163984284067994,
  "76": 0.8142184228128625,
  "77": 0.8119632293144089,
  "78": 0.8096328479114382,
  "79": 0.807227278603951,
  "80": 0.8047465213919469
}